,Location,Year,Production (mt),Area (ha),Yield (mt/ha)
0,ABRA,1990,7,5,1.4
1,BENGUET,1990,184,153,1.202614379
2,IFUGAO,1990,2253,2707,0.832286664
3,KALINGA,1990,2570,1688,1.522511848
4,MOUNTAIN PROVINCE,1990,362,1000,0.362
5,ILOCOS NORTE,1990,1,7,0.142857143
6,ILOCOS SUR,1990,21,41,0.512195122
7,LA UNION,1990,2,2,1
8,PANGASINAN,1990,4,5,0.8
9,CAGAYAN,1990,7,52,0.134615385
10,ISABELA,1990,65,110,0.590909091
11,NUEVA VIZCAYA,1990,480,1479,0.324543611
12,QUIRINO,1990,65,533,0.12195122
13,AURORA,1990,503,1132,0.44434629
14,BATAAN,1990,135,368,0.366847826
15,BULACAN,1990,1800,900,2
16,PAMPANGA,1990,11,4,2.75
17,BATANGAS,1990,4322,2934,1.473074301
18,CAVITE,1990,11036,9167,1.203883495
19,LAGUNA,1990,386,714,0.540616246
20,QUEZON,1990,170,425,0.4
21,RIZAL,1990,175,73,2.397260274
22,MARINDUQUE,1990,12,9,1.333333333
23,ORIENTAL MINDORO,1990,1469,1000,1.469
24,PALAWAN,1990,31,126,0.246031746
25,ROMBLON,1990,2,12,0.166666667
26,ALBAY,1990,116,192,0.604166667
27,CAMARINES NORTE,1990,178,247,0.720647773
28,CAMARINES SUR,1990,463,943,0.490986214
29,SORSOGON,1990,198,369,0.536585366
30,AKLAN,1990,13,62,0.209677419
31,ANTIQUE,1990,27,25,1.08
32,CAPIZ,1990,2101,2086,1.007190796
33,GUIMARAS,1990,1,16,0.0625
34,ILOILO,1990,2047,3894,0.525680534
35,NEGROS OCCIDENTAL,1990,2141,2897,0.739040387
36,BOHOL,1990,18,108.4571429,0.165964173
37,CEBU,1990,7,11,0.636363636
38,NEGROS ORIENTAL,1990,596,895,0.665921788
39,EASTERN SAMAR,1990,6,4,1.5
40,LEYTE,1990,21,23,0.913043478
41,SAMAR,1990,4,7,0.571428571
42,SOUTHERN LEYTE,1990,173,255,0.678431373
43,ABRA,1991,6,5,1.2
44,BENGUET,1991,184,153,1.202614379
45,IFUGAO,1991,1987,2571,0.772851031
46,KALINGA,1991,2705,1843,1.467715681
47,MOUNTAIN PROVINCE,1991,362,1050,0.344761905
48,ILOCOS NORTE,1991,1,7,0.142857143
49,ILOCOS SUR,1991,21,41,0.512195122
50,LA UNION,1991,3,2,1.5
51,PANGASINAN,1991,4,5,0.8
52,CAGAYAN,1991,7,52,0.134615385
53,ISABELA,1991,68,115,0.591304348
54,NUEVA VIZCAYA,1991,480,1479,0.324543611
55,QUIRINO,1991,73,532,0.137218045
56,AURORA,1991,625,1169,0.534644996
57,BATAAN,1991,80,300,0.266666667
58,BULACAN,1991,1697,857,1.980163361
59,PAMPANGA,1991,5,4,1.25
60,BATANGAS,1991,4386,2945,1.489303905
61,CAVITE,1991,9846,8104,1.214955577
62,LAGUNA,1991,355,714,0.49719888
63,QUEZON,1991,172,450,0.382222222
64,RIZAL,1991,175,70,2.5
65,MARINDUQUE,1991,12,9,1.333333333
66,ORIENTAL MINDORO,1991,1267,910,1.392307692
67,PALAWAN,1991,30,127,0.236220472
68,ROMBLON,1991,1,8,0.125
69,ALBAY,1991,138,208,0.663461538
70,CAMARINES NORTE,1991,165,237,0.696202532
71,CAMARINES SUR,1991,500,940,0.531914894
72,SORSOGON,1991,207,373,0.554959786
73,AKLAN,1991,12,58,0.206896552
74,ANTIQUE,1991,25,25,1
75,CAPIZ,1991,2076,2062,1.006789525
76,GUIMARAS,1991,1,17,0.058823529
77,ILOILO,1991,2033,3881,0.523834063
78,NEGROS OCCIDENTAL,1991,2237,2897,0.772178115
79,BOHOL,1991,12,104,0.115384615
80,CEBU,1991,6,11,0.545454545
81,NEGROS ORIENTAL,1991,568,895,0.634636872
82,EASTERN SAMAR,1991,5,3,1.666666667
83,LEYTE,1991,21,24,0.875
84,SAMAR,1991,4,7,0.571428571
85,SOUTHERN LEYTE,1991,113,166,0.680722892
86,ABRA,1992,6,5,1.2
87,BENGUET,1992,164,138,1.188405797
88,IFUGAO,1992,1825,2630,0.69391635
89,KALINGA,1992,2459,1843,1.334237656
90,MOUNTAIN PROVINCE,1992,362,1100,0.329090909
91,ILOCOS NORTE,1992,1,7,0.142857143
92,ILOCOS SUR,1992,22,42,0.523809524
93,LA UNION,1992,3,2,1.5
94,PANGASINAN,1992,4,5,0.8
95,CAGAYAN,1992,8,53,0.150943396
96,ISABELA,1992,119,119,1
97,NUEVA VIZCAYA,1992,482,1479,0.325895876
98,QUIRINO,1992,90,532,0.169172932
99,AURORA,1992,602,1197,0.502923977
100,BATAAN,1992,57,297,0.191919192
101,BULACAN,1992,1675,846,1.979905437
102,PAMPANGA,1992,3,4,0.75
103,BATANGAS,1992,4702,2957,1.590125127
104,CAVITE,1992,12893,8096,1.592514822
105,LAGUNA,1992,354,712,0.497191011
106,QUEZON,1992,170,460,0.369565217
107,RIZAL,1992,175,70,2.5
108,MARINDUQUE,1992,8,8,1
109,ORIENTAL MINDORO,1992,1191,890,1.338202247
110,PALAWAN,1992,30,126,0.238095238
111,ROMBLON,1992,1,8,0.125
112,ALBAY,1992,161,219,0.735159817
113,CAMARINES NORTE,1992,155,223,0.695067265
114,CAMARINES SUR,1992,500,939,0.532481363
115,SORSOGON,1992,246,373,0.659517426
116,AKLAN,1992,12,58,0.206896552
117,ANTIQUE,1992,25,26,0.961538462
118,CAPIZ,1992,2026,2062,0.982541222
119,GUIMARAS,1992,2,17,0.117647059
120,ILOILO,1992,2361,3881,0.608348364
121,NEGROS OCCIDENTAL,1992,2063,2930,0.704095563
122,BOHOL,1992,13,103.7410072,0.125312067
123,CEBU,1992,6,11,0.545454545
124,NEGROS ORIENTAL,1992,567,889,0.637795276
125,EASTERN SAMAR,1992,2,3,0.666666667
126,LEYTE,1992,20,24,0.833333333
127,SAMAR,1992,4,7,0.571428571
128,SOUTHERN LEYTE,1992,109,159,0.685534591
129,ABRA,1993,6,5,1.2
130,BENGUET,1993,83,71,1.169014085
131,IFUGAO,1993,1833,2521,0.727092424
132,KALINGA,1993,2440,1843,1.323928378
133,MOUNTAIN PROVINCE,1993,467,1100,0.424545455
134,ILOCOS NORTE,1993,1,8,0.125
135,ILOCOS SUR,1993,22,42,0.523809524
136,LA UNION,1993,3,3,1
137,PANGASINAN,1993,3,3,1
138,CAGAYAN,1993,8,53,0.150943396
139,ISABELA,1993,176,128,1.375
140,NUEVA VIZCAYA,1993,531,1760,0.301704545
141,QUIRINO,1993,89,530,0.167924528
142,AURORA,1993,609,1181,0.515664691
143,BATAAN,1993,56,290,0.193103448
144,BULACAN,1993,1635,826,1.979418886
145,PAMPANGA,1993,3,4,0.75
146,BATANGAS,1993,4449,2955,1.505583756
147,CAVITE,1993,10844,7765,1.396522859
148,LAGUNA,1993,350,710,0.492957746
149,QUEZON,1993,173,479,0.361169102
150,RIZAL,1993,175,65,2.692307692
151,MARINDUQUE,1993,6,8,0.75
152,ORIENTAL MINDORO,1993,1113,850,1.309411765
153,PALAWAN,1993,30,246,0.12195122
154,ROMBLON,1993,1,8,0.125
155,ALBAY,1993,173,238,0.726890756
156,CAMARINES NORTE,1993,150,212,0.70754717
157,CAMARINES SUR,1993,461,938,0.491471215
158,SORSOGON,1993,249,366,0.680327869
159,AKLAN,1993,13,60,0.216666667
160,ANTIQUE,1993,25,26,0.961538462
161,CAPIZ,1993,1960,2050,0.956097561
162,GUIMARAS,1993,1,17,0.058823529
163,ILOILO,1993,2362,3868,0.610651499
164,NEGROS OCCIDENTAL,1993,1946,2834,0.686661962
165,BOHOL,1993,12,103,0.116504854
166,CEBU,1993,6,11,0.545454545
167,NEGROS ORIENTAL,1993,567,880,0.644318182
168,EASTERN SAMAR,1993,2,3,0.666666667
169,LEYTE,1993,20,25,0.8
170,SAMAR,1993,4,7,0.571428571
171,SOUTHERN LEYTE,1993,54,79,0.683544304
172,ABRA,1994,6,5.00100005,1.199760036
173,BENGUET,1994,81,70,1.157142857
174,IFUGAO,1994,1737,2517.47795,0.689976252
175,KALINGA,1994,2549,2480,1.027822581
176,MOUNTAIN PROVINCE,1994,503,1150,0.437391304
177,ILOCOS NORTE,1994,1,8,0.125
178,ILOCOS SUR,1994,27,53,0.509433962
179,LA UNION,1994,3,3,1
180,PANGASINAN,1994,2,3.0003,0.666600007
181,CAGAYAN,1994,7,56,0.125
182,ISABELA,1994,206,145,1.420689655
183,NUEVA VIZCAYA,1994,590,1760,0.335227273
184,QUIRINO,1994,90,530,0.169811321
185,AURORA,1994,588,1116,0.52688172
186,BATAAN,1994,57,280,0.203571429
187,BULACAN,1994,1584,800,1.98
188,PAMPANGA,1994,3,4,0.75
189,BATANGAS,1994,3843,2940,1.307142857
190,CAVITE,1994,10074,7765,1.297359948
191,LAGUNA,1994,347,707,0.490806223
192,QUEZON,1994,166,489,0.339468303
193,RIZAL,1994,175,64,2.734375
194,MARINDUQUE,1994,4,8,0.5
195,ORIENTAL MINDORO,1994,552,630,0.876190476
196,PALAWAN,1994,30,251,0.119521912
197,ROMBLON,1994,1,8,0.125
198,ALBAY,1994,178,293,0.607508532
199,CAMARINES NORTE,1994,150,215,0.697674419
200,CAMARINES SUR,1994,304,915,0.332240437
201,SORSOGON,1994,296,370,0.8
202,AKLAN,1994,13,60,0.216666667
203,ANTIQUE,1994,26,26,1
204,CAPIZ,1994,2098,2090,1.003827751
205,GUIMARAS,1994,2,17,0.117647059
206,ILOILO,1994,2377,3868,0.614529473
207,NEGROS OCCIDENTAL,1994,1949,2834,0.687720536
208,BOHOL,1994,16,100.7769784,0.158766419
209,CEBU,1994,6,11,0.545454545
210,NEGROS ORIENTAL,1994,562,868,0.647465438
211,BILIRAN,1994,2,2,1
212,EASTERN SAMAR,1994,2,2.8,0.714285714
213,LEYTE,1994,19,25,0.76
214,SAMAR,1994,4,6,0.666666667
215,SOUTHERN LEYTE,1994,51,78,0.653846154
216,ABRA,1995,6,5.00150015,1.199640072
217,BENGUET,1995,79,68,1.161764706
218,IFUGAO,1995,1352,2512.579894,0.538092342
219,KALINGA,1995,2472,2748,0.899563319
220,MOUNTAIN PROVINCE,1995,504,1200,0.42
221,ILOCOS NORTE,1995,1,8,0.125
222,ILOCOS SUR,1995,28,53,0.528301887
223,LA UNION,1995,3,3,1
224,PANGASINAN,1995,2,3.00060003,0.666533353
225,CAGAYAN,1995,7,61,0.114754098
226,ISABELA,1995,275,173,1.589595376
227,NUEVA VIZCAYA,1995,628,1760,0.356818182
228,QUIRINO,1995,95,528,0.179924242
229,AURORA,1995,634,1025,0.618536585
230,BATAAN,1995,59,240,0.245833333
231,BULACAN,1995,1485,750,1.98
232,PAMPANGA,1995,3,4,0.75
233,BATANGAS,1995,3966,2932,1.3526603
234,CAVITE,1995,12056,7758,1.554008765
235,LAGUNA,1995,288,705,0.408510638
236,QUEZON,1995,166,590,0.281355932
237,RIZAL,1995,175,64,2.734375
238,MARINDUQUE,1995,4,8,0.5
239,ORIENTAL MINDORO,1995,468,540,0.866666667
240,PALAWAN,1995,31,290,0.106896552
241,ROMBLON,1995,0.5,8,0.0625
242,ALBAY,1995,182,304,0.598684211
243,CAMARINES NORTE,1995,95,220,0.431818182
244,CAMARINES SUR,1995,375,915,0.409836066
245,SORSOGON,1995,159,381,0.417322835
246,AKLAN,1995,14,61,0.229508197
247,ANTIQUE,1995,26,26,1
248,CAPIZ,1995,2086,2090,0.998086124
249,GUIMARAS,1995,1,17,0.058823529
250,ILOILO,1995,2310,3848,0.60031185
251,NEGROS OCCIDENTAL,1995,1967,2834,0.694071983
252,BOHOL,1995,16,89.97204752,0.17783301
253,CEBU,1995,6,11,0.545454545
254,NEGROS ORIENTAL,1995,558,855,0.652631579
255,BILIRAN,1995,2,2,1
256,EASTERN SAMAR,1995,3,2,1.5
257,LEYTE,1995,22,26,0.846153846
258,SAMAR,1995,4,5,0.8
259,SOUTHERN LEYTE,1995,53,74,0.716216216
260,ABRA,1996,6,5.00150015,1.199640072
261,BENGUET,1996,68,60,1.133333333
262,IFUGAO,1996,1190,2375.173181,0.501016098
263,KALINGA,1996,2197,3090,0.711003236
264,MOUNTAIN PROVINCE,1996,507,1200,0.4225
265,ILOCOS NORTE,1996,1,8,0.125
266,ILOCOS SUR,1996,28,54,0.518518519
267,LA UNION,1996,3,4,0.75
268,PANGASINAN,1996,2,3,0.666666667
269,CAGAYAN,1996,5,58,0.086206897
270,ISABELA,1996,298,186,1.602150538
271,NUEVA VIZCAYA,1996,621,1657,0.374773687
272,QUIRINO,1996,103,528,0.195075758
273,AURORA,1996,504,863,0.58400927
274,BATAAN,1996,69,240,0.2875
275,BULACAN,1996,1314,730,1.8
276,PAMPANGA,1996,1,4,0.25
277,BATANGAS,1996,3945,2939,1.342293297
278,CAVITE,1996,8885,7730,1.149417853
279,LAGUNA,1996,273,704,0.387784091
280,QUEZON,1996,83,555,0.14954955
281,RIZAL,1996,82,52,1.576923077
282,MARINDUQUE,1996,4,8,0.5
283,ORIENTAL MINDORO,1996,355,413,0.859564165
284,PALAWAN,1996,55,275,0.2
285,ROMBLON,1996,0.5,8,0.0625
286,ALBAY,1996,167,312,0.53525641
287,CAMARINES NORTE,1996,0,139,0
288,CAMARINES SUR,1996,294,896,0.328125
289,SORSOGON,1996,226,397,0.569269521
290,AKLAN,1996,14,55,0.254545455
291,ANTIQUE,1996,26,26,1
292,CAPIZ,1996,2059,2060,0.999514563
293,GUIMARAS,1996,2,18,0.111111111
294,ILOILO,1996,2298,3848,0.597193347
295,NEGROS OCCIDENTAL,1996,1141,2792,0.408667622
296,BOHOL,1996,16,23,0.695652174
297,CEBU,1996,6,11,0.545454545
298,NEGROS ORIENTAL,1996,559,847,0.659976387
299,BILIRAN,1996,2,2,1
300,EASTERN SAMAR,1996,3,2,1.5
301,LEYTE,1996,23,26,0.884615385
302,SAMAR,1996,4,5,0.8
303,SOUTHERN LEYTE,1996,53,71,0.746478873
304,ABRA,1997,7,5,1.4
305,APAYAO,1997,31,62,0.5
306,BENGUET,1997,71,60,1.183333333
307,IFUGAO,1997,1300,2516,0.516693164
308,KALINGA,1997,2208,2055,1.074452555
309,MOUNTAIN PROVINCE,1997,392,1204,0.325581395
310,ILOCOS NORTE,1997,1,8,0.125
311,ILOCOS SUR,1997,28,54,0.518518519
312,LA UNION,1997,3,4,0.75
313,PANGASINAN,1997,2,2,1
314,CAGAYAN,1997,6,57,0.105263158
315,ISABELA,1997,254,201,1.263681592
316,NUEVA VIZCAYA,1997,800,1657,0.482800241
317,QUIRINO,1997,346,527,0.65654649
318,AURORA,1997,496,979,0.506639428
319,BATAAN,1997,90,250,0.36
320,BULACAN,1997,1496,680,2.2
321,PAMPANGA,1997,1,4,0.25
322,BATANGAS,1997,3978,2908,1.367950481
323,CAVITE,1997,9030,7730,1.168175938
324,LAGUNA,1997,276,703,0.392603129
325,QUEZON,1997,284,557,0.509874327
326,RIZAL,1997,87,49,1.775510204
327,MARINDUQUE,1997,4,8,0.5
328,ORIENTAL MINDORO,1997,244,305,0.8
329,PALAWAN,1997,56,295,0.189830508
330,ROMBLON,1997,0.2,8,0.025
331,ALBAY,1997,166,312,0.532051282
332,CAMARINES NORTE,1997,102,139,0.73381295
333,CAMARINES SUR,1997,136,376,0.361702128
334,SORSOGON,1997,234,390,0.6
335,AKLAN,1997,14,55,0.254545455
336,ANTIQUE,1997,27,26,1.038461538
337,CAPIZ,1997,2070,2060,1.004854369
338,GUIMARAS,1997,2,18,0.111111111
339,ILOILO,1997,1995,3848,0.518451143
340,NEGROS OCCIDENTAL,1997,1125,2792,0.402936963
341,BOHOL,1997,16,23,0.695652174
342,CEBU,1997,6,11,0.545454545
343,NEGROS ORIENTAL,1997,560,836,0.669856459
344,BILIRAN,1997,2,2,1
345,EASTERN SAMAR,1997,2,2,1
346,LEYTE,1997,18,25,0.72
347,SAMAR,1997,4,5,0.8
348,SOUTHERN LEYTE,1997,65,71,0.915492958
349,ABRA,1998,7,5,1.4
350,APAYAO,1998,31,62,0.5
351,BENGUET,1998,71,60,1.183333333
352,IFUGAO,1998,1219,2516,0.484499205
353,KALINGA,1998,2354,2212,1.064195298
354,MOUNTAIN PROVINCE,1998,505,1204,0.419435216
355,ILOCOS NORTE,1998,1,8,0.125
356,ILOCOS SUR,1998,28,54,0.518518519
357,LA UNION,1998,5,4,1.25
358,PANGASINAN,1998,2,2,1
359,CAGAYAN,1998,6,57,0.105263158
360,ISABELA,1998,242,201,1.2039801
361,NUEVA VIZCAYA,1998,793,1657,0.478575739
362,QUIRINO,1998,332,527,0.629981025
363,AURORA,1998,448,979,0.457609806
364,BATAAN,1998,279,300,0.93
365,BULACAN,1998,1430,650,2.2
366,PAMPANGA,1998,1,4,0.25
367,BATANGAS,1998,2023,2912,0.694711538
368,CAVITE,1998,8921,7730,1.154075032
369,LAGUNA,1998,251,700,0.358571429
370,QUEZON,1998,289,560,0.516071429
371,RIZAL,1998,114,49,2.326530612
372,MARINDUQUE,1998,4,8,0.5
373,ORIENTAL MINDORO,1998,171,230,0.743478261
374,PALAWAN,1998,50,300,0.166666667
375,ROMBLON,1998,0.2,8,0.025
376,ALBAY,1998,166,312,0.532051282
377,CAMARINES NORTE,1998,94,138,0.68115942
378,CAMARINES SUR,1998,137,355,0.385915493
379,SORSOGON,1998,193,379,0.509234828
380,AKLAN,1998,12,55,0.218181818
381,ANTIQUE,1998,27,26,1.038461538
382,CAPIZ,1998,1822,2060,0.884466019
383,GUIMARAS,1998,2,18,0.111111111
384,ILOILO,1998,1421,3842,0.369859448
385,NEGROS OCCIDENTAL,1998,923,1967,0.469242501
386,BOHOL,1998,12,21,0.571428571
387,CEBU,1998,6,11,0.545454545
388,NEGROS ORIENTAL,1998,552,825,0.669090909
389,BILIRAN,1998,2,1,2
390,EASTERN SAMAR,1998,2,2,1
391,LEYTE,1998,15,24,0.625
392,SAMAR,1998,3,5,0.6
393,SOUTHERN LEYTE,1998,24,25,0.96
394,ABRA,1999,7,5,1.4
395,APAYAO,1999,33,62,0.532258065
396,BENGUET,1999,73,61,1.196721311
397,IFUGAO,1999,1269,2516,0.504372019
398,KALINGA,1999,2840,2433,1.167283189
399,MOUNTAIN PROVINCE,1999,460,1204,0.382059801
400,ILOCOS NORTE,1999,1,8,0.125
401,ILOCOS SUR,1999,29,54,0.537037037
402,LA UNION,1999,7,5,1.4
403,PANGASINAN,1999,2,2,1
404,CAGAYAN,1999,8,55,0.145454545
405,ISABELA,1999,231,201,1.149253731
406,NUEVA VIZCAYA,1999,793,1657,0.478575739
407,QUIRINO,1999,337,526,0.640684411
408,AURORA,1999,356,857,0.415402567
409,BATAAN,1999,293,330,0.887878788
410,BULACAN,1999,1320,600,2.2
411,PAMPANGA,1999,1,4,0.25
412,BATANGAS,1999,2098,2911,0.720714531
413,CAVITE,1999,6064,7730,0.784476067
414,LAGUNA,1999,249,698,0.356733524
415,QUEZON,1999,298,563,0.529307282
416,RIZAL,1999,114,48,2.375
417,MARINDUQUE,1999,4,8,0.5
418,ORIENTAL MINDORO,1999,107,155,0.690322581
419,PALAWAN,1999,55,350,0.157142857
420,ROMBLON,1999,0.3,7,0.042857143
421,ALBAY,1999,127,300,0.423333333
422,CAMARINES NORTE,1999,97,74,1.310810811
423,CAMARINES SUR,1999,126,342,0.368421053
424,SORSOGON,1999,251,366,0.68579235
425,AKLAN,1999,11,55,0.2
426,ANTIQUE,1999,27,26,1.038461538
427,CAPIZ,1999,1805,2060,0.876213592
428,GUIMARAS,1999,2,19,0.105263158
429,ILOILO,1999,2024,3844,0.52653486
430,NEGROS OCCIDENTAL,1999,991,1967,0.503812913
431,BOHOL,1999,12,21,0.571428571
432,CEBU,1999,6,11,0.545454545
433,NEGROS ORIENTAL,1999,561,821,0.683313033
434,BILIRAN,1999,2,1,2
435,EASTERN SAMAR,1999,2,1,2
436,LEYTE,1999,18,26,0.692307692
437,SAMAR,1999,3,5,0.6
438,SOUTHERN LEYTE,1999,12,24,0.5
439,ABRA,2000,7,5,1.4
440,APAYAO,2000,47,62,0.758064516
441,BENGUET,2000,72,61,1.180327869
442,IFUGAO,2000,1297,2516,0.515500795
443,KALINGA,2000,3111,2735,1.137477148
444,MOUNTAIN PROVINCE,2000,460,1205,0.381742739
445,ILOCOS NORTE,2000,1,8,0.125
446,ILOCOS SUR,2000,29,54,0.537037037
447,LA UNION,2000,7,5,1.4
448,PANGASINAN,2000,2,2,1
449,CAGAYAN,2000,7,55,0.127272727
450,ISABELA,2000,185,192,0.963541667
451,NUEVA VIZCAYA,2000,793,1657,0.478575739
452,QUIRINO,2000,336,526,0.63878327
453,AURORA,2000,252,600,0.42
454,BATAAN,2000,313,590,0.530508475
455,BULACAN,2000,1450,580,2.5
456,PAMPANGA,2000,0.5,4,0.125
457,BATANGAS,2000,1821,2920,0.623630137
458,CAVITE,2000,5634,7700,0.731688312
459,LAGUNA,2000,236,696,0.33908046
460,QUEZON,2000,320,578,0.553633218
461,RIZAL,2000,116,45,2.577777778
462,MARINDUQUE,2000,5,8,0.625
463,ORIENTAL MINDORO,2000,94,144,0.652777778
464,PALAWAN,2000,64,430,0.148837209
465,ROMBLON,2000,0.4,7,0.057142857
466,ALBAY,2000,47,240,0.195833333
467,CAMARINES NORTE,2000,42,49,0.857142857
468,CAMARINES SUR,2000,48,163,0.294478528
469,SORSOGON,2000,228,354,0.644067797
470,AKLAN,2000,11,35,0.314285714
471,ANTIQUE,2000,27,27,1
472,CAPIZ,2000,1822,2060,0.884466019
473,GUIMARAS,2000,2,19,0.105263158
474,ILOILO,2000,2265,3844,0.589229969
475,NEGROS OCCIDENTAL,2000,993,1967,0.50482969
476,BOHOL,2000,11,22,0.5
477,CEBU,2000,6,11,0.545454545
478,NEGROS ORIENTAL,2000,572,813,0.703567036
479,BILIRAN,2000,2,1,2
480,EASTERN SAMAR,2000,2,1,2
481,LEYTE,2000,19,26,0.730769231
482,SAMAR,2000,3,5,0.6
483,SOUTHERN LEYTE,2000,24,42,0.571428571
484,ABRA,2001,7,5,1.4
485,APAYAO,2001,47,62,0.758064516
486,BENGUET,2001,70,61,1.147540984
487,IFUGAO,2001,1206,2367,0.509505703
488,KALINGA,2001,4306,2625,1.640380952
489,MOUNTAIN PROVINCE,2001,450,1205,0.373443983
490,ILOCOS NORTE,2001,1,8,0.125
491,ILOCOS SUR,2001,28,54,0.518518519
492,LA UNION,2001,7,5,1.4
493,PANGASINAN,2001,2,2,1
494,CAGAYAN,2001,8,55,0.145454545
495,ISABELA,2001,190,185,1.027027027
496,NUEVA VIZCAYA,2001,929,1657,0.56065178
497,QUIRINO,2001,333,527,0.631878558
498,AURORA,2001,239,600,0.398333333
499,BATAAN,2001,339,590,0.574576271
500,BULACAN,2001,1400,560,2.5
501,PAMPANGA,2001,0.5,4,0.125
502,BATANGAS,2001,1841,2920,0.630479452
503,CAVITE,2001,8058,7700,1.046493506
504,LAGUNA,2001,222,690,0.32173913
505,QUEZON,2001,338,578,0.584775087
506,RIZAL,2001,72,46,1.565217391
507,MARINDUQUE,2001,5,12,0.416666667
508,ORIENTAL MINDORO,2001,80,125,0.64
509,PALAWAN,2001,38,450,0.084444444
510,ROMBLON,2001,0.4,7,0.057142857
511,ALBAY,2001,61,195,0.312820513
512,CAMARINES NORTE,2001,28,35,0.8
513,CAMARINES SUR,2001,42,130,0.323076923
514,SORSOGON,2001,244,354,0.689265537
515,AKLAN,2001,11,35,0.314285714
516,ANTIQUE,2001,27,27,1
517,CAPIZ,2001,1864,2060,0.904854369
518,GUIMARAS,2001,2,19,0.105263158
519,ILOILO,2001,2212,3844,0.575442248
520,NEGROS OCCIDENTAL,2001,944,1967,0.479918658
521,BOHOL,2001,9,22,0.409090909
522,CEBU,2001,6,11,0.545454545
523,NEGROS ORIENTAL,2001,553,808,0.684405941
524,BILIRAN,2001,2,1,2
525,EASTERN SAMAR,2001,2,1,2
526,LEYTE,2001,22,26,0.846153846
527,SAMAR,2001,6,8,0.75
528,SOUTHERN LEYTE,2001,26,45,0.577777778
529,ABRA,2002,7,5,1.4
530,APAYAO,2002,46,60,0.766666667
531,BENGUET,2002,69,61,1.131147541
532,IFUGAO,2002,1127,2491,0.452428743
533,KALINGA,2002,3714,2625,1.414857143
534,MOUNTAIN PROVINCE,2002,450,1205,0.373443983
535,ILOCOS NORTE,2002,1,8,0.125
536,ILOCOS SUR,2002,27,54,0.5
537,LA UNION,2002,8,5,1.6
538,PANGASINAN,2002,2,2,1
539,CAGAYAN,2002,9,55,0.163636364
540,ISABELA,2002,174,192,0.90625
541,NUEVA VIZCAYA,2002,875,1657,0.528062764
542,QUIRINO,2002,306,527,0.580645161
543,AURORA,2002,239,650,0.367692308
544,BATAAN,2002,337,350,0.962857143
545,BULACAN,2002,1375,550,2.5
546,PAMPANGA,2002,0.5,4,0.125
547,BATANGAS,2002,1824,2915,0.625728988
548,CAVITE,2002,6802,7600,0.895
549,LAGUNA,2002,223,689,0.323657475
550,QUEZON,2002,339,578,0.58650519
551,RIZAL,2002,107,46,2.326086957
552,MARINDUQUE,2002,16,12,1.333333333
553,ORIENTAL MINDORO,2002,52,87,0.597701149
554,PALAWAN,2002,39,465,0.083870968
555,ROMBLON,2002,0.3,7,0.042857143
556,ALBAY,2002,70,211,0.331753555
557,CAMARINES NORTE,2002,23,28,0.821428571
558,CAMARINES SUR,2002,38,112,0.339285714
559,SORSOGON,2002,251,354,0.709039548
560,AKLAN,2002,9,27,0.333333333
561,ANTIQUE,2002,26,27,0.962962963
562,CAPIZ,2002,1852,2060,0.899029126
563,GUIMARAS,2002,2,19,0.105263158
564,ILOILO,2002,2261,3837,0.589262445
565,NEGROS OCCIDENTAL,2002,980,1967,0.498220641
566,BOHOL,2002,9,22,0.409090909
567,CEBU,2002,6,11,0.545454545
568,NEGROS ORIENTAL,2002,544,790,0.688607595
569,BILIRAN,2002,2,1,2
570,EASTERN SAMAR,2002,2,2,1
571,LEYTE,2002,22,26,0.846153846
572,SAMAR,2002,6,8,0.75
573,SOUTHERN LEYTE,2002,27,50,0.54
574,ABRA,2003,7,5,1.4
575,APAYAO,2003,27,60,0.45
576,BENGUET,2003,68,61,1.114754098
577,IFUGAO,2003,1104,2491,0.443195504
578,KALINGA,2003,3260,2625,1.241904762
579,MOUNTAIN PROVINCE,2003,450,1205,0.373443983
580,ILOCOS NORTE,2003,1,8,0.125
581,ILOCOS SUR,2003,29,54,0.537037037
582,LA UNION,2003,8,5,1.6
583,PANGASINAN,2003,2,2,1
584,CAGAYAN,2003,9,55,0.163636364
585,ISABELA,2003,129,150,0.86
586,NUEVA VIZCAYA,2003,800,1657,0.482800241
587,QUIRINO,2003,285,527,0.540796964
588,AURORA,2003,223,650,0.343076923
589,BATAAN,2003,337,350,0.962857143
590,BULACAN,2003,1166,530,2.2
591,PAMPANGA,2003,0.5,4,0.125
592,BATANGAS,2003,2087,2915,0.715951973
593,CAVITE,2003,7106,7600,0.935
594,LAGUNA,2003,225,688,0.327034884
595,QUEZON,2003,339,578,0.58650519
596,RIZAL,2003,109,46,2.369565217
597,MARINDUQUE,2003,16,12,1.333333333
598,ORIENTAL MINDORO,2003,47,86,0.546511628
599,PALAWAN,2003,40,465,0.086021505
600,ROMBLON,2003,0.3,7,0.042857143
601,ALBAY,2003,69,211,0.327014218
602,CAMARINES NORTE,2003,22,28,0.785714286
603,CAMARINES SUR,2003,24,111,0.216216216
604,SORSOGON,2003,274,354,0.774011299
605,AKLAN,2003,10,27,0.37037037
606,ANTIQUE,2003,25,27,0.925925926
607,CAPIZ,2003,1807,2060,0.877184466
608,GUIMARAS,2003,2,19,0.105263158
609,ILOILO,2003,2257,3837,0.588219964
610,NEGROS OCCIDENTAL,2003,971,1967,0.493645145
611,BOHOL,2003,8,22,0.363636364
612,CEBU,2003,5,11,0.454545455
613,NEGROS ORIENTAL,2003,522,780,0.669230769
614,BILIRAN,2003,2,1,2
615,EASTERN SAMAR,2003,2,2,1
616,LEYTE,2003,22,26,0.846153846
617,SAMAR,2003,6,8,0.75
618,SOUTHERN LEYTE,2003,28,50,0.56
619,ABRA,2004,7,5,1.4
620,APAYAO,2004,12,60,0.2
621,BENGUET,2004,67,61,1.098360656
622,IFUGAO,2004,1110,2491,0.445604175
623,KALINGA,2004,3202,2755,1.162250454
624,MOUNTAIN PROVINCE,2004,409,1205,0.339419087
625,ILOCOS NORTE,2004,1,7,0.142857143
626,ILOCOS SUR,2004,30,54,0.555555556
627,LA UNION,2004,8,6,1.333333333
628,PANGASINAN,2004,2,2,1
629,CAGAYAN,2004,9,56,0.160714286
630,ISABELA,2004,17,21,0.80952381
631,NUEVA VIZCAYA,2004,775,1657,0.467712734
632,QUIRINO,2004,207,527,0.392789374
633,AURORA,2004,210,650,0.323076923
634,BATAAN,2004,335,350,0.957142857
635,BULACAN,2004,1090,520,2.096153846
636,PAMPANGA,2004,0.5,4,0.125
637,BATANGAS,2004,1703,2911,0.585022329
638,CAVITE,2004,7117,7600,0.936447368
639,LAGUNA,2004,222,688,0.322674419
640,QUEZON,2004,329,572,0.575174825
641,RIZAL,2004,110,46,2.391304348
642,MARINDUQUE,2004,17,12,1.416666667
643,ORIENTAL MINDORO,2004,38,85,0.447058824
644,PALAWAN,2004,40,465,0.086021505
645,ROMBLON,2004,0.3,7,0.042857143
646,ALBAY,2004,70,211,0.331753555
647,CAMARINES NORTE,2004,20,28,0.714285714
648,CAMARINES SUR,2004,20,111,0.18018018
649,SORSOGON,2004,209,371,0.563342318
650,AKLAN,2004,9,27,0.333333333
651,ANTIQUE,2004,24,26,0.923076923
652,CAPIZ,2004,1834,2060,0.890291262
653,GUIMARAS,2004,5,50,0.1
654,ILOILO,2004,2369,3837,0.617409434
655,NEGROS OCCIDENTAL,2004,927,1967,0.471276055
656,BOHOL,2004,5,22,0.227272727
657,CEBU,2004,4,11,0.363636364
658,NEGROS ORIENTAL,2004,515,780,0.66025641
659,BILIRAN,2004,2,1,2
660,EASTERN SAMAR,2004,2,2,1
661,LEYTE,2004,22,26,0.846153846
662,NORTHERN SAMAR,2004,0,8,0
663,SAMAR,2004,5,8,0.625
664,SOUTHERN LEYTE,2004,27,50,0.54
665,ABRA,2005,6,5,1.2
666,APAYAO,2005,13,60,0.216666667
667,BENGUET,2005,66,61,1.081967213
668,IFUGAO,2005,1104,2491,0.443195504
669,KALINGA,2005,3451,2756,1.252177068
670,MOUNTAIN PROVINCE,2005,538,1205,0.446473029
671,ILOCOS NORTE,2005,1,7,0.142857143
672,ILOCOS SUR,2005,29,52,0.557692308
673,LA UNION,2005,9,6,1.5
674,PANGASINAN,2005,2,2,1
675,CAGAYAN,2005,8,56,0.142857143
676,ISABELA,2005,13,19,0.684210526
677,NUEVA VIZCAYA,2005,325,1657,0.196137598
678,QUIRINO,2005,50,168,0.297619048
679,AURORA,2005,210,650,0.323076923
680,BATAAN,2005,315,350,0.9
681,BULACAN,2005,1040,520,2
682,PAMPANGA,2005,0.5,4,0.125
683,BATANGAS,2005,1450,2890,0.501730104
684,CAVITE,2005,6732,7600,0.885789474
685,LAGUNA,2005,218,688,0.316860465
686,QUEZON,2005,251,420,0.597619048
687,RIZAL,2005,90,46,1.956521739
688,MARINDUQUE,2005,17,12,1.416666667
689,ORIENTAL MINDORO,2005,36,83,0.43373494
690,PALAWAN,2005,40,465,0.086021505
691,ROMBLON,2005,0.3,3,0.1
692,ALBAY,2005,73,211,0.345971564
693,CAMARINES NORTE,2005,19,28,0.678571429
694,CAMARINES SUR,2005,19,111,0.171171171
695,SORSOGON,2005,180,248,0.725806452
696,AKLAN,2005,3,27,0.111111111
697,ANTIQUE,2005,22,24,0.916666667
698,CAPIZ,2005,1774,2050,0.865365854
699,GUIMARAS,2005,7,78,0.08974359
700,ILOILO,2005,2308,3837,0.601511598
701,NEGROS OCCIDENTAL,2005,838,1967,0.426029487
702,BOHOL,2005,3,22,0.136363636
703,CEBU,2005,3,6,0.5
704,NEGROS ORIENTAL,2005,430,700,0.614285714
705,BILIRAN,2005,2,1,2
706,EASTERN SAMAR,2005,2,2,1
707,LEYTE,2005,22,26,0.846153846
708,NORTHERN SAMAR,2005,0,9,0
709,SAMAR,2005,4,8,0.5
710,SOUTHERN LEYTE,2005,27,52,0.519230769
711,ABRA,2006,6,5,1.2
712,APAYAO,2006,11,60,0.183333333
713,BENGUET,2006,65,61,1.06557377
714,IFUGAO,2006,1106,2489,0.444355163
715,KALINGA,2006,3754,2756,1.362119013
716,MOUNTAIN PROVINCE,2006,580,1205,0.481327801
717,ILOCOS NORTE,2006,1,6.5,0.153846154
718,ILOCOS SUR,2006,30,52,0.576923077
719,LA UNION,2006,10,6,1.666666667
720,PANGASINAN,2006,1,2,0.5
721,CAGAYAN,2006,8,58,0.137931034
722,ISABELA,2006,15,19,0.789473684
723,NUEVA VIZCAYA,2006,589,1657,0.355461678
724,QUIRINO,2006,50,150,0.333333333
725,AURORA,2006,221,660,0.334848485
726,BATAAN,2006,316,350,0.902857143
727,BULACAN,2006,950,520,1.826923077
728,PAMPANGA,2006,1,4,0.25
729,BATANGAS,2006,1072,2890,0.370934256
730,CAVITE,2006,7039,7600,0.926184211
731,LAGUNA,2006,193,680,0.283823529
732,QUEZON,2006,239,400,0.5975
733,RIZAL,2006,38,40,0.95
734,MARINDUQUE,2006,19,13,1.461538462
735,ORIENTAL MINDORO,2006,34,81,0.419753086
736,PALAWAN,2006,44,465,0.094623656
737,ROMBLON,2006,0.2,1,0.2
738,ALBAY,2006,70,211,0.331753555
739,CAMARINES NORTE,2006,25,28,0.892857143
740,CAMARINES SUR,2006,20,111,0.18018018
741,SORSOGON,2006,160,223,0.717488789
742,AKLAN,2006,4,27,0.148148148
743,ANTIQUE,2006,20,23,0.869565217
744,CAPIZ,2006,1750,2049,0.854075159
745,GUIMARAS,2006,18,80,0.225
746,ILOILO,2006,2264,3837,0.590044305
747,NEGROS OCCIDENTAL,2006,812,1967,0.412811388
748,BOHOL,2006,2,22,0.090909091
749,CEBU,2006,1,5,0.2
750,NEGROS ORIENTAL,2006,282,685,0.411678832
751,BILIRAN,2006,2,1,2
752,EASTERN SAMAR,2006,2,2,1
753,LEYTE,2006,21,25,0.84
754,NORTHERN SAMAR,2006,0,9,0
755,SAMAR,2006,4,8,0.5
756,SOUTHERN LEYTE,2006,26,52,0.5
757,ABRA,2007,6,5,1.2
758,APAYAO,2007,7,55,0.127272727
759,BENGUET,2007,66,61,1.081967213
760,IFUGAO,2007,1098,2485,0.441851107
761,KALINGA,2007,3709,2756,1.345791001
762,MOUNTAIN PROVINCE,2007,531,1000,0.531
763,ILOCOS NORTE,2007,1,6,0.166666667
764,ILOCOS SUR,2007,28,50,0.56
765,LA UNION,2007,12,6,2
766,PANGASINAN,2007,1,2,0.5
767,CAGAYAN,2007,9,60,0.15
768,ISABELA,2007,15,19,0.789473684
769,NUEVA VIZCAYA,2007,601,1657,0.362703681
770,QUIRINO,2007,48,150,0.32
771,AURORA,2007,222,660,0.336363636
772,BATAAN,2007,319,350,0.911428571
773,BULACAN,2007,1000,525,1.904761905
774,PAMPANGA,2007,1,4,0.25
775,BATANGAS,2007,911,2890,0.315224913
776,CAVITE,2007,6411,7590,0.844664032
777,LAGUNA,2007,51,470,0.108510638
778,QUEZON,2007,202,395,0.511392405
779,RIZAL,2007,36,36,1
780,MARINDUQUE,2007,19,13,1.461538462
781,ORIENTAL MINDORO,2007,34,80,0.425
782,PALAWAN,2007,53,470,0.112765957
783,ALBAY,2007,70,211,0.331753555
784,CAMARINES NORTE,2007,20,28,0.714285714
785,CAMARINES SUR,2007,11,124,0.088709677
786,SORSOGON,2007,158,220,0.718181818
787,AKLAN,2007,3,27,0.111111111
788,ANTIQUE,2007,19,32,0.59375
789,CAPIZ,2007,1666,2025,0.822716049
790,GUIMARAS,2007,15,83,0.180722892
791,ILOILO,2007,2216,3837,0.577534532
792,NEGROS OCCIDENTAL,2007,805,1967,0.409252669
793,BOHOL,2007,1,22,0.045454545
794,CEBU,2007,0,3,0
795,NEGROS ORIENTAL,2007,259,830,0.312048193
796,BILIRAN,2007,1,0.95,1.052631579
797,EASTERN SAMAR,2007,2,2,1
798,LEYTE,2007,19,25,0.76
799,NORTHERN SAMAR,2007,0,9,0
800,SAMAR,2007,4,8,0.5
801,SOUTHERN LEYTE,2007,26,52,0.5
802,ABRA,2008,6,5,1.2
803,APAYAO,2008,8,55,0.145454545
804,BENGUET,2008,66,61,1.081967213
805,IFUGAO,2008,1087,2482,0.437953263
806,KALINGA,2008,3670,2752,1.333575581
807,MOUNTAIN PROVINCE,2008,277,700,0.395714286
808,ILOCOS NORTE,2008,1,5.6,0.178571429
809,ILOCOS SUR,2008,32,65,0.492307692
810,LA UNION,2008,13,6,2.166666667
811,PANGASINAN,2008,1,1.8,0.555555556
812,CAGAYAN,2008,8,60,0.133333333
813,ISABELA,2008,16,19,0.842105263
814,NUEVA VIZCAYA,2008,615,1657,0.371152686
815,QUIRINO,2008,50,150,0.333333333
816,AURORA,2008,218,690,0.315942029
817,BATAAN,2008,303,350,0.865714286
818,BULACAN,2008,1100,525,2.095238095
819,PAMPANGA,2008,0.4,4,0.1
820,BATANGAS,2008,864,2897,0.298239558
821,CAVITE,2008,6785,7590,0.893939394
822,LAGUNA,2008,74,470,0.157446809
823,QUEZON,2008,189,354,0.533898305
824,RIZAL,2008,45,36,1.25
825,MARINDUQUE,2008,19,13,1.461538462
826,ORIENTAL MINDORO,2008,33,79.5,0.41509434
827,PALAWAN,2008,58,470,0.123404255
828,ALBAY,2008,72,211,0.341232227
829,CAMARINES NORTE,2008,15,28,0.535714286
830,CAMARINES SUR,2008,15,124,0.120967742
831,SORSOGON,2008,157,220,0.713636364
832,AKLAN,2008,3,27,0.111111111
833,ANTIQUE,2008,18,52,0.346153846
834,CAPIZ,2008,1711,2025,0.844938272
835,GUIMARAS,2008,16,93,0.172043011
836,ILOILO,2008,2126,3837,0.554078707
837,NEGROS OCCIDENTAL,2008,775,1967,0.394001017
838,BOHOL,2008,1,22,0.045454545
839,CEBU,2008,0,6,0
840,NEGROS ORIENTAL,2008,246,675,0.364444444
841,BILIRAN,2008,1,1,1
842,EASTERN SAMAR,2008,11,8,1.375
843,LEYTE,2008,15,24,0.625
844,NORTHERN SAMAR,2008,0,9,0
845,SAMAR,2008,12,8,1.5
846,SOUTHERN LEYTE,2008,68,52,1.307692308
847,ABRA,2009,6,5,1.2
848,APAYAO,2009,8,55,0.145454545
849,BENGUET,2009,66,61,1.081967213
850,IFUGAO,2009,1074,2476,0.433764136
851,KALINGA,2009,3555,2752,1.291787791
852,MOUNTAIN PROVINCE,2009,154,421,0.365795724
853,ILOCOS NORTE,2009,1,5.2,0.192307692
854,ILOCOS SUR,2009,33,65,0.507692308
855,LA UNION,2009,14,6,2.333333333
856,PANGASINAN,2009,1,1.7,0.588235294
857,CAGAYAN,2009,9,63,0.142857143
858,ISABELA,2009,16,19,0.842105263
859,NUEVA VIZCAYA,2009,625,1657,0.377187689
860,QUIRINO,2009,48,150,0.32
861,AURORA,2009,229,690,0.331884058
862,BATAAN,2009,308,350,0.88
863,BULACAN,2009,1120,525,2.133333333
864,PAMPANGA,2009,0.3,4,0.075
865,BATANGAS,2009,873,2832,0.308262712
866,CAVITE,2009,6778,7590,0.893017128
867,LAGUNA,2009,68,470,0.144680851
868,QUEZON,2009,166,339,0.489675516
869,RIZAL,2009,52,36,1.444444444
870,MARINDUQUE,2009,19,13,1.461538462
871,ORIENTAL MINDORO,2009,32,77,0.415584416
872,PALAWAN,2009,60,472,0.127118644
873,ALBAY,2009,75,211,0.355450237
874,CAMARINES NORTE,2009,17,28,0.607142857
875,CAMARINES SUR,2009,14,124,0.112903226
876,SORSOGON,2009,147,200,0.735
877,AKLAN,2009,5,24,0.208333333
878,ANTIQUE,2009,17,52,0.326923077
879,CAPIZ,2009,1700,2020,0.841584158
880,GUIMARAS,2009,20,98,0.204081633
881,ILOILO,2009,2288,3823,0.598482867
882,NEGROS OCCIDENTAL,2009,750,1967,0.381291307
883,BOHOL,2009,1,21,0.047619048
884,CEBU,2009,0,7,0
885,NEGROS ORIENTAL,2009,203,823.99,0.246362213
886,BILIRAN,2009,2,0.98,2.040816327
887,EASTERN SAMAR,2009,11,8,1.375
888,LEYTE,2009,14,21,0.666666667
889,NORTHERN SAMAR,2009,0,9,0
890,SAMAR,2009,4,8,0.5
891,SOUTHERN LEYTE,2009,63,45,1.4
892,ABRA,2010,5.7,5,1.14
893,APAYAO,2010,7.3,55,0.132727273
894,BENGUET,2010,66.02,64,1.0315625
895,IFUGAO,2010,1057.19,2470,0.428012146
896,KALINGA,2010,3510,2752,1.275436047
897,MOUNTAIN PROVINCE,2010,125.88,299,0.421003344
898,ILOCOS NORTE,2010,0.6,4.16,0.144230769
899,ILOCOS SUR,2010,31.86,65,0.490153846
900,LA UNION,2010,16.55,6,2.758333333
901,PANGASINAN,2010,1.01,1.6,0.63125
902,CAGAYAN,2010,7.54,63,0.11968254
903,ISABELA,2010,15.43,19,0.812105263
904,NUEVA VIZCAYA,2010,600,1657,0.362100181
905,QUIRINO,2010,42,150,0.28
906,AURORA,2010,235,690,0.34057971
907,BATAAN,2010,309.71,350,0.884885714
908,BULACAN,2010,1173,525,2.234285714
909,PAMPANGA,2010,0.3,4,0.075
910,BATANGAS,2010,841,2832,0.296963277
911,CAVITE,2010,6562.25,7650,0.857810458
912,LAGUNA,2010,61.14,455,0.134373626
913,QUEZON,2010,160.18,330,0.485393939
914,RIZAL,2010,43.1,36,1.197222222
915,MARINDUQUE,2010,18.67,13,1.436153846
916,ORIENTAL MINDORO,2010,30.45,76,0.400657895
917,PALAWAN,2010,67.27,475,0.141621053
918,ALBAY,2010,78.06,211,0.369952607
919,CAMARINES NORTE,2010,15.5,28,0.553571429
920,CAMARINES SUR,2010,14.4,124,0.116129032
921,SORSOGON,2010,147.51,200,0.73755
922,AKLAN,2010,3.93,21,0.187142857
923,ANTIQUE,2010,16.36,53,0.308679245
924,CAPIZ,2010,1695.96,2020,0.839584158
925,GUIMARAS,2010,16,98,0.163265306
926,ILOILO,2010,2125.38,3723,0.570878324
927,NEGROS OCCIDENTAL,2010,725.12,1967,0.368642603
928,BOHOL,2010,0.66,120,0.0055
929,CEBU,2010,2.22,15,0.148
930,NEGROS ORIENTAL,2010,178.49,881,0.202599319
931,BILIRAN,2010,1.72,1,1.72
932,EASTERN SAMAR,2010,10.74,8,1.3425
933,LEYTE,2010,13.53,19,0.712105263
934,NORTHERN SAMAR,2010,0,9,0
935,SAMAR,2010,3.72,8.1,0.459259259
936,SOUTHERN LEYTE,2010,57.48,40,1.437
937,ABRA,2011,5.66,5,1.132
938,APAYAO,2011,7,55,0.127272727
939,BENGUET,2011,66.65,64,1.04140625
940,IFUGAO,2011,1037.16,2463,0.421096224
941,KALINGA,2011,3744,3088,1.212435233
942,MOUNTAIN PROVINCE,2011,113.11,212,0.533537736
943,ILOCOS NORTE,2011,0.44,3.09,0.142394822
944,ILOCOS SUR,2011,33.07,65.9,0.501820941
945,LA UNION,2011,12.41,6,2.068333333
946,PANGASINAN,2011,0.97,1.6,0.60625
947,CAGAYAN,2011,6.83,63,0.108412698
948,ISABELA,2011,9.36,19,0.492631579
949,NUEVA VIZCAYA,2011,598.85,1530.75,0.391213457
950,QUIRINO,2011,34.76,137,0.253722628
951,AURORA,2011,241,695,0.34676259
952,BATAAN,2011,305,350,0.871428571
953,BULACAN,2011,1103,525,2.100952381
954,PAMPANGA,2011,0.25,4,0.0625
955,BATANGAS,2011,719.7,2407,0.299002908
956,CAVITE,2011,3688.4,7650,0.482143791
957,LAGUNA,2011,49.11,460,0.10676087
958,QUEZON,2011,145.75,302,0.482615894
959,RIZAL,2011,40.5,36,1.125
960,MARINDUQUE,2011,23.93,15,1.595333333
961,ORIENTAL MINDORO,2011,29.89,78,0.383205128
962,PALAWAN,2011,68.4,475,0.144
963,ALBAY,2011,76.25,211,0.361374408
964,CAMARINES NORTE,2011,15,27,0.555555556
965,CAMARINES SUR,2011,14.55,124,0.11733871
966,SORSOGON,2011,142.74,180,0.793
967,AKLAN,2011,1.06,21,0.05047619
968,ANTIQUE,2011,15.64,53,0.29509434
969,CAPIZ,2011,1803.04,2015,0.894808933
970,GUIMARAS,2011,17.73,108,0.164166667
971,ILOILO,2011,2286.63,3723,0.614190169
972,NEGROS OCCIDENTAL,2011,695.75,1967,0.353711235
973,BOHOL,2011,3.75,129,0.029069767
974,CEBU,2011,3.38,250,0.01352
975,NEGROS ORIENTAL,2011,192.73,885,0.217774011
976,BILIRAN,2011,1.76,1.01,1.742574257
977,EASTERN SAMAR,2011,11.19,9,1.243333333
978,LEYTE,2011,13.1,18,0.727777778
979,NORTHERN SAMAR,2011,0,9,0
980,SAMAR,2011,3.64,8,0.455
981,SOUTHERN LEYTE,2011,55.3,75,0.737333333
982,ABRA,2012,5.63,5,1.126
983,APAYAO,2012,6.8,50,0.136
984,BENGUET,2012,66.87,64,1.04484375
985,IFUGAO,2012,1044.45,2463,0.424056029
986,KALINGA,2012,3784,3088,1.225388601
987,MOUNTAIN PROVINCE,2012,105.04,191,0.549947644
988,ILOCOS NORTE,2012,0.44,3.09,0.142394822
989,ILOCOS SUR,2012,33.65,65.9,0.510622155
990,LA UNION,2012,9.55,7,1.364285714
991,PANGASINAN,2012,1.02,2,0.51
992,BATANES,2012,0,1,0
993,CAGAYAN,2012,7.24,67,0.108059701
994,ISABELA,2012,10.26,19,0.54
995,NUEVA VIZCAYA,2012,500,1530.75,0.326637269
996,QUIRINO,2012,18,82,0.219512195
997,AURORA,2012,244.3,695,0.351510791
998,BATAAN,2012,333,350,0.951428571
999,BULACAN,2012,1075,525,2.047619048
1000,PAMPANGA,2012,0.2,4,0.05
1001,BATANGAS,2012,636,2407,0.264229331
1002,CAVITE,2012,6702.5,7650,0.876143791
1003,LAGUNA,2012,51.57,460,0.112108696
1004,QUEZON,2012,138.03,295,0.467898305
1005,RIZAL,2012,40.93,36,1.136944444
1006,MARINDUQUE,2012,25.13,15,1.675333333
1007,ORIENTAL MINDORO,2012,29.29,79,0.370759494
1008,PALAWAN,2012,70.85,483,0.146687371
1009,ALBAY,2012,78.63,211,0.372654028
1010,CAMARINES NORTE,2012,15.8,27,0.585185185
1011,CAMARINES SUR,2012,14.74,124,0.118870968
1012,SORSOGON,2012,142.45,180,0.791388889
1013,AKLAN,2012,0,18.7,0
1014,ANTIQUE,2012,15.02,53,0.283396226
1015,CAPIZ,2012,1803.65,2013,0.896000994
1016,GUIMARAS,2012,17.14,108,0.158703704
1017,ILOILO,2012,2170.96,3723,0.583121139
1018,NEGROS OCCIDENTAL,2012,646.21,1967,0.328525674
1019,BOHOL,2012,8.13,240,0.033875
1020,CEBU,2012,4.3,250,0.0172
1021,NEGROS ORIENTAL,2012,202.59,886,0.228656885
1022,BILIRAN,2012,1.77,1.05,1.685714286
1023,EASTERN SAMAR,2012,11.2,9,1.244444444
1024,LEYTE,2012,12.83,15,0.855333333
1025,NORTHERN SAMAR,2012,0,9,0
1026,SAMAR,2012,3.65,7.99,0.456821026
1027,SOUTHERN LEYTE,2012,52.18,65,0.802769231
1028,ABRA,2013,5.54,5,1.108
1029,APAYAO,2013,7.5,60,0.125
1030,BENGUET,2013,67.92,64,1.06125
1031,IFUGAO,2013,1035.89,2460,0.421093496
1032,KALINGA,2013,3605,3084,1.168936446
1033,MOUNTAIN PROVINCE,2013,94.02,172,0.546627907
1034,ILOCOS NORTE,2013,0.45,2.5,0.18
1035,ILOCOS SUR,2013,34.05,66,0.515909091
1036,LA UNION,2013,8.99,7,1.284285714
1037,PANGASINAN,2013,1,2,0.5
1038,BATANES,2013,0,1,0
1039,CAGAYAN,2013,7.6,82,0.092682927
1040,ISABELA,2013,11.41,109,0.104678899
1041,NUEVA VIZCAYA,2013,462.31,1530.75,0.302015352
1042,QUIRINO,2013,23.5,90,0.261111111
1043,AURORA,2013,232.2,715,0.324755245
1044,BATAAN,2013,326,340,0.958823529
1045,BULACAN,2013,1103.5,540,2.043518519
1046,BATANGAS,2013,477,2407,0.198171998
1047,CAVITE,2013,3771.43,7650,0.492997386
1048,LAGUNA,2013,60,465,0.129032258
1049,QUEZON,2013,135.73,295,0.460101695
1050,RIZAL,2013,42,36,1.166666667
1051,MARINDUQUE,2013,23.12,13,1.778461538
1052,ORIENTAL MINDORO,2013,26.56,71,0.374084507
1053,PALAWAN,2013,74.82,485,0.154268041
1054,ALBAY,2013,83.74,211,0.396872038
1055,CAMARINES NORTE,2013,16.09,27,0.595925926
1056,CAMARINES SUR,2013,14.86,124,0.11983871
1057,SORSOGON,2013,129.65,160,0.8103125
1058,AKLAN,2013,0,18.7,0
1059,ANTIQUE,2013,14.77,52,0.284038462
1060,CAPIZ,2013,1133.78,2013,0.563229011
1061,GUIMARAS,2013,17.14,113,0.151681416
1062,ILOILO,2013,2089.17,3718,0.561906939
1063,NEGROS OCCIDENTAL,2013,677.42,1967,0.344392476
1064,BOHOL,2013,23.28,240,0.097
1065,CEBU,2013,3,180,0.016666667
1066,NEGROS ORIENTAL,2013,180.25,890,0.20252809
1067,BILIRAN,2013,1.68,1.01,1.663366337
1068,EASTERN SAMAR,2013,11.25,9,1.25
1069,LEYTE,2013,7.37,14.5,0.508275862
1070,NORTHERN SAMAR,2013,0,9,0
1071,SAMAR,2013,3.63,7.99,0.454317897
1072,SOUTHERN LEYTE,2013,28.63,52,0.550576923
1073,ABRA,2014,5.51,5,1.102
1074,APAYAO,2014,12.12,70,0.173142857
1075,BENGUET,2014,68.86,64,1.0759375
1076,IFUGAO,2014,1013.98,2460,0.412186992
1077,KALINGA,2014,3385,3084,1.097600519
1078,MOUNTAIN PROVINCE,2014,92.47,148,0.624797297
1079,ILOCOS NORTE,2014,0.46,7.03,0.065433855
1080,ILOCOS SUR,2014,34.65,80,0.433125
1081,LA UNION,2014,8.69,8,1.08625
1082,PANGASINAN,2014,0.97,1.95,0.497435897
1083,BATANES,2014,0,0.5,0
1084,CAGAYAN,2014,6.9,82,0.084146341
1085,ISABELA,2014,12,109,0.110091743
1086,NUEVA VIZCAYA,2014,451,1531,0.294578707
1087,QUIRINO,2014,24.25,353,0.068696884
1088,AURORA,2014,229.25,715,0.320629371
1089,BATAAN,2014,328.5,343,0.957725948
1090,BULACAN,2014,1045,540,1.935185185
1091,BATANGAS,2014,450,2407,0.186954715
1092,CAVITE,2014,3307.36,7630,0.43346789
1093,LAGUNA,2014,64.5,465,0.138709677
1094,QUEZON,2014,124.4,292,0.426027397
1095,RIZAL,2014,43,36,1.194444444
1096,MARINDUQUE,2014,21.96,142,0.154647887
1097,ORIENTAL MINDORO,2014,25.74,121,0.212727273
1098,PALAWAN,2014,80.54,485,0.166061856
1099,ALBAY,2014,72.68,211,0.344454976
1100,CAMARINES NORTE,2014,16.15,27,0.598148148
1101,CAMARINES SUR,2014,14.47,124,0.116693548
1102,SORSOGON,2014,120.92,160,0.75575
1103,AKLAN,2014,0,15,0
1104,ANTIQUE,2014,14.48,52,0.278461538
1105,CAPIZ,2014,942.73,1913,0.492801882
1106,GUIMARAS,2014,10.32,113,0.091327434
1107,ILOILO,2014,1826.45,3750,0.487053333
1108,NEGROS OCCIDENTAL,2014,643.48,1967,0.327137773
1109,BOHOL,2014,37.35,240,0.155625
1110,CEBU,2014,3.17,95,0.033368421
1111,NEGROS ORIENTAL,2014,151.07,890,0.169741573
1112,BILIRAN,2014,1.5,1,1.5
1113,EASTERN SAMAR,2014,7.2,8,0.9
1114,LEYTE,2014,3.96,5.3,0.747169811
1115,NORTHERN SAMAR,2014,0,9,0
1116,SAMAR,2014,3.35,7.85,0.426751592
1117,SOUTHERN LEYTE,2014,4.86,25,0.1944
1118,ABRA,2015,6.05,5,1.21
1119,APAYAO,2015,15.6,70,0.222857143
1120,BENGUET,2015,69.05,64,1.07890625
1121,IFUGAO,2015,970.48,2460,0.394504065
1122,KALINGA,2015,3396.6,3084,1.101361868
1123,MOUNTAIN PROVINCE,2015,76.47,104,0.735288462
1124,ILOCOS NORTE,2015,0.47,7.27,0.064649243
1125,ILOCOS SUR,2015,31.8,160,0.19875
1126,LA UNION,2015,8.01,8,1.00125
1127,PANGASINAN,2015,0.98,13,0.075384615
1128,BATANES,2015,0,0.5,0
1129,CAGAYAN,2015,6.82,82,0.083170732
1130,ISABELA,2015,12.62,109,0.115779817
1131,NUEVA VIZCAYA,2015,439.72,1537,0.286089785
1132,QUIRINO,2015,43,353,0.121813031
1133,AURORA,2015,212.5,724,0.293508287
1134,BATAAN,2015,330,343,0.962099125
1135,BULACAN,2015,1070,540,1.981481481
1136,BATANGAS,2015,427,2407,0.177399252
1137,CAVITE,2015,1147.89,7600,0.151038158
1138,LAGUNA,2015,58.05,465,0.12483871
1139,QUEZON,2015,127.15,343,0.370699708
1140,RIZAL,2015,45.8,36,1.272222222
1141,MARINDUQUE,2015,22.62,142,0.159295775
1142,ORIENTAL MINDORO,2015,23.74,121,0.196198347
1143,PALAWAN,2015,83.09,485,0.171319588
1144,ALBAY,2015,74.61,200,0.37305
1145,CAMARINES NORTE,2015,16.4,27,0.607407407
1146,CAMARINES SUR,2015,14.14,122,0.115901639
1147,SORSOGON,2015,115.97,144,0.805347222
1148,AKLAN,2015,0,15,0
1149,ANTIQUE,2015,14.21,51,0.278627451
1150,CAPIZ,2015,895.17,1933,0.46309881
1151,GUIMARAS,2015,9.81,100,0.0981
1152,ILOILO,2015,1884.61,3750,0.502562667
1153,NEGROS OCCIDENTAL,2015,661.56,1967,0.336329436
1154,BOHOL,2015,52.9,245,0.215918367
1155,CEBU,2015,3.02,75,0.040266667
1156,NEGROS ORIENTAL,2015,128.74,890,0.144651685
1157,BILIRAN,2015,1.47,1.09,1.348623853
1158,EASTERN SAMAR,2015,4.35,8,0.54375
1159,LEYTE,2015,7.21,14,0.515
1160,NORTHERN SAMAR,2015,1.9,9,0.211111111
1161,SAMAR,2015,3.45,7.85,0.439490446
1162,SOUTHERN LEYTE,2015,4.1,25,0.164
1163,ABRA,2016,6.66,5,1.332
1164,APAYAO,2016,15.95,72,0.221527778
1165,BENGUET,2016,66.44,64,1.038125
1166,IFUGAO,2016,929.72,2200,0.4226
1167,KALINGA,2016,2050,3084,0.664721141
1168,MOUNTAIN PROVINCE,2016,61.7,65,0.949230769
1169,ILOCOS NORTE,2016,0.5,41,0.012195122
1170,ILOCOS SUR,2016,58.45,160,0.3653125
1171,LA UNION,2016,6.2,10,0.62
1172,PANGASINAN,2016,9.97,13,0.766923077
1173,BATANES,2016,0,0.3,0
1174,CAGAYAN,2016,7.71,138,0.055869565
1175,ISABELA,2016,11.77,109,0.107981651
1176,NUEVA VIZCAYA,2016,466.11,1537,0.303259597
1177,QUIRINO,2016,19.25,900,0.021388889
1178,AURORA,2016,176,680,0.258823529
1179,BATAAN,2016,326,343,0.950437318
1180,BULACAN,2016,655.6,540,1.214074074
1181,ZAMBALES,2016,1.54,16,0.09625
1182,BATANGAS,2016,396.9,2407,0.164894059
1183,CAVITE,2016,1719.4,7600,0.226236842
1184,LAGUNA,2016,58.89,468,0.125833333
1185,QUEZON,2016,132.52,403,0.328833747
1186,RIZAL,2016,43.8,36,1.216666667
1187,MARINDUQUE,2016,21.13,142,0.148802817
1188,ORIENTAL MINDORO,2016,20.22,121,0.167107438
1189,PALAWAN,2016,81.07,485,0.167154639
1190,ALBAY,2016,69.7,200,0.3485
1191,CAMARINES NORTE,2016,16.7,27,0.618518519
1192,CAMARINES SUR,2016,13.01,122,0.106639344
1193,SORSOGON,2016,97.96,108,0.907037037
1194,AKLAN,2016,0,15,0
1195,ANTIQUE,2016,14.82,51,0.290588235
1196,CAPIZ,2016,899.89,1933,0.46554061
1197,GUIMARAS,2016,7,97,0.072164948
1198,ILOILO,2016,1820.91,3760,0.484284574
1199,NEGROS OCCIDENTAL,2016,700.26,2000,0.35013
1200,BOHOL,2016,47.97,245,0.195795918
1201,CEBU,2016,3.83,838,0.004570406
1202,NEGROS ORIENTAL,2016,116.41,950,0.122536842
1203,BILIRAN,2016,1.39,1.09,1.275229358
1204,EASTERN SAMAR,2016,4.1,8,0.5125
1205,LEYTE,2016,10,14,0.714285714
1206,NORTHERN SAMAR,2016,2.93,10,0.293
1207,SAMAR,2016,3.41,7.7,0.442857143
1208,SOUTHERN LEYTE,2016,4.09,23,0.177826087
1209,ABRA,2017,6.99,5,1.398
1210,APAYAO,2017,12.6,63,0.2
1211,BENGUET,2017,66,64,1.03125
1212,IFUGAO,2017,881.24,2200,0.400563636
1213,KALINGA,2017,307,3084,0.099546044
1214,MOUNTAIN PROVINCE,2017,43.07,55,0.783090909
1215,ILOCOS NORTE,2017,0.54,47,0.011489362
1216,ILOCOS SUR,2017,47.66,168,0.283690476
1217,LA UNION,2017,4.7,13,0.361538462
1218,PANGASINAN,2017,9.94,13,0.764615385
1219,CAGAYAN,2017,4.51,306,0.014738562
1220,ISABELA,2017,11,106,0.103773585
1221,NUEVA VIZCAYA,2017,470.36,1542,0.305032425
1222,QUIRINO,2017,31.34,900,0.034822222
1223,AURORA,2017,125,810,0.154320988
1224,BATAAN,2017,294.4,340,0.865882353
1225,BULACAN,2017,650,200,3.25
1226,ZAMBALES,2017,1.65,16,0.103125
1227,BATANGAS,2017,259.12,2300,0.11266087
1228,CAVITE,2017,1239.67,7600,0.163114474
1229,LAGUNA,2017,58.91,468,0.125876068
1230,QUEZON,2017,109.38,403,0.271414392
1231,RIZAL,2017,0.64,36,0.017777778
1232,MARINDUQUE,2017,19.58,142,0.137887324
1233,OCCIDENTAL MINDORO,2017,0,7,0
1234,ORIENTAL MINDORO,2017,19.44,121,0.160661157
1235,PALAWAN,2017,80.41,485,0.165793814
1236,ALBAY,2017,62.54,135,0.463259259
1237,CAMARINES NORTE,2017,17.79,27,0.658888889
1238,CAMARINES SUR,2017,11.78,112,0.105178571
1239,SORSOGON,2017,93.71,108,0.867685185
1240,AKLAN,2017,0,15,0
1241,ANTIQUE,2017,15.75,51,0.308823529
1242,CAPIZ,2017,885.82,1931,0.458736406
1243,GUIMARAS,2017,6.58,107,0.061495327
1244,ILOILO,2017,2027.75,3760,0.539295213
1245,NEGROS OCCIDENTAL,2017,658.03,2000,0.329015
1246,BOHOL,2017,51.03,245,0.208285714
1247,CEBU,2017,5.4,428,0.012616822
1248,NEGROS ORIENTAL,2017,116.49,952,0.122363445
1249,BILIRAN,2017,1.55,2,0.775
1250,EASTERN SAMAR,2017,0.6,8,0.075
1251,LEYTE,2017,9.51,14,0.679285714
1252,NORTHERN SAMAR,2017,3.72,10,0.372
1253,SAMAR,2017,3.5,7.5,0.466666667
1254,SOUTHERN LEYTE,2017,3.75,21,0.178571429
1255,ABRA,2018,7.14,5,1.428
1256,APAYAO,2018,12.37,63,0.196349206
1257,BENGUET,2018,65.5,64,1.0234375
1258,IFUGAO,2018,711.68,2200,0.323490909
1259,KALINGA,2018,800,2800,0.285714286
1260,MOUNTAIN PROVINCE,2018,38.63,55,0.702363636
1261,ILOCOS NORTE,2018,0.57,47,0.01212766
1262,ILOCOS SUR,2018,54,168,0.321428571
1263,LA UNION,2018,4.59,13,0.353076923
1264,PANGASINAN,2018,8.86,13,0.681538462
1265,CAGAYAN,2018,8.2,306,0.026797386
1266,ISABELA,2018,11.44,126,0.090793651
1267,NUEVA VIZCAYA,2018,535.01,1552,0.344722938
1268,QUIRINO,2018,26.92,1555,0.017311897
1269,AURORA,2018,131.7,820,0.160609756
1270,BATAAN,2018,255.75,340,0.752205882
1271,BULACAN,2018,645.05,200,3.22525
1272,ZAMBALES,2018,0.99,16,0.061875
1273,BATANGAS,2018,182.11,2300,0.079178261
1274,CAVITE,2018,1237.75,7600,0.162861842
1275,LAGUNA,2018,59.59,469,0.127057569
1276,QUEZON,2018,113.54,403,0.281736973
1277,RIZAL,2018,0.48,35,0.013714286
1278,MARINDUQUE,2018,19.99,137.74,0.145128503
1279,OCCIDENTAL MINDORO,2018,0,7,0
1280,ORIENTAL MINDORO,2018,17.06,121,0.140991736
1281,PALAWAN,2018,81.33,490,0.165979592
1282,ALBAY,2018,50.63,60,0.843833333
1283,CAMARINES NORTE,2018,17.53,27,0.649259259
1284,CAMARINES SUR,2018,10.68,112,0.095357143
1285,SORSOGON,2018,89.1,101,0.882178218
1286,AKLAN,2018,0,12,0
1287,ANTIQUE,2018,15.56,51,0.305098039
1288,CAPIZ,2018,872.51,1931,0.451843604
1289,GUIMARAS,2018,7.4,112,0.066071429
1290,ILOILO,2018,1868.96,3760,0.49706383
1291,NEGROS OCCIDENTAL,2018,650,2000,0.325
1292,BOHOL,2018,35.71,245,0.145755102
1293,CEBU,2018,5.43,428,0.012686916
1294,NEGROS ORIENTAL,2018,127.45,957,0.133176594
1295,BILIRAN,2018,1.87,26,0.071923077
1296,EASTERN SAMAR,2018,0.22,8,0.0275
1297,LEYTE,2018,8.97,14,0.640714286
1298,NORTHERN SAMAR,2018,3.72,11,0.338181818
1299,SAMAR,2018,3.65,8,0.45625
1300,SOUTHERN LEYTE,2018,3.2,20,0.16
1301,ABRA,2019,6.87,5,1.374
1302,APAYAO,2019,8.84,63,0.14031746
1303,BENGUET,2019,65.4,64,1.021875
1304,IFUGAO,2019,498.15,1500,0.3321
1305,KALINGA,2019,412.5,2500,0.165
1306,MOUNTAIN PROVINCE,2019,33.01,48.46,0.681180355
1307,ILOCOS NORTE,2019,0.86,47,0.018297872
1308,ILOCOS SUR,2019,53.52,168,0.318571429
1309,LA UNION,2019,4.84,13,0.372307692
1310,PANGASINAN,2019,8.35,13,0.642307692
1311,CAGAYAN,2019,7.39,281,0.026298932
1312,ISABELA,2019,10.66,130,0.082
1313,NUEVA VIZCAYA,2019,584.84,1585,0.368984227
1314,QUIRINO,2019,43.23,1600,0.02701875
1315,AURORA,2019,68.04,820,0.08297561
1316,BATAAN,2019,163.84,340,0.481882353
1317,BULACAN,2019,642.85,205,3.135853659
1318,ZAMBALES,2019,1.08,10.29,0.104956268
1319,BATANGAS,2019,243.35,2300,0.105804348
1320,CAVITE,2019,660.76,7600,0.086942105
1321,LAGUNA,2019,60.48,469,0.128955224
1322,QUEZON,2019,74.85,400,0.187125
1323,RIZAL,2019,0.85,37.4,0.022727273
1324,MARINDUQUE,2019,20.39,138,0.147753623
1325,OCCIDENTAL MINDORO,2019,0,7,0
1326,ORIENTAL MINDORO,2019,16.43,123,0.133577236
1327,PALAWAN,2019,80.98,490,0.165265306
1328,ALBAY,2019,55.31,65,0.850923077
1329,CAMARINES NORTE,2019,15.37,27,0.569259259
1330,CAMARINES SUR,2019,9.66,110,0.087818182
1331,SORSOGON,2019,74.97,101,0.742277228
1332,AKLAN,2019,0.4,12,0.033333333
1333,ANTIQUE,2019,18.09,52,0.347884615
1334,CAPIZ,2019,818.99,1931,0.424127395
1335,GUIMARAS,2019,7.59,115,0.066
1336,ILOILO,2019,1985.05,3760,0.52793883
1337,NEGROS OCCIDENTAL,2019,645.52,2000,0.32276
1338,BOHOL,2019,33.48,265,0.126339623
1339,CEBU,2019,5.14,428,0.012009346
1340,NEGROS ORIENTAL,2019,117.37,957,0.122643678
1341,BILIRAN,2019,2.57,28,0.091785714
1342,EASTERN SAMAR,2019,0.12,7,0.017142857
1343,LEYTE,2019,8.4,14,0.6
1344,NORTHERN SAMAR,2019,3.79,11,0.344545455
1345,SAMAR,2019,3.52,8,0.44
1346,SOUTHERN LEYTE,2019,3.73,23,0.162173913
1347,ABRA,2020,6.96,5,1.392
1348,APAYAO,2020,11.75,55,0.213636364
1349,BENGUET,2020,70.35,64,1.09921875
1350,IFUGAO,2020,358.47,1500,0.23898
1351,KALINGA,2020,790,2600,0.303846154
1352,MOUNTAIN PROVINCE,2020,28.99,48,0.603958333
1353,ILOCOS NORTE,2020,1.32,47.5,0.027789474
1354,ILOCOS SUR,2020,51.89,167.9,0.309053008
1355,LA UNION,2020,5.08,13,0.390769231
1356,PANGASINAN,2020,8.13,13,0.625384615
1357,CAGAYAN,2020,7.65,289,0.026470588
1358,ISABELA,2020,11.12,133,0.083609023
1359,NUEVA VIZCAYA,2020,658.83,1592,0.41383794
1360,QUIRINO,2020,57.72,1820,0.031714286
1361,AURORA,2020,1.23,820,0.0015
1362,BATAAN,2020,159.74,340,0.469823529
1363,BULACAN,2020,619.28,210,2.948952381
1364,ZAMBALES,2020,1.77,10.29,0.172011662
1365,BATANGAS,2020,174,2200,0.079090909
1366,CAVITE,2020,587.02,7600,0.077239474
1367,LAGUNA,2020,60.5,469,0.128997868
1368,QUEZON,2020,72.77,400,0.181925
1369,RIZAL,2020,0.72,40,0.018
1370,MARINDUQUE,2020,19.95,130,0.153461538
1371,OCCIDENTAL MINDORO,2020,0,7,0
1372,ORIENTAL MINDORO,2020,13.39,123,0.108861789
1373,PALAWAN,2020,75.23,490,0.153530612
1374,ALBAY,2020,41.58,45,0.924
1375,CAMARINES NORTE,2020,11.4,27,0.422222222
1376,CAMARINES SUR,2020,7.95,110,0.072272727
1377,SORSOGON,2020,59.01,80,0.737625
1378,AKLAN,2020,0.41,12,0.034166667
1379,ANTIQUE,2020,17.45,52,0.335576923
1380,CAPIZ,2020,792.25,1935,0.409431525
1381,GUIMARAS,2020,10.66,115.02,0.092679534
1382,ILOILO,2020,1892.42,3760,0.503303191
1383,NEGROS OCCIDENTAL,2020,663.07,2000,0.331535
1384,BOHOL,2020,17.35,271,0.06402214
1385,CEBU,2020,5.58,428,0.013037383
1386,NEGROS ORIENTAL,2020,78.04,957,0.081546499
1387,BILIRAN,2020,3.07,30,0.102333333
1388,EASTERN SAMAR,2020,0.1,7,0.014285714
1389,LEYTE,2020,8.42,14,0.601428571
1390,NORTHERN SAMAR,2020,3.74,11,0.34
1391,SAMAR,2020,3.5,9,0.388888889
1392,SOUTHERN LEYTE,2020,3.95,23,0.17173913
1393,ABRA,2021,6.43,5,1.286
1394,APAYAO,2021,10.27,60,0.171166667
1395,BENGUET,2021,73.12,64,1.1425
1396,IFUGAO,2021,279.41,1500,0.186273333
1397,KALINGA,2021,742,2600,0.285384615
1398,MOUNTAIN PROVINCE,2021,28.64,48,0.596666667
1399,ILOCOS NORTE,2021,1.27,48,0.026458333
1400,ILOCOS SUR,2021,53.82,167.9,0.320547945
1401,LA UNION,2021,4.89,13,0.376153846
1402,PANGASINAN,2021,8.47,13,0.651538462
1403,CAGAYAN,2021,7.19,289,0.024878893
1404,ISABELA,2021,12.2,133,0.091729323
1405,NUEVA VIZCAYA,2021,739.5,1615,0.457894737
1406,QUIRINO,2021,62.22,1825,0.034093151
1407,AURORA,2021,0.8,905,0.000883978
1408,BATAAN,2021,120.44,340,0.354235294
1409,BULACAN,2021,618.93,210,2.947285714
1410,ZAMBALES,2021,1.09,10.3,0.105825243
1411,BATANGAS,2021,208.21,2200,0.094640909
1412,CAVITE,2021,695.81,7550,0.092160265
1413,LAGUNA,2021,58.97,469,0.125735608
1414,QUEZON,2021,68.57,400,0.171425
1415,RIZAL,2021,0.69,38,0.018157895
1416,MARINDUQUE,2021,16.96,126,0.134603175
1417,OCCIDENTAL MINDORO,2021,0,7,0
1418,ORIENTAL MINDORO,2021,10.92,123,0.088780488
1419,PALAWAN,2021,78.41,490,0.160020408
1420,ALBAY,2021,32.04,44,0.728181818
1421,CAMARINES NORTE,2021,0,27,0
1422,CAMARINES SUR,2021,4.93,106,0.046509434
1423,MASBATE,2021,0.55,1.5,0.366666667
1424,SORSOGON,2021,42.71,72,0.593194444
1425,AKLAN,2021,0.43,12,0.035833333
1426,ANTIQUE,2021,17.99,52,0.345961538
1427,CAPIZ,2021,800.99,1935,0.41394832
1428,GUIMARAS,2021,12.87,117,0.11
1429,ILOILO,2021,1616.9,3760,0.430026596
1430,NEGROS OCCIDENTAL,2021,692.17,2000,0.346085
1431,BOHOL,2021,15.72,271,0.05800738
1432,CEBU,2021,5.5,428,0.012850467
1433,NEGROS ORIENTAL,2021,68.04,960,0.070875
1434,BILIRAN,2021,2.83,32,0.0884375
1435,EASTERN SAMAR,2021,0.06,7,0.008571429
1436,LEYTE,2021,7.9,14,0.564285714
1437,NORTHERN SAMAR,2021,3.77,10,0.377
1438,SAMAR,2021,3.72,9.2,0.404347826
1439,SOUTHERN LEYTE,2021,3.57,25,0.1428
