,rain (mm),surface_pressure (hPa),dewpoint_2m (Â°C),relativehumidity_2m (%),Yield (mt/ha)
0,1701.0,975.3,20.88,78.36,1.1334
1,1634.2,975.55,20.73,77.99,1.135686275
2,1433.2,975.9,20.11,77.13997328234026,1.100904523
3,2017.8,975.66,20.94,79.6,1.140246305
4,1722.0,975.32,20.96,79.45,1.144663462
5,2191.8,975.32,21.04,79.8,1.154454976
6,2787.9,974.6,21.38,82.77,1.17399061
7,1906.2,976.27,20.95,80.12,1.201023256
8,1531.9,976.13,20.63,77.13997328234026,1.230462963
9,2871.6,974.47,21.46,83.77,1.143018868
10,2651.3,974.28,21.41,82.88,1.246588785
11,2353.3,974.54,21.41,82.09,1.257757009
12,1854.5,975.44,21.16,80.78,1.275046729
13,2220.0,975.34,21.25,81.12,1.223587786
14,1440.0,975.01,21.23,79.94,1.251711027
15,2242.4,975.42,21.06,79.33,1.162889734
16,1902.5,975.1,21.21,80.11,1.229846154
17,2381.2,974.68,21.23,80.21,1.368421053
18,2576.3,974.61,21.25,81.58,1.571929825
19,2754.4,974.49,21.38,80.8,0.7
20,2014.1,975.25,21.28,79.66,0.576533333
21,3301.3,974.22,21.78,84.7,0.318466667
22,2306.0,974.65,21.3,80.77,0.203782383
23,2731.4,974.78,21.54,82.48,0.161709845
24,3327.8,975.02,21.57,83.36,0.178290155
25,2182.3,975.96,21.29,80.94,0.203445596
26,2022.5,975.63,21.23,77.51,0.216756098
27,2796.8,974.96,21.89,83.73,0.204878049
28,1979.2,974.86,21.44,80.11,0.195902439
29,1633.5,975.81,20.94,77.13997328234026,0.220439024
30,2079.5,975.6,21.3,78.31,0.306024096
31,3150.3,974.91,21.74,82.36,0.232758065
32,1511.4,1008.17,22.4,79.11,1.053043728
33,1408.8,1008.43,22.26,78.69,0.882692549
34,1112.4,1008.75,21.75,77.13997328234026,0.821790858
35,1800.5,1008.55,22.45,80.3,1.066881653
36,1733.0,1008.23,22.46,80.07,0.902433438
37,2214.0,1008.18,22.55,80.87,0.883023189
38,2927.0,1007.48,22.79,83.44,0.770546069
39,1632.4,1009.22,22.4,80.59,0.885573333
40,1616.1,1008.86,22.28,77.13997328234026,0.47144
41,2877.2,1007.34,22.84,84.3,0.46732
42,2590.4,1007.13,22.81,83.38,0.263868966
43,2292.5,1007.41,22.85,82.57,0.257710345
44,1763.8,1008.35,22.61,81.21,0.255546667
45,2098.9,1008.26,22.68,81.68,0.227290909
46,1555.1,1007.91,22.69,80.62,0.219787879
47,2320.3,1008.3,22.58,80.35,0.24458
48,1838.1,1007.96,22.7,80.95,0.235053333
49,2097.4,1007.51,22.71,81.02,0.242405498
50,2497.6,1007.45,22.69,82.32,0.250453608
51,2562.9,1007.34,22.8,81.32,0.239628866
52,2113.6,1008.03,22.81,80.62,0.208919477
53,3106.6,1007.09,23.13,84.96,0.162374398
54,1905.1,1007.47,22.76,81.36,0.156151724
55,2642.8,1007.63,22.99,83.07,0.042958621
56,3749.3,1007.94,22.97,83.83,0.025067568
57,2184.5,1008.87,22.76,81.38,0.02646
58,1840.9,1008.41,22.82,78.84,0.020566667
59,2859.4,1007.82,23.29,84.09,0.06284
60,2006.4,1007.71,22.95,80.7,0.061173333
61,1509.9,1008.67,22.51,77.85,0.065506579
62,1937.2,1008.38,22.91,79.61,0.068203593
63,3130.5,1007.74,23.22,82.7,0.067742515
64,1579.6,1009.14,24.06,83.59,0.430933235
65,1087.6,1009.34,23.7,81.51,0.460878735
66,1383.2,1009.66,23.67,81.93,0.439499471
67,1543.4,1009.53,23.78,82.82,0.420280273
68,1625.2,1009.32,23.91,83.47,0.417222422
69,1911.2,1009.05,24.01,83.94,0.405829741
70,2246.6,1008.48,24.16,86.0,0.380226293
71,1263.4,1010.14,23.85,83.28,0.518048261
72,1911.8,1009.6,24.1,82.27,0.498463449
73,2541.1,1008.35,24.21,86.68,0.459709729
74,2220.6,1008.19,24.3,86.42,0.648310974
75,2186.2,1008.52,24.35,86.49,0.630302718
76,1200.3,1009.3,23.91,82.56,0.618400413
77,1511.0,1009.22,23.86,82.77,0.74371173
78,1395.2,1009.05,24.1,84.37,0.614072927
79,1895.5,1009.28,23.99,83.5,0.599091847
80,1742.1,1009.03,24.38,86.15,0.608169935
81,2104.5,1008.5,24.31,85.67,0.613292054
82,2524.3,1008.42,24.29,86.7,0.597007224
83,1843.9,1008.5,24.47,86.12,0.591761266
84,2304.5,1008.75,24.3,83.6,0.57619539
85,2729.4,1008.16,24.43,87.03,0.565703474
86,2281.3,1008.53,24.42,86.55,0.548558652
87,2640.8,1008.64,24.44,86.36,0.532948056
88,1821.7,1009.07,24.2,84.92,0.521499828
89,1403.7,1009.85,24.0,82.78,0.521155831
90,2076.4,1009.35,24.44,83.37,0.505675955
91,2674.1,1008.81,24.6,86.46,0.507086343
92,1718.6,1008.84,24.54,85.32,0.547027864
93,1383.1,1009.65,24.0,81.23,0.531131751
94,2371.8,1009.22,24.28,82.93,0.542844857
95,2373.4,1008.8,24.56,85.86,0.491847265
96,1983.5333333333333,932.2933333333334,19.53333333333333,83.97,0.454146016
97,1659.7,932.4483333333332,19.51333333333333,84.87833333333333,0.453250471
98,1837.1,932.7533333333334,19.098333333333333,82.15333333333332,0.429741352
99,2154.8166666666666,932.5516666666666,19.65333333333333,85.8,0.420753441
100,1988.6666666666667,932.3133333333334,19.60333333333333,85.93166666666667,0.42
101,2656.866666666667,932.2016666666668,19.805,86.01666666666667,0.418060167
102,2741.4500000000003,931.555,19.96166666666667,87.895,0.416072302
103,2164.9500000000003,933.115,19.71333333333333,86.51166666666667,0.4
104,2128.05,933.0,19.561666666666667,81.94166666666666,0.400189723
105,3413.65,931.45,19.988333333333333,88.78500000000001,0.401162055
106,2844.133333333333,931.2883333333332,19.96333333333333,88.41000000000001,0.401524813
107,2307.7166666666667,931.5833333333334,19.968333333333334,87.94166666666666,0.4386
108,1938.8,932.385,19.711666666666662,85.83,0.457785714
109,2467.583333333333,932.2866666666667,19.87666666666667,86.555,0.44656
110,1925.483333333333,932.075,19.89,86.22500000000001,0.44575619
111,2299.6833333333334,932.365,19.776666666666667,85.41666666666667,0.446771292
112,2230.2166666666667,932.1166666666668,19.891666666666666,86.94333333333333,0.472650718
113,2446.9666666666667,931.6816666666668,19.996666666666663,86.91166666666668,0.474162679
114,2920.05,931.5733333333332,19.96,87.99333333333334,0.466507177
115,2846.4,931.6116666666668,20.081666666666667,87.71,0.447368421
116,2357.7000000000003,932.1566666666668,20.076666666666668,85.75166666666667,0.512222222
117,3213.816666666667,931.3083333333334,20.235,89.19333333333333,0.505
118,2759.816666666667,931.695,20.07333333333333,88.16833333333334,0.436666667
119,3050.75,931.8183333333332,20.20833333333333,88.22000000000001,0.452222222
120,2865.8833333333337,932.075,20.14333333333333,88.04333333333334,0.465222222
121,2193.4666666666667,932.9483333333334,19.936666666666667,85.94666666666667,0.468111111
122,2369.516666666667,932.6933333333332,20.14,84.64999999999999,0.486333333
123,3487.183333333333,932.02,20.49,88.71,0.497888889
124,2082.9,931.9933333333332,20.121666666666663,85.86500000000001,0.508644444
125,2022.3,932.8366666666666,19.82,83.87166666666667,0.519377778
126,2635.0666666666666,932.5466666666669,20.086666666666662,85.15166666666667,0.491751749
127,3383.65,931.985,20.381666666666668,88.51833333333333,0.559708037
128,1766.9,1003.9,23.37,82.15,2.148085106
129,1566.8,1004.11,23.2,81.34,1.813070866
130,1516.6,1004.41,23.01,80.19,1.76112
131,2320.8,1004.27,23.26,81.52,1.608166667
132,1964.8,1004.02,23.28,81.81,1.00768
133,2769.8,1003.82,23.39,82.12,1.393249608
134,3346.6,1003.22,23.37,82.47,2.3420305563404704
135,1891.3,1004.94,23.13,81.2,2.032215863
136,2257.7,1004.36,23.53,80.32,2.026181818
137,3894.3,1003.09,23.35,81.74,1.73755102
138,3260.7,1002.9,23.42,81.52,1.241956522
139,2631.1,1003.22,23.47,81.84,1.470666667
140,1913.1,1004.1,23.28,81.64,0.83725
141,2519.2,1004.03,23.37,82.55,0.821388889
142,2125.3,1003.78,23.47,82.34,0.815294118
143,2716.7,1004.06,23.35,81.76,0.69902439
144,2189.6,1003.74,23.47,81.49,0.641917808
145,2898.3,1003.26,23.46,81.35,0.63375
146,3382.7,1003.17,23.41,81.79,0.600645161
147,2987.1,1003.22,23.49,81.77,0.533103448
148,3265.0,1003.63,23.66,81.31,0.486538462
149,3346.7,1002.89,23.54,82.77,0.4264
150,2335.9,1003.21,23.45,81.4,0.375217391
151,3349.1,1003.37,23.54,81.86,0.362222222
152,3605.5,1003.81,23.4,82.3,0.333636364
153,2325.2,1004.62,23.37,81.6,0.324705882
154,2456.9,1004.11,23.8,81.62,0.23952381
155,3601.3,1003.59,23.81,82.74,0.233658537
156,2129.3,1003.55,23.63,81.15,0.227894737
157,1909.2,1004.44,23.35,80.12,0.222222222
158,3292.0,1004.04,23.71,81.68,0.201219512
159,3979.0,1003.54,23.68,81.82,0.209095951
160,2079.575,963.8675,21.25,81.2,0.50765609
161,1890.15,964.09,21.195,81.2675,0.502372709
162,1787.6,964.3725,20.8375,79.475,0.528095723
163,2445.9,964.195,21.4025,83.2675,0.5549389
164,2141.475,963.99,21.2925,82.83500000000001,0.551808081
165,2749.8,963.805,21.46,83.11749999999999,0.525028571
166,3103.225,963.1825,21.595,84.8925,0.443071429
167,2383.275,964.81,21.4025,82.795,0.52637206
168,2307.1,964.4975,21.245,79.1075,0.510099786
169,3615.025,963.1175,21.6475,86.3075,0.856592878
170,3181.625,962.9575,21.6675,85.9275,0.433291796
171,2598.625,963.2575,21.6725,84.8825,0.36691134
172,2047.9,964.03,21.39,82.185,0.358621997
173,2738.9750000000004,963.915,21.62,83.755,0.44000709
174,2149.125,963.7325,21.5925,82.67,0.490880157
175,2537.1,963.99,21.505,82.645,0.949519849
176,2451.95,963.7775,21.615,83.5,0.896995798
177,2892.2250000000004,963.29,21.6725,83.5625,0.751396624
178,3202.9,963.2375,21.6475,84.855,0.709084746
179,2925.625,963.25,21.785,84.0725,0.882547264
180,2739.45,963.685,21.7525,82.3075,0.908717277
181,3461.4,962.9525,21.8625,85.9775,0.927886792
182,3022.325,963.3375,21.695,84.735,0.937224274
183,3365.05,963.435,21.8375,84.975,0.956205263
184,2980.925,963.71,21.8025,84.1325,0.961378947
185,2294.75,964.58,21.4675,81.375,0.967681388
186,2663.9,964.2125,21.6625,79.9075,0.677075676
187,3799.125,963.6025,22.0975,85.31,0.696379404
188,2284.5,963.57,21.78,82.0475,0.652443385
189,2103.05,964.4,21.43,79.9925,0.628006897
190,2844.675,964.07,21.817500000000003,81.75,0.608233333
191,3661.05,963.585,22.02,84.7975,0.564780952
192,2278.1,955.97,20.95,83.87,1.246923488
193,2022.5,956.17,20.91,84.63,1.26093279
194,1897.5,956.5,20.5,81.77,1.117840043
195,2742.9,956.3,21.01,85.54,1.143355776
196,2157.4,956.06,20.98,85.09,1.180075758
197,2909.4,955.89,21.13,85.87,1.148398946
198,3161.1,955.29,21.21,86.61,1.16698574
199,2693.6,956.9,20.98,85.33,1.176095866
200,2360.2,956.69,20.94,81.83,1.166332858
201,3532.1,955.21,21.23,87.39,1.179420884
202,3212.9,955.05,21.3,87.64,1.200766215
203,2644.6,955.35,21.31,86.55,1.131671418
204,2177.0,956.11,21.04,84.88,1.156670418
205,2934.8,956.0,21.25,86.04,1.165973854
206,2325.8,955.82,21.18,84.56,1.149990527
207,2636.5,956.11,21.09,84.45,1.182510996
208,2581.8,955.87,21.21,85.29,1.177672497
209,3111.8,955.41,21.27,85.63,0.695638835
210,3201.2,955.36,21.25,86.78,0.653302913
211,3078.8,955.35,21.42,86.23,0.570535922
212,2642.7,955.84,21.31,84.59,0.564204916
213,3670.9,955.06,21.46,87.57,0.537573755
214,2984.3,955.44,21.36,86.73,0.494150142
215,3324.4,955.53,21.45,86.72,0.480805676
216,3261.6,955.81,21.39,85.91,0.468476901
217,2380.7,956.66,21.19,84.66,0.552232981
218,2735.1,956.34,21.41,83.29,0.540132042
219,4017.7,955.72,21.71,86.96,0.598588448
220,2511.0,955.7,21.44,84.41,0.578241877
221,2417.2,956.53,21.2,83.9,0.571109091
222,2884.0,956.22,21.37,84.56,0.59208
223,3859.9,955.71,21.57,86.79,0.615610909
224,5371.479824274001,904.81,20.26,90.19,0.967127447
225,5032.3,904.69,20.26,89.62,1.129585408
226,4600.5,904.99,20.26,88.46,1.232751286
227,3966.7,905.8,20.04,87.3,1.154560892
228,4773.4,905.68,20.18,88.16,1.131116694
229,3528.2,905.47,20.16,86.9,0.989053244
230,4399.6,905.8,20.2,88.14,1.018990861
231,4133.2,905.54,20.22,87.82,1.04005398
232,4793.2,905.14,20.31,88.52,0.995147923
233,4958.2,905.02,20.27,89.58,1.003899791
234,4851.1,905.02,20.3,87.47,1.008201016
235,4204.9,905.71,20.48,89.18,0.997648756
236,5371.479824274001,904.7,20.42,89.71,0.851908
237,4941.6,905.13,20.3,88.45,0.75298794
238,5124.1,905.27,20.42,88.99,0.25075591
239,5371.479824274001,905.46,20.36,88.48,0.184055571
240,4017.2,906.36,20.19,87.42,0.272510965
241,4120.5,906.22,20.59,87.58,0.273726847
242,5371.479824274001,905.47,20.72,89.83,0.262548054
243,3746.8,905.48,20.37,86.52,0.272135331
244,3834.8,906.32,20.21,86.5,0.273235776
245,4430.7,906.15,20.67,88.47,0.267707797
246,5318.8,905.51,20.68,88.89,0.236918754
247,833.0,1003.8,22.59,81.91,0.954256515
248,845.4,1004.08,22.49,81.87,0.976832465
249,954.1,1004.41,21.99,78.1,0.976392415
250,1056.9,1004.23,22.52,82.47,0.963191904
251,1008.3,1003.88,22.55,82.45,1.033435673
252,1225.7,1003.85,22.65,83.29,1.043720139
253,1743.9,1003.14,22.72,84.18,1.018331983
254,1165.3,1004.86,22.43,81.72,0.968072733
255,1212.5,1004.59,22.35,78.13,0.944891862
256,2133.9,1003.08,22.74,85.5,0.987570248
257,1683.6,1002.88,22.82,85.37,1.087980296
258,1185.9,1003.1,22.76,83.02,1.070161031
259,972.5,1003.99,22.65,82.97,1.044944
260,1159.0,1003.86,22.72,83.44,1.084035088
261,884.5,1003.55,22.64,81.11,1.077712934
262,1239.4,1003.96,22.44,80.26,1.065128205
263,1191.0,1003.66,22.81,83.05,1.045718954
264,1374.7,1003.22,22.72,82.5,1.047374582
265,1592.7,1003.21,22.72,84.03,1.040629252
266,1588.4,1003.03,22.87,83.05,1.025342466
267,1483.5,1003.75,22.79,82.03,1.036310345
268,1752.2,1002.83,22.94,85.07,1.040221843
269,1374.3,1003.22,22.84,83.7,1.038172589
270,1835.2,1003.33,22.91,83.77,1.008595318
271,1703.9,1003.57,22.89,83.74,0.961792453
272,1541.7,1004.54,22.66,81.67,0.96681182
273,1197.9,1004.11,22.97,81.01,0.965489614
274,2100.7,1003.48,23.14,84.37,0.962172662
275,970.4,1003.35,22.79,80.03,0.962660944
276,1311.4,1004.36,22.52,79.03,0.997922498
277,1354.6,1004.07,22.82,81.02,0.979304348
278,1899.8,1003.46,23.03,83.34,0.949237537
279,1935.7,983.975,22.1475,82.1575,1.414949224
280,1721.8,984.195,22.0775,82.335,1.355104668
281,1807.75,984.5,21.7075,80.29249999999999,1.375028571
282,2295.25,984.3475,22.2875,84.42750000000001,1.302706415
283,2041.65,984.1225,22.1875,83.8125,1.363640523
284,2560.4,983.92,22.24,83.5975,1.5146625
285,3052.4,983.3225,22.465,86.3525,1.274814453
286,2228.4,984.9725,22.305,84.3475,1.313643923
287,2161.4,984.6175,22.1125,80.7925,1.251087678
288,3590.2000000000003,983.2675,22.48,87.4675,1.267081579
289,3091.75,983.1025,22.51,87.195,0.855710207
290,2535.85,983.39,22.555,86.3375,1.004171053
291,1933.55,984.1475,22.2575,83.195,1.159934596
292,2624.45,984.0375,22.48,85.08,1.138141136
293,2029.55,983.8325,22.4975,83.9325,1.106963855
294,2401.4,984.1125,22.32,83.47,1.103597246
295,2362.05,983.9025,22.5075,84.8725,1.062557659
296,2761.3,983.4075,22.5275,84.96000000000001,1.053512195
297,3121.25,983.3875,22.5125,86.4125,1.024047619
298,2553.0,983.3575,22.715,85.6725,1.027972689
299,2504.25,983.7875,22.5875,83.345,0.932860644
300,3512.1000000000004,983.0825,22.735,87.565,0.939996499
301,2841.6000000000004,983.4725,22.605,86.195,0.944541317
302,3226.35,983.555,22.7025,86.225,0.94804972
303,2816.95,983.8275,22.7175,85.63,0.977689917
304,2077.35,984.6825,22.36,82.11500000000001,1.010348757
305,2507.0,984.27,22.5375,80.895,0.983812155
306,3513.7,983.715,22.985,86.78750000000001,0.943639503
307,2318.9,983.6525,22.7725,83.48,0.964867012
308,1989.9,984.485,22.43,81.37,0.959101393
309,2667.7,984.1675,22.7375,83.285,1.078835578
310,3336.3500000000004,983.7125,22.975,86.3775,1.150386933
311,2101.5,1008.46,23.42,83.42,1.038589041
312,1907.4,1008.77,23.26,83.5,1.037508328
313,1910.6,1009.14,23.02,81.93,1.057144763
314,2100.4,1008.91,23.32,84.54,1.037256875
315,2266.7,1008.53,23.38,83.64,1.016857721
316,2156.9,1008.54,23.36,83.71,1.002292517
317,2769.0,1007.77,23.53,85.16,0.93037112
318,2182.5,1009.52,23.26,84.22,0.86896852
319,1726.3,1009.42,23.21,80.89,0.871580363
320,2779.8,1007.7,23.45,85.0,0.883740815
321,2878.6,1007.52,23.49,84.85,0.892704319
322,2874.0,1007.73,23.55,84.36,0.907092105
323,2286.7,1008.61,23.38,83.36,0.897746386
324,2653.7,1008.49,23.5,84.67,0.901931669
325,1801.1,1008.17,23.61,84.44,0.905
326,2481.0,1008.61,23.39,83.37,0.907203947
327,2549.6,1008.3,23.5,83.59,0.906578249
328,2670.8,1007.88,23.5,83.81,0.890485695
329,2362.4,1007.89,23.39,84.34,0.885605351
330,3221.6,1007.63,23.72,84.21,0.865558528
331,1836.1,1008.49,23.5,82.68,0.853712375
332,3106.1,1007.44,23.63,85.08,0.841508043
333,2658.5,1007.88,23.53,83.82,0.822086428
334,2964.9,1007.98,23.64,84.12,1.021817399
335,3310.6,1008.16,23.71,85.0,0.97032967
336,2356.8,1009.19,23.43,83.5,0.949628064
337,2325.3,1008.84,23.67,82.1,0.942782019
338,3171.4,1008.13,23.85,84.87,0.916444264
339,2317.8,1008.02,23.8,83.41,0.916043867
340,2088.6,1009.06,23.52,83.13,0.897887896
341,2061.3,1008.8,23.6,82.64,0.880299838
342,2711.4,1008.11,23.83,84.49,0.861685575
343,2113.6,956.53,20.92,86.59,0.204188679
344,2098.1,956.72,20.89,86.76,0.20005
345,1904.7,957.01,20.64,85.59,0.19735
346,2755.6,956.86,20.93,87.63,0.1982
347,2347.5,956.63,20.89,87.27,0.199842105
348,3700.7,956.44,21.19,88.43,0.202315789
349,4125.9,955.85,21.11,88.59,0.400744681
350,2489.3,957.48,20.81,87.01,0.320212766
351,3056.2,957.05,21.19,85.54,0.314574468
352,4945.2,955.72,21.05,88.62,0.68245
353,4134.7,955.57,21.09,88.09,0.486219081
354,3049.7,955.88,21.09,87.75,0.511908127
355,2213.8,956.7,20.95,87.35,0.412972222
356,2891.0,956.63,21.08,88.16,0.413239437
357,2464.7,956.41,21.05,87.36,0.411605634
358,3303.9,956.67,21.05,87.73,0.26717284
359,2703.9,956.39,21.09,87.32,0.263345679
360,3627.6,955.93,21.2,87.75,0.279691358
361,4283.9,955.82,21.1,88.12,0.279301746
362,3375.7,955.91,21.08,87.2,0.286034913
363,4177.9,956.31,21.47,88.07,0.278802993
364,4168.1,955.56,21.24,88.56,0.26605985
365,3181.5,955.9,21.17,87.48,0.251870324
366,4012.4,956.05,21.31,88.13,0.243092269
367,3621.0,956.44,21.12,88.15,0.252098765
368,2672.7,957.24,21.04,86.54,0.248404908
369,2934.8,956.84,21.46,86.61,0.262058824
370,4287.3,956.27,21.54,88.68,0.274352941
371,2501.6,956.27,21.24,86.81,0.27239229
372,2296.7,957.1,20.99,85.39,0.291661017
373,4222.2,956.74,21.64,88.07,0.303370787
374,4756.6,956.26,21.51,87.9,0.314662921
375,3138.8,973.37,21.92,85.91,0.138187163
376,2887.4,973.59,21.82,86.03,0.151544944
377,2824.1,973.87,21.75,85.85,0.143039773
378,3536.2,973.73,21.82,86.44,0.145335265
379,3262.7,973.54,21.79,86.51,0.146665277
380,4073.3,973.27,22.04,86.69,0.147075552
381,4732.3,972.69,21.93,87.17,0.130472826
382,3050.6,974.35,21.76,86.11,0.157963153
383,3268.3,973.87,22.11,84.37,0.140179487
384,4640.0,972.61,21.86,87.09,0.128260649
385,4344.8,972.45,21.91,86.76,0.106151116
386,4166.2,972.79,21.95,86.75,0.094066937
387,3397.1,973.54,21.89,85.98,0.109959432
388,4006.3,973.43,21.98,86.8,0.125978702
389,3743.8,973.29,22.01,87.09,0.121130773
390,4399.3,973.5,22.01,86.7,0.125381959
391,3850.8,973.3,21.98,86.72,0.128398792
392,4416.4,972.78,22.04,86.64,0.120040984
393,4349.2,972.71,21.87,86.67,0.1156875
394,4461.8,972.79,22.04,86.79,0.123416667
395,3993.0,973.08,22.26,85.7,0.1189375
396,4651.4,972.46,22.02,87.39,0.1208
397,4565.4,972.83,21.93,86.52,0.12145
398,5182.8,972.92,22.07,86.78,0.125083333
399,4225.4,973.25,22.01,86.84,0.125791667
400,4227.5,974.09,22.01,86.2,0.117369811
401,4100.6,973.67,22.43,86.14,0.118962264
402,4929.7,973.1,22.29,86.99,0.118241509
403,3652.1,973.12,22.17,85.9,0.122490566
404,3393.2,973.94,22.06,85.56,0.12289434
405,4403.7,973.54,22.51,86.34,0.122954717
406,4672.5,973.12,22.37,86.84,0.122885704
407,2938.6,910.59,19.09,84.4,0.751769426
408,2732.3,910.74,18.95,84.35,0.722404508
409,2867.2,911.02,18.82,83.77,0.620603285
410,3576.7,910.84,19.08,85.75,0.71605175
411,3335.2,910.66,19.0,85.43,0.717827281
412,4318.3,910.43,19.24,86.04,0.966446965
413,4562.0,909.84,19.24,86.83,0.981655426
414,3095.1,911.41,19.02,85.2,1.001082158
415,4416.8,911.16,19.05,82.34,0.969646715
416,5203.3,909.73,19.22,87.35,0.946286131
417,4446.0,909.62,19.23,86.81,0.978712409
418,3978.6,909.96,19.25,86.38,0.873879332
419,3145.8,910.71,19.1,84.91,0.872746479
420,3799.5,910.59,19.24,85.82,0.813249635
421,3362.0,910.48,19.27,85.92,0.808099125
422,4081.9,910.68,19.21,85.56,0.917832168
423,3603.5,910.46,19.22,85.94,0.915238928
424,4274.0,909.99,19.33,86.11,0.840384615
425,5087.7,909.86,19.22,86.71,0.840763403
426,3424.3,910.02,19.35,85.92,0.841246723
427,5158.3,910.35,19.44,85.19,0.841051405
428,4849.7,909.66,19.39,87.19,0.839883552
429,4216.8,910.01,19.25,86.31,0.844468705
430,5356.7,910.12,19.37,86.48,0.845636099
431,4011.1,910.45,19.37,86.37,0.845577875
432,3406.5,911.27,19.15,84.43,0.870014556
433,4312.0,911.03,19.46,83.48,0.865174927
434,5371.479824274001,910.33,19.62,86.89,0.794619423
435,3503.6,910.4,19.46,85.38,0.816147565
436,3278.6,911.18,19.24,84.01,0.894714619
437,4820.6,910.84,19.45,84.3,0.928092603
438,4934.4,910.36,19.48,85.76,0.946039604
439,1963.5,1007.37,23.89,86.31,0.088793103
440,1294.3,1007.59,23.79,85.87,0.063706897
441,1475.3,1007.9,23.63,85.1,0.06137931
442,2112.2,1007.73,23.82,86.51,0.095391304
443,2003.9,1007.47,23.83,86.38,0.095391304
444,1991.4,1007.29,24.0,87.08,0.08745614
445,2947.6,1006.67,23.93,87.17,0.086578947
446,1745.9,1008.4,23.69,85.87,0.078508772
447,1556.1,1007.86,24.16,85.56,0.0769
448,2998.2,1006.49,23.92,87.05,0.0545
449,2241.8,1006.29,23.99,86.51,0.065360825
450,2180.9,1006.62,24.02,86.7,0.055051546
451,1938.2,1007.54,23.86,86.34,0.042886598
452,2405.9,1007.49,23.87,86.82,0.036597938
453,1619.7,1007.19,23.95,86.55,0.034777778
454,2095.0,1007.5,23.9,86.51,0.043142857
455,1908.3,1007.15,24.03,86.42,0.041714286
456,2215.4,1006.67,24.07,86.53,0.041343284
457,2475.9,1006.57,24.01,86.94,0.078378378
458,2577.3,1006.61,24.12,86.84,0.085405405
459,2279.4,1007.07,24.3,86.82,0.101351351
460,3186.0,1006.29,24.07,87.37,0.114594595
461,2281.8,1006.61,24.11,86.61,0.132432432
462,2380.5,1006.78,24.16,86.81,0.167297297
463,2718.7,1007.23,23.95,86.69,0.206216216
464,1890.1,1008.06,23.93,85.73,0.241081081
465,1779.1,1007.55,24.39,86.01,0.240540541
466,2915.9,1006.99,24.32,87.0,0.237179487
467,2106.3,1006.95,24.25,86.09,0.233
468,1540.2,1007.86,23.98,84.86,0.190909091
469,2504.3,1007.48,24.3,86.12,0.21875
470,3151.9,1006.93,24.35,86.52,0.256875
471,2003.1,972.415,22.205,84.24000000000001,0.656755824
472,1808.95,972.595,22.275,85.1,0.820949094
473,1774.05,972.915,21.89,83.015,0.821025887
474,2476.05,972.715,22.35,86.16,0.821641791
475,2127.15,972.47,22.26,85.6,0.739466951
476,3174.05,972.32,22.455,86.74000000000001,0.821394737
477,3536.9500000000003,971.69,22.41,87.06,0.821403509
478,2268.3,973.34,22.17,85.81,0.738538012
479,2474.7,973.02,22.24,82.315,0.821402439
480,4060.0,971.55,22.405,87.08500000000001,0.821384615
481,3471.75,971.38,22.465,86.68,0.821384615
482,2691.2,971.685,22.525,86.38,0.810128866
483,2071.75,972.55,22.45,85.755,0.82674359
484,2685.1,972.465,22.58,86.80000000000001,0.879410256
485,2129.6,972.215,22.62,86.49000000000001,0.819282051
486,2712.75,972.51,22.615,86.35,0.787948718
487,2325.15,972.22,22.625,85.63,0.779307692
488,2986.5,971.755,22.7,85.935,0.797675676
489,3522.15,971.655,22.615,86.16499999999999,0.806410256
490,3100.05,971.71,22.625,85.485,0.882282051
491,3360.25,972.195,22.945,86.11500000000001,0.933333333
492,3669.8,971.375,22.77,86.595,0.897974684
493,2862.15,971.735,22.685,85.545,0.596638655
494,3362.9,971.885,22.87,86.27,0.636201681
495,3298.4,972.255,22.715,86.62,0.616371237
496,2262.25,973.08,22.64,84.86,0.618548387
497,2541.25,972.72,22.85,83.8,0.627009646
498,3826.0,972.09,23.015,86.67,0.65
499,2233.6000000000004,972.07,22.72,84.75,0.645793651
500,1996.4,972.935,22.465,83.44,0.653730159
501,3481.95,972.62,22.93,85.09,0.657238095
502,3993.65,972.08,22.93,85.595,0.654555556
503,1659.15,991.315,22.685,83.62,0.964722222
504,1495.6,991.555,22.555,83.28,0.862605042
505,1590.75,991.885,22.255000000000003,81.565,0.811832061
506,1981.5,991.71,22.84,85.88,0.783541667
507,1781.95,991.45,22.69,84.745,0.597152778
508,2276.7,991.285,22.785,85.10499999999999,0.73375
509,2768.95,990.66,23.06,88.15,1.16375
510,1829.25,992.33,22.770000000000003,85.4,1.099027778
511,2041.2,992.0,22.85,84.51,1.466111111
512,3407.8500000000004,990.605,23.11,89.35,1.467569444
513,2784.65,990.43,23.145,89.18,1.067361111
514,2313.95,990.705,23.15,88.1,1.206527778
515,1713.6,991.485,22.73,84.3,1.199305556
516,2295.35,991.365,22.96,86.055,0.846041667
517,1742.85,991.14,23.01,85.33,0.666956522
518,2131.55,991.46,22.805,84.41,0.626333333
519,2038.4,991.225,23.075,86.78,0.683333333
520,2515.1000000000004,990.74,23.125,86.94,0.698675497
521,2905.8,990.73,23.145,88.7,0.718543046
522,2255.4,990.655,23.270000000000003,87.16,0.724337748
523,2284.3,991.155,23.155,85.37,0.711639344
524,3190.55,990.4,23.32,89.03,0.709032258
525,2562.05,990.79,23.215,88.24,0.710576923
526,2897.2,990.875,23.295,88.22,0.56375
527,2419.05,991.135,23.245,86.875,0.413454545
528,1768.4499999999998,992.025,22.815,83.03,0.410909091
529,2241.05,991.605,23.1,82.81,0.418095238
530,3083.5,991.025,23.555,88.6,0.422641509
531,1898.55,990.96,23.225,84.18,0.395
532,1676.6999999999998,991.84,22.755000000000003,81.16499999999999,0.403333333
533,2384.8,991.515,23.115,84.91,0.399583333
534,2950.1000000000004,991.015,23.450000000000003,88.3,0.400819672
535,1314.5,974.315,21.885,84.775,1.42591623
536,985.8,974.515,21.72,83.985,1.226465068
537,1247.6,974.81,21.355,81.80000000000001,1.653072917
538,1524.6,974.66,21.99,86.97999999999999,1.62775
539,1511.6,974.475,21.91,86.78,1.621067358
540,1857.3,974.24,22.005,86.34,1.567720207
541,2039.8,973.665,22.155,88.85499999999999,1.708505155
542,1219.0,975.275,21.91,86.66,1.622047847
543,1563.0,974.87,21.71,82.65,1.427588517
544,2578.1,973.605,22.145,89.70500000000001,1.444717703
545,2168.3,973.45,22.18,89.555,1.603442308
546,1849.4,973.745,22.19,88.81,1.695240385
547,1397.0,974.485,21.985,86.26,1.728207927
548,1969.7,974.375,22.18,87.855,1.928658162
549,1435.1,974.18,22.19,87.18,1.682387449
550,1615.0,974.435,22.01,85.845,1.457930556
551,1572.5,974.24,22.205,88.00999999999999,1.368
552,1775.7,973.735,22.285,87.925,1.193886076
553,2215.4,973.705,22.185,89.02000000000001,1.038163743
554,1732.9,973.715,22.35,88.01,0.900183113
555,1396.9,974.08,22.32,86.19,0.830731261
556,2375.3,973.425,22.365,89.685,0.870595968
557,2007.1,973.82,22.275,88.83500000000001,0.879249117
558,2524.3,973.905,22.385,89.005,0.878859348
559,2010.6,974.185,22.380000000000003,88.185,0.869259259
560,1382.0,975.01,22.11,85.3,0.860538721
561,1892.7,974.595,22.21,83.20500000000001,0.491417526
562,2466.4,974.07,22.65,89.42,0.504510309
563,1186.9,974.01,22.275,84.86,0.513514894
564,976.3,974.805,21.79,81.0,0.498719665
565,1730.5,974.48,22.265,83.975,0.491824268
566,2098.4,974.07,22.64,88.50999999999999,0.480358035
567,2064.375,962.1775,16.883634970446728,83.2925,0.97091094
568,1933.3,962.4975,16.883634970446728,82.9875,0.872136057
569,1983.3,962.6075,16.883634970446728,83.2875,0.991062835
570,2329.6,962.5175,16.883634970446728,84.285,0.926620131
571,2202.725,962.3725,16.883634970446728,84.02,1.004190853
572,2753.4,961.9175,16.883634970446728,84.00500000000001,1.11474934
573,3101.775,961.6075,16.883634970446728,85.2925,0.969970878
574,2010.525,962.4875,16.883634970446728,83.7825,1.205699626
575,2931.9,962.4775,16.883634970446728,82.53,0.735120957
576,3344.625,961.735,16.883634970446728,85.23,0.412252876
577,2929.925,961.6525,16.883634970446728,85.3375,0.488319273
578,2653.925,961.86,16.883634970446728,84.8925,0.559634421
579,2068.3,962.325,16.883634970446728,83.7275,0.559696288
580,2546.5,962.14,16.883634970446728,84.5675,0.567583427
581,2276.825,962.3775,16.883634970446728,84.31,0.730551336
582,2647.15,962.39,16.883634970446728,84.1575,1.003879981
583,2493.95,961.9425,16.883634970446728,84.9,1.042098453
584,2798.55,961.87,16.883634970446728,84.12,1.093383029
585,3301.45,961.6175,16.883634970446728,85.6175,1.116512893
586,2422.275,961.9,16.883634970446728,84.68,1.089548617
587,3113.15,961.545,17.02,84.155,1.008331715
588,3193.5,961.39,16.883634970446728,85.3725,0.986992718
589,2823.775,961.6825,16.883634970446728,84.2325,1.010610101
590,3493.525,961.975,16.883634970446728,85.17,1.06865697
591,2678.0,962.0225,16.883634970446728,84.7925,0.975801919
592,2257.7,962.985,16.883634970446728,83.35249999999999,0.923043478
593,2808.4,962.495,16.883634970446728,83.3225,0.901116541
594,3520.5,961.8375,16.982499999999998,85.495,0.817728571
595,2378.85,962.35,16.883634970446728,84.1075,0.712027674
596,2140.5,962.6875,16.883634970446728,83.07,0.748461481
597,3072.4,962.34,17.06,83.345,0.733354865
598,3115.475,962.0775,17.2075,83.99000000000001,0.781732193
599,988.5,983.38,22.61,82.69,2.3420305563404704
600,748.1,983.56,22.47,82.4,2.3420305563404704
601,849.7,983.87,22.34,81.74,2.3420305563404704
602,994.9,983.75,22.36,82.02,2.3420305563404704
603,900.5,983.53,22.43,82.22,2.3420305563404704
604,1256.5,983.26,22.48,82.58,2.189260355
605,1702.1,982.7,22.47,83.37,2.189240631
606,786.0,984.32,22.34,81.49,2.18795858
607,1457.8,983.82,22.74,82.74,2.184457594
608,1757.0,982.53,22.45,83.49,2.181873767
609,1521.4,982.4,22.51,83.45,2.3420305563404704
610,1438.8,982.73,22.57,83.12,2.3420305563404704
611,735.1,983.53,22.44,81.21,2.314152791
612,1030.7,983.44,22.49,82.36,2.338139079
613,908.5,983.28,22.55,82.39,2.3420305563404704
614,1100.4,983.5,22.46,81.85,2.3420305563404704
615,909.7,983.24,22.56,82.11,2.3420305563404704
616,1442.1,982.72,22.54,82.27,2.3420305563404704
617,1611.9,982.61,22.49,83.29,2.3420305563404704
618,1228.8,982.73,22.75,82.88,2.3420305563404704
619,1708.1,982.98,22.82,82.98,2.3420305563404704
620,1653.2,982.37,22.6,83.5,2.3420305563404704
621,1446.5,982.73,22.66,83.54,2.3420305563404704
622,1471.2,982.86,22.7,83.18,2.3420305563404704
623,1014.5,983.32,22.57,82.4,2.3420305563404704
624,695.1,984.07,22.53,81.47,2.3420305563404704
625,1293.1,983.6,22.97,82.76,2.3420305563404704
626,1811.3,983.04,22.81,83.37,2.3420305563404704
627,1084.1,983.08,22.81,82.49,2.3420305563404704
628,711.4,983.91,22.63,80.91,2.3420305563404704
629,1334.3,983.48,22.72,81.38,2.3420305563404704
630,1587.1,983.04,22.77,82.5,2.3420305563404704
631,2427.1,1006.74,23.45,85.59,1.215907473
632,2053.4,1007.02,23.35,85.28,1.216844729
633,1817.2,1007.42,23.21,84.97,1.216809117
634,2605.2,1007.16,23.4,86.07,1.223877698
635,2223.5,1006.75,23.38,85.09,1.236942446
636,2573.9,1006.81,23.49,86.31,1.264381574
637,3239.3,1006.03,23.5,86.25,1.214617338
638,2418.8,1007.76,23.28,85.2,1.202962963
639,2011.6,1007.66,23.67,85.58,1.184948148
640,3383.1,1005.91,23.47,86.13,1.184985185
641,3039.6,1005.71,23.57,86.3,1.193743396
642,2683.6,1005.94,23.59,85.79,1.193773585
643,2378.5,1006.88,23.43,85.29,1.201645283
644,2543.8,1006.76,23.48,85.72,1.208037736
645,1703.8,1006.39,23.47,84.4,1.209056604
646,2528.5,1006.87,23.46,85.31,1.049811321
647,2324.5,1006.52,23.58,85.62,0.879148936
648,2655.5,1006.1,23.59,85.64,0.949047619
649,2917.4,1006.08,23.52,86.14,0.955714286
650,3165.5,1005.83,23.63,85.26,0.92407619
651,2576.4,1006.74,23.74,85.78,0.811
652,3646.2,1005.63,23.64,86.26,0.780671429
653,2726.3,1006.07,23.62,85.72,0.605833333
654,2956.4,1006.22,23.7,85.79,0.566041667
655,3544.0,1006.37,23.54,84.98,0.537625
656,2498.1,1007.42,23.48,84.83,0.6337875
657,2274.4,1007.07,23.91,85.41,0.697591837
658,3372.8,1006.35,23.86,86.02,0.571959184
659,2401.9,1006.21,23.76,84.75,0.607869388
660,2017.3,1007.25,23.49,83.53,0.645840816
661,2314.6,1007.05,23.85,85.69,0.562816327
662,3031.7,1006.29,23.83,85.51,0.539469388
663,1963.5,1009.51,23.69,85.26,0.452087912
664,1294.3,1009.73,23.63,85.26,0.493333333
665,1475.3,1010.04,23.47,84.58,0.625789474
666,2112.2,1009.88,23.71,86.185,0.641300813
667,2003.9,1009.61,23.69,85.95,0.669609375
668,1991.4,1009.43,23.83,86.13,0.716617647
669,2947.6,1008.81,23.8,86.74,0.793216783
670,1745.9,1010.54,23.53,84.97,0.833202614
671,1556.1,1010.0,23.99,84.545,0.822875817
672,2998.2,1008.63,23.85,86.64500000000001,0.834375
673,2241.8,1008.43,23.92,86.235,0.8895625
674,2180.9,1008.76,23.9,86.12,0.954539877
675,1938.2,1009.68,23.7,85.48,0.813476395
676,2405.9,1009.63,23.69,85.86,0.823991416
677,1619.7,1009.33,23.82,86.02,0.749482289
678,2095.0,1009.64,23.71,85.38,0.791409214
679,1908.3,1009.29,23.93,86.06,0.833220779
680,2215.4,1008.81,23.95,85.92,0.880975
681,2475.9,1008.71,23.92,86.57,0.92297561
682,2577.3,1008.75,23.97,86.195,0.972819277
683,2279.4,1009.21,24.15,85.995,0.966619048
684,3186.0,1008.43,23.94,86.905,0.960415512
685,2281.8,1008.75,23.96,86.09,0.951726027
686,2380.5,1008.92,24.04,86.47,0.958219178
687,2718.7,1009.37,23.8,86.08500000000001,0.998864865
688,1890.1,1010.2,23.71,84.61,1.03972973
689,1779.1,1009.69,24.2,85.26,0.772486772
690,2915.9,1009.13,24.2,86.69,0.475693582
691,2106.3,1009.09,24.11,85.5,0.488571429
692,1540.2,1010.0,23.78,83.88,0.464959677
693,2504.3,1009.62,24.17,85.53,0.512686275
694,2957.3500000000004,1009.045,24.225,86.055,0.406712062
695,2353.1,996.97,22.85,81.79499999999999,0.675961538
696,1834.6,997.21,22.74,81.78999999999999,0.67081761
697,1927.0,997.5,22.695,81.855,0.662229299
698,2235.85,997.365,22.83,83.10499999999999,0.679490446
699,2392.85,997.17,22.885,83.705,0.675443038
700,2654.3,996.895,22.96,83.16499999999999,0.700189873
701,2879.95,996.315,22.97,84.265,0.629607843
702,2207.3500000000004,998.01,22.73,82.71000000000001,0.700844156
703,2009.7,997.45,23.15,81.56,0.687254902
704,3153.7,996.215,23.03,85.07499999999999,0.689934211
705,2920.1,996.04,23.130000000000003,85.17,0.699230769
706,2623.1,996.37,23.115,84.555,0.759338235
707,2323.45,997.16,22.83,82.125,0.704814815
708,2612.3500000000004,997.06,22.835,82.435,0.659111111
709,2105.55,996.87,22.98,82.92,0.681259843
710,2886.8,997.12,22.865,82.22,0.685934959
711,2651.3500000000004,996.875,23.095,83.82,0.661525424
712,2718.3,996.36,23.06,83.27000000000001,0.597428571
713,2788.7,996.3,23.09,84.74000000000001,0.635402299
714,3100.8,996.355,23.21,84.495,0.686451613
715,2268.05,996.655,23.19,82.28999999999999,0.561764706
716,3466.05,996.03,23.195,85.295,0.571388889
717,3262.95,996.39,23.22,84.975,0.591666667
718,3173.65,996.475,23.19,84.16,0.691764706
719,2887.7,996.875,22.955,83.22999999999999,0.667857143
720,2340.2,997.695,22.865,81.70500000000001,0.637857143
721,2822.65,997.205,23.325000000000003,81.905,0.515
722,3321.4,996.67,23.36,84.375,0.430288462
723,2561.05,996.675,23.265,83.125,0.507619048
724,2168.9,997.53,22.97,81.255,0.4064
725,2767.15,997.085,23.16,81.44999999999999,0.267380952
726,3392.25,996.65,23.305,83.475,0.375714286
727,3392.0,986.65,23.01,87.84,0.640377358
728,2912.5,986.98,23.01,87.29,0.670188679
729,2287.5,987.76,22.79,85.27,0.582052495
730,2757.6,987.66,22.8,85.73,0.644123906
731,2243.6,987.48,22.94,86.49,0.694253961
732,3087.7,987.72,22.88,86.12,0.691511848
733,2715.6,987.48,23.03,86.98,0.740999526
734,3228.2,986.96,23.03,86.72,0.732439024
735,3282.3,986.9,23.0,87.6,0.753902439
736,3038.1,986.97,23.09,87.02,0.737073171
737,2956.1,987.27,23.22,85.79,0.736707317
738,3941.6,986.63,23.08,88.06,0.659146341
739,3509.9,986.99,23.12,87.51,0.816081081
740,3688.2,987.09,23.09,86.87,1.0878
741,2919.6,987.49,22.87,85.98,1.0142
742,2461.7,988.3,22.83,84.77,0.873548387
743,3044.9,987.84,23.32,85.17,0.860483871
744,3683.2,987.28,23.24,87.04,0.842096774
745,2665.7,987.3,23.25,86.33,0.847580645
746,2253.2,988.14,22.96,84.28,0.844761905
747,3017.7,987.71,23.2,84.89,0.87890625
748,3741.0,987.27,23.32,86.87,0.80796875
