,weathercode (wmo code),rain (mm),windspeed_10m (km/h),Yield (mt/ha)
0,3.0,0.3651255707762557,6.732808219178082,0.4520879120879121
1,3.0,0.2924429223744292,6.505616438356164,0.4933333333333333
2,3.0,0.3205601092896175,5.957604735883424,0.6257894736842106
3,3.0,0.4130821917808219,5.7026369863013695,0.64130081300813
4,3.0,0.3914269406392694,5.919954337899544,0.669609375
5,3.0,0.4176141552511416,5.593664383561644,0.7166176470588235
6,51.0,0.4792805100182149,5.702618397085611,0.7932167832167832
7,3.0,0.3607648401826484,6.069531963470319,0.8332026143790849
8,3.0,0.3533333333333333,5.1587899543379,0.8228758169934641
9,3.0,0.5214155251141553,5.111095890410959,0.834375
10,3.0,0.4483606557377049,5.068989071038251,0.8895625
11,3.0,0.4100228310502283,5.591187214611873,0.9545398773006136
12,3.0,0.3467237442922374,6.279520547945205,0.8134763948497854
13,3.0,0.3967351598173516,6.425308219178082,0.823991416309013
14,3.0,0.340459927140255,6.083743169398907,0.7494822888283379
15,3.0,0.3961073059360731,5.698949771689498,0.7914092140921408
16,3.0,0.3923173515981735,5.473744292237443,0.8332207792207793
17,3.0,0.4311529680365297,5.711244292237443,0.880975
18,3.0,0.4697404371584699,5.013729508196721,0.9229756097560976
19,3.0,0.4636643835616438,5.952579908675799,0.972819277108434
20,3.0,0.4354566210045662,5.239657534246575,0.9666190476190476
21,3.0,0.5505365296803653,5.736940639269406,0.960415512465374
22,3.0,0.4836293260473588,5.721493624772313,0.9517260273972604
23,3.0,0.4897602739726027,5.5446689497716894,0.9582191780821918
24,3.0,0.4467465753424657,6.209703196347032,0.9988648648648648
25,3.0,0.3509246575342465,6.413595890410959,1.0397297297297297
26,3.0,0.4319785974499089,5.62964480874317,0.7724867724867724
27,3.0,0.528310502283105,5.597602739726027,0.4756935817805383
28,3.0,0.4123059360730594,6.020981735159817,0.4885714285714285
29,3.0,0.3113356164383561,6.514360730593608,0.4649596774193548
30,3.0,0.4806693989071038,5.672529599271402,0.512686274509804
31,3.0,0.5442237442922374,5.532191780821917,0.4067120622568093
32,51.0,0.563716814159292,5.2202802359882,0.0
33,1.0,0.2778082191780822,5.624931506849316,0.6759615384615385
34,3.0,0.2370091324200913,5.349041095890411,0.6708176100628931
35,1.0,0.2482126593806922,4.886498178506376,0.6622292993630573
36,3.0,0.3026940639269406,4.911666666666666,0.6794904458598726
37,3.0,0.3026369863013698,4.970011415525114,0.6754430379746835
38,3.0,0.3444406392694064,4.763173515981736,0.7001898734177215
39,51.0,0.3515596539162113,5.01450364298725,0.6296078431372549
40,3.0,0.2854566210045662,5.067671232876712,0.7008441558441559
41,1.0,0.2650684931506849,4.334132420091324,0.6872549019607843
42,3.0,0.4095091324200913,4.527945205479452,0.6899342105263159
43,3.0,0.3714025500910747,4.4483265027322405,0.6992307692307692
44,3.0,0.3340296803652968,4.806974885844749,0.7593382352941176
45,3.0,0.2908219178082191,5.35681506849315,0.7048148148148149
46,3.0,0.3446232876712329,5.425262557077626,0.6591111111111111
47,3.0,0.2920765027322404,5.160006830601093,0.681259842519685
48,3.0,0.3497602739726027,4.840045662100457,0.6859349593495936
49,3.0,0.3229908675799087,4.605034246575342,0.6615254237288136
50,3.0,0.3463812785388128,4.885490867579909,0.5974285714285714
51,3.0,0.3732126593806922,4.499499089253187,0.6354022988505748
52,3.0,0.3770776255707762,5.0835045662100455,0.6864516129032259
53,1.0,0.3272716894977169,4.549486301369863,0.5617647058823529
54,3.0,0.4379109589041096,4.888333333333334,0.571388888888889
55,3.0,0.40492941712204,4.826377504553734,0.5916666666666667
56,3.0,0.400079908675799,4.842591324200913,0.691764705882353
57,3.0,0.3718607305936073,5.489417808219178,0.6678571428571428
58,1.0,0.2734474885844749,5.386084474885845,0.6378571428571428
59,1.0,0.3545195810564663,4.66905737704918,0.515
60,3.0,0.4293493150684931,4.911461187214612,0.4302884615384615
61,1.0,0.3309474885844748,5.1132762557077625,0.5076190476190476
62,1.0,0.2489383561643835,5.395114155251141,0.4064
63,1.0,0.3421334244080146,4.783128415300546,0.2673809523809524
64,3.0,0.4632077625570776,4.837522831050228,0.3757142857142857
65,51.0,0.4423180924287119,4.626720747295969,0.0
66,1.0,0.257568493150685,5.632009132420092,0.0
67,1.0,0.2293264840182648,5.341232876712328,0.0
68,1.0,0.2220969945355191,5.108652094717669,0.0
69,1.0,0.2685388127853881,5.048401826484018,0.0
70,1.0,0.2886986301369863,5.003116438356165,0.0
71,1.0,0.3514383561643835,4.919497716894978,0.0
72,51.0,0.3535405282331512,5.331728142076503,0.0
73,1.0,0.2638584474885845,5.207796803652968,0.0
74,1.0,0.2858561643835616,4.663892694063927,0.0
75,51.0,0.4196575342465753,5.0071004566210044,0.0
76,1.0,0.3861566484517304,4.930555555555555,0.640377358490566
77,1.0,0.3324771689497717,5.175239726027397,0.670188679245283
78,1.0,0.2611301369863014,5.522751141552512,0.5820524946795933
79,1.0,0.3147945205479452,5.505513698630137,0.6441239063608418
80,1.0,0.2554189435336976,5.378119307832423,0.6942539607472216
81,1.0,0.3524771689497716,5.05689497716895,0.6915118478139949
82,1.0,0.31,4.812420091324201,0.7409995262908574
83,1.0,0.3685159817351598,4.985753424657534,0.7324390243902439
84,1.0,0.3736680327868852,4.865846994535519,0.7539024390243902
85,1.0,0.3468150684931507,5.370194063926941,0.7370731707317073
86,1.0,0.3374543378995434,4.537488584474886,0.7367073170731707
87,51.0,0.4499543378995433,5.177705479452055,0.6591463414634146
88,1.0,0.3995787795992714,5.108060109289617,0.8160810810810811
89,1.0,0.4210273972602739,5.098333333333334,1.0878
90,1.0,0.3332876712328767,5.673630136986302,1.0142
91,1.0,0.2810159817351598,5.541130136986301,0.8735483870967742
92,1.0,0.346641621129326,4.822723132969035,0.8604838709677419
93,1.0,0.4204566210045662,5.213550228310502,0.8420967741935484
94,1.0,0.3043036529680365,5.363938356164383,0.8475806451612903
95,1.0,0.2572146118721461,5.583961187214612,0.8447619047619047
96,1.0,0.3435450819672131,4.922165300546449,0.87890625
97,1.0,0.4270547945205479,5.100159817351599,0.80796875
98,51.0,0.4470870206489675,4.935263028515242,0.0
99,1.0,0.2361529680365296,8.492945205479451,0.7
100,1.0,0.1630479452054794,7.948504566210045,0.65
101,1.0,0.1944672131147541,7.698622495446266,0.7000000000000001
102,1.0,0.2264383561643835,7.688744292237442,0.65
103,1.0,0.2662671232876712,8.017739726027397,0.699787226856699
104,51.0,0.2813013698630137,7.274109589041095,0.75
105,51.0,0.2969489981785064,8.070742258652094,0.8602530155928214
106,1.0,0.1826255707762557,7.626952054794521,0.9
107,1.0,0.2487100456621004,6.410810502283105,0.85
108,51.0,0.3624086757990867,7.595593607305935,0.7
109,51.0,0.3074795081967213,7.347700364298724,0.7
110,51.0,0.3014840182648401,7.798207762557078,0.8
111,1.0,0.197579908675799,8.482431506849316,1.446375
112,1.0,0.2446575342465753,8.364109589041096,1.19125
113,1.0,0.1999772313296903,8.61875,1.228235294117647
114,1.0,0.2827054794520548,7.7675,1.7228571428571429
115,1.0,0.2473173515981735,7.621917808219178,1.708157894736842
116,51.0,0.3027054794520548,7.670365296803652,1.4223684210526315
117,51.0,0.3270491803278689,7.142406648451731,1.391315789473684
118,1.0,0.2568036529680365,8.373367579908676,1.5261764705882352
119,51.0,0.301837899543379,6.512374429223745,1.5
120,51.0,0.3963584474885844,7.969098173515982,1.2597058823529412
121,51.0,0.3137750455373406,7.833948087431693,0.8538235294117648
122,51.0,0.3597488584474886,8.003481735159818,0.9625
123,1.0,0.2683789954337899,8.692157534246576,1.145
124,1.0,0.2145776255707762,8.376746575342466,0.8028571428571428
125,1.0,0.3046903460837887,7.203164845173042,0.7910714285714285
126,51.0,0.3680479452054794,7.904383561643835,0.7760714285714286
127,1.0,0.2394178082191781,8.213070776255707,0.7333333333333333
128,1.0,0.2153538812785388,8.24283105022831,0.6029411764705882
129,1.0,0.3392645719489982,7.314492258652095,0.6070588235294118
130,1.0,0.3476712328767123,7.920719178082192,0.6797222222222222
131,51.0,0.3913470993117011,7.476020157325467,0.0
132,3.0,0.2853767123287671,4.655445205479452,0.4541460163111669
133,3.0,0.2533904109589041,4.423196347031963,0.4532504705144291
134,1.0,0.2809881602914389,4.442406648451731,0.4297413522012579
135,3.0,0.3245776255707763,3.888458904109589,0.4207534408179316
136,3.0,0.2826598173515982,4.492317351598174,0.42
137,3.0,0.4005593607305936,4.034372146118721,0.4180601668492458
138,3.0,0.3834585610200364,4.230077413479052,0.4160723017813482
139,3.0,0.3311301369863013,3.982454337899544,0.4
140,3.0,0.3203424657534246,4.45027397260274,0.400189723320158
141,3.0,0.4722716894977169,4.07412100456621,0.4011620553359683
142,3.0,0.4019125683060109,4.181693989071039,0.4015248133509003
143,3.0,0.3561187214611872,4.296963470319635,0.4386
144,3.0,0.2920433789954338,4.407819634703197,0.4577857142857143
145,3.0,0.3686187214611872,4.192625570776256,0.44656
146,3.0,0.2913934426229508,4.260484972677595,0.4457561904761904
147,3.0,0.3518264840182648,4.082808219178083,0.4467712918660287
148,3.0,0.3265525114155251,4.430913242009133,0.4726507177033492
149,3.0,0.3684360730593607,4.294372146118721,0.4741626794258373
150,3.0,0.4147199453551912,4.082411202185792,0.4665071770334928
151,3.0,0.4005593607305936,4.570776255707763,0.4473684210526316
152,3.0,0.3264497716894977,4.002648401826484,0.5122222222222222
153,3.0,0.4572945205479452,3.994680365296804,0.505
154,3.0,0.4024248633879781,4.588091985428052,0.4366666666666666
155,3.0,0.415810502283105,4.213059360730594,0.4522222222222222
156,3.0,0.4021118721461187,4.386860730593607,0.4652222222222222
157,3.0,0.3197831050228311,4.2592694063926935,0.4681111111111111
158,3.0,0.3494877049180327,4.233948087431694,0.4863333333333333
159,3.0,0.4803881278538812,4.053858447488585,0.4978888888888889
160,3.0,0.3148401826484018,4.396392694063927,0.5086444444444445
161,3.0,0.2993378995433789,4.263287671232876,0.5193777777777777
162,3.0,0.385985883424408,3.942566029143898,0.4917517491491752
163,3.0,0.4767465753424658,3.999828767123288,0.5597080373001777
164,51.0,0.4962512291052114,3.963483284169125,0.0
165,1.0,0.1413356164383561,18.5036080736801,2.148085106382979
166,1.0,0.0969406392694064,18.5036080736801,1.8130708661417323
167,1.0,0.1003870673952641,18.5036080736801,1.7611199999999998
168,1.0,0.2044406392694064,17.56678082191781,1.6081666666666663
169,1.0,0.1876027397260274,18.5036080736801,1.00768
170,1.0,0.1902853881278539,17.017077625570778,1.3932496075353218
171,1.0,0.2577641165755919,17.509688069216757,2.31127331862763
172,1.0,0.1415753424657534,18.06352739726028,2.03221586263287
173,1.0,0.1046461187214611,17.314623287671232,2.026181818181818
174,1.0,0.2583561643835616,16.600365296803655,1.7375510204081632
175,1.0,0.2290642076502732,16.42707194899818,1.2419565217391304
176,1.0,0.2356164383561644,17.913858447488582,1.4706666666666666
177,1.0,0.1840525114155251,18.5036080736801,0.83725
178,1.0,0.2439383561643835,18.49433789954338,0.821388888888889
179,1.0,0.166905737704918,18.147222222222226,0.8152941176470588
180,1.0,0.211107305936073,17.322648401826484,0.6990243902439024
181,1.0,0.1778196347031963,18.5036080736801,0.6419178082191781
182,1.0,0.1993036529680365,17.47574200913242,0.63375
183,1.0,0.2227459016393442,16.35013661202186,0.6006451612903226
184,1.0,0.2476940639269406,18.5036080736801,0.5331034482758621
185,1.0,0.1670890410958904,16.20107305936073,0.4865384615384615
186,1.0,0.293162100456621,17.668139269406392,0.4264
187,1.0,0.1546903460837887,18.5036080736801,0.3752173913043478
188,1.0,0.2272146118721461,17.70813926940639,0.3622222222222222
189,1.0,0.4038356164383561,17.773641552511418,0.3336363636363636
190,1.0,0.1852168949771689,18.07304794520548,0.3247058823529412
191,1.0,0.1684312386156648,17.96322859744991,0.2395238095238095
192,1.0,0.2805365296803653,16.796974885844747,0.2336585365853658
193,1.0,0.1889497716894977,18.5036080736801,0.2278947368421052
194,1.0,0.1357648401826484,18.5036080736801,0.2222222222222222
195,1.0,0.1881261384335154,16.529098360655738,0.2012195121951219
196,1.0,0.3082990867579908,16.447043378995435,0.209095951192457
197,1.0,0.2729351032448378,16.563667649950837,0.0
198,1.0,0.2917465753424657,4.934303652968037,0.204188679245283
199,1.0,0.2620433789954338,4.94675799086758,0.2000499999999999
200,1.0,0.257035519125683,4.719911202185792,0.19735
201,1.0,0.3303538812785388,4.326392694063927,0.1982
202,1.0,0.2996461187214612,4.902945205479452,0.1998421052631578
203,1.0,0.346324200913242,4.277751141552511,0.2023157894736842
204,51.0,0.4072062841530054,4.370696721311475,0.4007446808510638
205,1.0,0.2839155251141552,4.627614155251142,0.3202127659574468
206,1.0,0.2556506849315068,4.530228310502284,0.3145744680851063
207,1.0,0.4079337899543379,4.1721232876712335,0.68245
208,1.0,0.3872153916211293,4.338535974499089,0.4862190812720848
209,1.0,0.3706050228310502,4.646130136986301,0.5119081272084806
210,1.0,0.3105479452054794,4.867534246575342,0.4129722222222222
211,1.0,0.385445205479452,4.566369863013699,0.4132394366197183
212,1.0,0.3240209471766848,4.795582877959927,0.4116056338028169
213,1.0,0.3784018264840182,4.231301369863013,0.2671728395061728
214,1.0,0.334486301369863,4.839554794520548,0.2633456790123457
215,1.0,0.3812100456621005,4.4006849315068495,0.2796913580246913
216,1.0,0.3815573770491803,4.312226775956284,0.2793017456359102
217,1.0,0.427865296803653,4.803150684931507,0.2860349127182044
218,1.0,0.2945091324200913,4.062477168949772,0.2788029925187032
219,2.0,0.4235045662100457,4.16670091324201,0.2660598503740648
220,1.0,0.4259107468123861,4.813763661202185,0.2518703241895262
221,1.0,0.4503652968036529,4.353938356164384,0.2430922693266833
222,1.0,0.415,4.337808219178082,0.2520987654320987
223,1.0,0.3777511415525114,4.550924657534247,0.2484049079754601
224,1.0,0.3687044626593806,4.385815118397086,0.2620588235294118
225,1.0,0.4479680365296803,4.326700913242009,0.2743529411764706
226,1.0,0.3375456621004566,4.679828767123288,0.2723922902494331
227,1.0,0.3020205479452054,4.756141552511416,0.2916610169491525
228,1.0,0.3780623861566484,4.105726320582877,0.3033707865168539
229,1.0,0.4244063926940639,4.249760273972603,0.3146629213483146
230,51.0,0.4621312684365782,4.326192232055064,0.0
231,1.0,0.2619977168949771,6.730810502283105,0.0887931034482758
232,1.0,0.2067579908675799,6.655730593607306,0.0637068965517241
233,1.0,0.2239071038251366,6.072632058287796,0.0613793103448275
234,1.0,0.2854908675799087,5.741255707762558,0.0953913043478261
235,1.0,0.2772374429223744,6.244760273972602,0.0953913043478261
236,1.0,0.341541095890411,5.569166666666667,0.0874561403508772
237,51.0,0.4075250455373406,6.092133424408015,0.086578947368421
238,1.0,0.2572488584474885,6.343162100456621,0.0785087719298245
239,1.0,0.3334931506849315,4.940308219178082,0.0769
240,51.0,0.4765182648401826,5.423915525114155,0.0545
241,1.0,0.4437272313296903,5.238410746812386,0.065360824742268
242,1.0,0.3252397260273972,5.974497716894977,0.0550515463917525
243,1.0,0.2629337899543379,6.563664383561644,0.0428865979381443
244,51.0,0.301689497716895,6.598630136986301,0.0365979381443298
245,1.0,0.2623747723132968,6.519182604735883,0.0347777777777777
246,1.0,0.3449200913242009,5.792922374429224,0.0431428571428571
247,1.0,0.3059360730593607,5.854726027397261,0.0417142857142857
248,1.0,0.3665296803652968,5.882454337899544,0.0413432835820895
249,1.0,0.4247267759562841,5.2132058287796,0.0783783783783783
250,1.0,0.3580479452054794,6.426392694063926,0.0854054054054054
251,1.0,0.3912214611872146,5.120479452054795,0.1013513513513513
252,51.0,0.4416666666666666,5.959052511415526,0.1145945945945946
253,1.0,0.3916780510018215,5.924464936247723,0.1324324324324324
254,51.0,0.4059360730593607,5.763721461187214,0.1672972972972973
255,1.0,0.3807648401826484,6.4387100456621,0.2062162162162162
256,1.0,0.2533447488584475,6.527751141552511,0.2410810810810811
257,1.0,0.3252504553734062,5.579382969034609,0.2405405405405405
258,1.0,0.4477283105022831,5.671118721461188,0.2371794871794871
259,1.0,0.2870319634703196,6.225502283105023,0.233
260,1.0,0.2411986301369863,6.453961187214611,0.1909090909090909
261,1.0,0.371379781420765,5.53851320582878,0.21875
262,1.0,0.4324200913242009,5.732922374429224,0.256875
263,51.0,0.5208087512291052,5.415572763028515,0.0
264,1.0,0.1941894977168949,5.961084474885845,0.6567558239861949
265,1.0,0.1490296803652968,6.06884703196347,0.8209490940465919
266,1.0,0.1570469034608378,5.591951275045537,0.821025886864813
267,1.0,0.2279908675799087,5.170662100456621,0.8216417910447762
268,1.0,0.2004223744292237,5.680285388127854,0.7394669509594882
269,1.0,0.2825114155251141,5.04953196347032,0.8213947368421053
270,51.0,0.3354166666666667,5.612864298724955,0.8214035087719299
271,1.0,0.2043949771689497,5.795799086757991,0.7385380116959065
272,1.0,0.2161986301369863,4.889406392694063,0.8214024390243903
273,1.0,0.3577511415525114,5.001769406392694,0.8213846153846153
274,1.0,0.302037795992714,4.808504098360656,0.8213846153846153
275,1.0,0.2301712328767123,5.3701484018264845,0.8101288659793814
276,1.0,0.1953767123287671,5.9370662100456615,0.8267435897435897
277,51.0,0.25662100456621,5.899646118721462,0.8794102564102565
278,1.0,0.1885359744990892,5.856785063752277,0.8192820512820512
279,1.0,0.2392123287671232,5.205388127853881,0.787948717948718
280,1.0,0.2023858447488584,5.382066210045663,0.7793076923076924
281,1.0,0.2476141552511415,5.238059360730594,0.7976756756756757
282,1.0,0.2929986338797814,4.831215846994536,0.8064102564102564
283,1.0,0.3027625570776255,5.940479452054794,0.8822820512820512
284,1.0,0.3019406392694064,4.664041095890411,0.9333333333333332
285,1.0,0.3406278538812785,5.42777397260274,0.8979746835443038
286,1.0,0.2721880692167577,5.4775956284153,0.5966386554621849
287,1.0,0.3015867579908676,5.319303652968037,0.6362016806722689
288,1.0,0.3157762557077625,5.848824200913242,0.6163712374581939
289,1.0,0.1869063926940639,5.997945205479452,0.6185483870967742
290,1.0,0.2176457194899818,5.185371129326048,0.6270096463022508
291,1.0,0.3539611872146118,5.261118721461187,0.65
292,1.0,0.2090068493150685,5.571643835616438,0.6457936507936508
293,1.0,0.1678652968036529,5.95912100456621,0.6537301587301587
294,1.0,0.3232012750455373,4.958720400728597,0.6572380952380953
295,1.0,0.3439954337899543,5.2690753424657535,0.6545555555555556
296,51.0,0.3617994100294985,4.916814159292035,0.0
297,1.0,0.3614269406392694,4.310388127853881,0.0
298,1.0,0.4069863013698629,4.205616438356164,0.0
299,1.0,0.3782445355191257,3.936976320582878,0.0
300,1.0,0.4840867579908676,3.998504566210046,0.0
301,1.0,0.3773173515981735,3.9689726027397256,0.0
302,1.0,0.5729109589041096,3.985639269406392,0.0
303,51.0,0.628620218579235,4.051764571948998,0.0
304,1.0,0.4704109589041096,4.168641552511416,0.0
305,51.0,0.6298173515981735,3.633538812785388,0.0
306,1.0,0.6402651706953,3.7475913242009136,0.9671274467159634
307,1.0,0.6402651706953,3.72662795992714,1.1295854077253218
308,1.0,0.5047374429223744,3.9947831050228313,1.2327512864493997
309,1.0,0.4110958904109589,4.104543378995434,1.1545608919382504
310,1.0,0.5427397260273972,4.198527397260274,1.1311166941003206
311,1.0,0.4371470856102004,4.063046448087432,0.9890532441587768
312,1.0,0.58162100456621,4.113550228310502,1.018990860624524
313,1.0,0.5153310502283105,3.780433789954338,1.040053979782118
314,1.0,0.5875114155251142,3.983915525114155,0.9951479230999104
315,51.0,0.6402651706953,3.709767759562841,1.0038997908158185
316,1.0,0.563093607305936,3.960764840182649,1.008201016037454
317,51.0,0.6402651706953,3.669885844748858,0.9976487562189056
318,1.0,0.6296689497716894,3.945422374429224,0.851908
319,1.0,0.6139685792349727,3.8079348816029146,0.7529879396984924
320,1.0,0.6402651706953,3.825684931506849,0.2507559098405717
321,1.0,0.5353082191780822,4.47453196347032,0.184055571147909
322,1.0,0.4491780821917808,4.486426940639269,0.2725109649122807
323,1.0,0.5751821493624771,3.843488160291439,0.2737268466860075
324,51.0,0.6402651706953,4.072054794520548,0.2625480543834974
325,1.0,0.4468835616438356,4.144246575342466,0.2721353313041442
326,1.0,0.4503310502283105,4.48162100456621,0.2732357761648326
327,51.0,0.63158014571949,3.9519581056466304,0.2677077967689066
328,1.0,0.6402651706953,3.864029680365297,0.2369187543900726
329,51.0,0.6402651706953,4.000490867579909,0.0
330,1.0,0.2975570776255707,5.007180365296803,0.9542565146579804
331,1.0,0.2770776255707762,4.98115296803653,0.9768324649951156
332,1.0,0.2518442622950819,4.947506830601093,0.9763924153645832
333,1.0,0.3506164383561644,4.268858447488584,0.9631919044135576
334,1.0,0.2908561643835616,4.74412100456621,1.03343567251462
335,1.0,0.3783219178082191,4.30716894977169,1.043720139282533
336,51.0,0.4106898907103825,4.21844262295082,1.0183319831497084
337,1.0,0.3415867579908676,4.311678082191781,0.968072733098366
338,1.0,0.2989497716894977,4.799303652968037,0.944891861582826
339,51.0,0.451175799086758,3.848972602739726,0.9875702479338844
340,51.0,0.41150956284153,3.982695810564663,1.0879802955665026
341,1.0,0.3502283105022831,4.31162100456621,1.0701610305958134
342,1.0,0.2924543378995434,4.72675799086758,1.044944
343,51.0,0.3830479452054794,4.507694063926941,1.0840350877192984
344,1.0,0.2996812386156648,4.60622723132969,1.0777129337539433
345,1.0,0.3373515981735159,4.319999999999999,1.0651282051282052
346,1.0,0.3389155251141552,4.554520547945205,1.045718954248366
347,1.0,0.3917123287671233,4.407625570776256,1.0473745819397997
348,51.0,0.4182718579234972,3.926502732240437,1.0406292517006803
349,1.0,0.4098059360730594,4.4362899543379,1.0253424657534245
350,1.0,0.3557534246575342,4.2747031963470326,1.036310344827586
351,51.0,0.4490867579908675,3.92810502283105,1.0402218430034131
352,51.0,0.4014913479052823,4.495890255009107,1.0381725888324873
353,51.0,0.4323972602739726,4.313219178082192,1.0085953177257525
354,51.0,0.4198173515981735,4.194417808219178,0.9617924528301888
355,1.0,0.3179794520547945,4.668002283105023,0.9668118195956452
356,1.0,0.3629667577413479,4.696596083788707,0.9654896142433236
357,51.0,0.5215753424657534,4.068207762557078,0.9621726618705037
358,1.0,0.3226712328767123,4.461084474885845,0.9626609442060086
359,1.0,0.3217922374429224,4.708732876712329,0.9979224976195286
360,1.0,0.3769808743169399,4.3367258652094725,0.979304347826087
361,1.0,0.4981164383561643,4.017956621004567,0.9492375366568916
362,51.0,0.4810502283105022,4.133926940639269,0.0
363,1.0,0.2100228310502283,6.345730593607306,1.4149492242595203
364,1.0,0.1692123287671232,6.23148401826484,1.355104667609618
365,1.0,0.1896516393442623,6.19148451730419,1.3750285714285717
366,1.0,0.2595776255707763,5.877990867579908,1.3027064150943397
367,1.0,0.1973059360730593,5.801906392694064,1.3636405228758168
368,1.0,0.2293264840182648,6.062271689497717,1.5146625
369,51.0,0.2523907103825136,5.782786885245901,1.274814453125
370,1.0,0.224634703196347,5.999269406392694,1.313643923240938
371,1.0,0.1388356164383561,6.156244292237442,1.2510876777251183
372,1.0,0.2683333333333333,5.2775,1.2670815789473684
373,1.0,0.2646516393442623,5.31707650273224,0.8557102069950037
374,1.0,0.2228424657534246,5.58560502283105,1.004171052631579
375,1.0,0.2013812785388127,6.032374429223744,1.159934595524957
376,1.0,0.2468036529680365,6.0063584474885845,1.1381411359724614
377,1.0,0.1577527322404371,5.728335610200364,1.1069638554216867
378,1.0,0.2167465753424657,5.916917808219178,1.1035972461273666
379,1.0,0.2059360730593607,5.681655251141553,1.0625576592082615
380,1.0,0.251175799086758,5.825513698630137,1.0535121951219513
381,1.0,0.2469148451730419,5.373611111111112,1.024047619047619
382,1.0,0.2948972602739726,5.25170091324201,1.0279726890756302
383,1.0,0.1658675799086758,6.036792237442922,0.9328606442577032
384,1.0,0.2964840182648401,5.342568493150685,0.9399964985994398
385,1.0,0.2578438069216758,5.497313296903461,0.9445413165266108
386,1.0,0.2429680365296803,5.570091324200913,0.9480497198879552
387,1.0,0.2886529680365297,5.594132420091324,0.9776899171270718
388,1.0,0.204783105022831,6.319634703196347,1.0103487569060772
389,1.0,0.211577868852459,5.825580601092897,0.9838121546961326
390,1.0,0.304634703196347,5.622591324200913,0.943639502762431
391,1.0,0.1991894977168949,5.655958904109589,0.96486701208981
392,1.0,0.2292009132420091,6.241118721461187,0.9591013928410964
393,1.0,0.2270036429872495,6.077026411657559,1.078835578094642
394,1.0,0.3139269406392694,5.334098173515981,1.1503869331840486
395,51.0,0.2669520547945205,5.684931506849315,0.0
396,1.0,0.1893150684931507,4.928961187214612,0.0
397,1.0,0.1711415525114155,5.083926940639269,0.0
398,1.0,0.1847449908925318,5.053620218579235,0.0
399,1.0,0.2389954337899543,4.235125570776256,0.0
400,1.0,0.2079566210045662,4.73966894977169,0.0
401,1.0,0.2693721461187214,4.536780821917808,0.0
402,51.0,0.3167008196721311,4.241871584699453,0.0
403,2.0,0.1940525114155251,4.572739726027397,0.0
404,1.0,0.2584246575342466,5.193070776255708,0.0
405,3.0,0.3790753424657534,4.086038812785388,0.0
406,3.0,0.3197518214936247,4.147199453551913,0.0
407,2.0,0.2807191780821917,4.364646118721462,0.0
408,1.0,0.208013698630137,4.710148401826484,0.0
409,2.0,0.2761872146118722,4.465011415525114,0.0
410,2.0,0.2098588342440801,4.454121129326047,0.0
411,1.0,0.256472602739726,4.3357534246575336,0.0
412,2.0,0.2438127853881278,4.487351598173516,0.0
413,2.0,0.2965867579908676,4.348253424657534,0.0
414,3.0,0.3421334244080146,4.082297358834245,0.0
415,1.0,0.2594977168949771,4.283778538812785,0.0
416,1.0,0.2667465753424657,4.384680365296804,0.0
417,3.0,0.3740068493150685,3.946906392694064,0.0
418,3.0,0.2955601092896174,4.581591530054644,0.0
419,2.0,0.3523972602739726,4.317682648401827,0.0
420,1.0,0.281324200913242,4.246004566210046,0.0
421,1.0,0.2107534246575342,4.817180365296804,0.0
422,1.0,0.3095969945355191,4.796573315118397,0.0
423,2.0,0.3585958904109589,4.111415525114155,0.0
424,1.0,0.2260958904109589,4.502328767123288,0.0
425,1.0,0.2144292237442922,4.972374429223744,0.9591025902508667
426,1.0,0.2986111111111111,4.472096994535519,1.0242344879545089
427,1.0,0.3421803652968037,3.892180365296804,1.037506726457399
428,51.0,0.3731278538812785,4.088139269406392,0.0
429,1.0,0.3317579908675799,6.002511415525114,1.0385890410958905
430,1.0,0.3181278538812785,6.066746575342465,1.037508327781479
431,1.0,0.3398451730418943,5.769911202185792,1.0571447631754505
432,1.0,0.3339383561643836,5.767579908675799,1.0372568745808182
433,1.0,0.3757077625570776,5.58439497716895,1.016857720836143
434,1.0,0.3430593607305935,5.69480593607306,1.0022925170068029
435,51.0,0.425523679417122,5.717953096539162,0.9303711201079622
436,1.0,0.3521689497716895,6.059406392694064,0.8689685197588747
437,1.0,0.2582648401826484,5.469646118721461,0.8715803631472764
438,1.0,0.426837899543379,5.10203196347032,0.8837408149632598
439,1.0,0.4158925318761384,5.060006830601092,0.8927043189368771
440,1.0,0.4388127853881278,5.350821917808219,0.907092105263158
441,1.0,0.3718264840182648,6.00662100456621,0.8977463863337712
442,1.0,0.4484246575342465,5.912054794520548,0.9019316688567676
443,1.0,0.3104508196721312,5.749533242258653,0.905
444,1.0,0.37324200913242,5.799600456621005,0.9072039473684212
445,1.0,0.3771803652968036,5.408892694063927,0.90657824933687
446,1.0,0.4032534246575342,5.523207762557078,0.8904856952761145
447,1.0,0.3487932604735884,5.094660746812386,0.8856053511705686
448,1.0,0.4946004566210045,5.23074200913242,0.8655585284280937
449,1.0,0.2763470319634703,5.584098173515981,0.8537123745819397
450,1.0,0.4766666666666667,5.347077625570776,0.8415080428954423
451,1.0,0.4160974499089253,5.406716757741347,0.8220864280891289
452,1.0,0.4696118721461187,5.529680365296803,1.021817398794143
453,1.0,0.4695890410958904,5.999303652968036,0.9703296703296704
454,1.0,0.3541095890410959,6.429737442922375,0.9496280642434488
455,1.0,0.3506147540983607,5.664332877959927,0.9427820186598812
456,1.0,0.4644178082191781,5.559977168949772,0.9164442636289666
457,1.0,0.3355707762557077,5.654828767123288,0.9160438667749796
458,1.0,0.3238470319634703,6.398538812785388,0.8978878960194963
459,1.0,0.3092326958105647,5.835883424408014,0.8802998379254456
460,1.0,0.3954566210045662,5.4042808219178085,0.8616855753646677
461,51.0,0.4158904109589041,5.503447488584475,0.0
462,1.0,0.1091095890410958,9.439577625570776,1.246923487544484
463,1.0,0.1197716894977169,9.370650684931508,1.2609327895016846
464,1.0,0.1094489981785063,8.730999544626595,1.1178400425607378
465,1.0,0.1647031963470319,8.509954337899543,1.143355776045358
466,1.0,0.1255707762557077,8.53420091324201,1.1800757575757577
467,1.0,0.1852054794520548,8.625296803652969,1.1483989455184536
468,51.0,0.2309426229508196,8.52554644808743,1.1669857397504455
469,1.0,0.1685958904109589,8.996312785388128,1.1760958660014256
470,1.0,0.1943949771689498,8.216803652968036,1.1663328581610837
471,1.0,0.2719634703196347,7.61730593607306,1.1794208838203848
472,1.0,0.2185450819672131,7.715698998178506,1.2007662152530292
473,1.0,0.1576141552511415,8.268093607305936,1.131671418389166
474,1.0,0.1231506849315068,9.03582191780822,1.1566704183080097
475,1.0,0.1643036529680365,8.878561643835615,1.1659738537324744
476,1.0,0.1231898907103825,8.513319672131148,1.1499905267146646
477,1.0,0.1800114155251141,8.453881278538812,1.1825109963664182
478,1.0,0.1470091324200913,8.348470319634703,1.177672496636556
479,1.0,0.1968264840182648,8.508356164383562,0.6956388349514563
480,1.0,0.2055100182149362,7.619182604735883,0.6533029126213593
481,1.0,0.1825570776255707,7.91041095890411,0.5705359223300971
482,1.0,0.2265753424657534,8.158093607305936,0.5642049162497281
483,1.0,0.2145205479452054,8.051609589041096,0.537573755015341
484,1.0,0.1773337887067395,8.25521402550091,0.4941501416430594
485,1.0,0.2219406392694064,8.004098173515981,0.4808056758056758
486,1.0,0.1955136986301369,8.50505707762557,0.4684769008662175
487,1.0,0.1593264840182648,9.58117579908676,0.5522329812206572
488,1.0,0.1520036429872495,8.221129326047357,0.5401320422535211
489,1.0,0.2693949771689498,8.29224885844749,0.5985884476534296
490,1.0,0.1250684931506849,8.43513698630137,0.5782418772563177
491,1.0,0.1680479452054794,9.448059360730594,0.5711090909090909
492,1.0,0.1992486338797814,8.523633879781421,0.59208
493,1.0,0.2377853881278538,7.811506849315069,0.6156109090909091
494,51.0,0.2466780821917808,8.16654109589041,0.0
495,1.0,0.1660844748858447,5.091974885844748,0.5076560900716479
496,1.0,0.1451940639269406,5.136061643835617,0.5023727087576375
497,1.0,0.1535974499089253,4.995264116575592,0.5280957230142567
498,1.0,0.1823287671232877,4.535810502283105,0.554938900203666
499,1.0,0.174269406392694,4.963424657534246,0.5518080808080807
500,1.0,0.2144520547945205,4.401164383561643,0.5250285714285714
501,1.0,0.2525500910746812,4.466757741347905,0.4430714285714285
502,1.0,0.1497602739726027,4.75310502283105,0.5263720598717035
503,1.0,0.177945205479452,4.803744292237443,0.5100997861724875
504,1.0,0.2846461187214611,4.148938356164384,0.8565928777670837
505,1.0,0.2422700364298725,4.3031648451730415,0.4332917964693665
506,1.0,0.2342009132420091,4.613493150684931,0.3669113402061855
507,1.0,0.1699429223744292,4.883242009132419,0.3586219972631197
508,1.0,0.2190410958904109,4.653264840182648,0.4400070895091751
509,1.0,0.184733606557377,4.888274134790528,0.4908801571709233
510,1.0,0.2372146118721461,4.45244292237443,0.9495198487712664
511,1.0,0.1981164383561643,4.831141552511416,0.8969957983193277
512,1.0,0.243458904109589,4.462123287671233,0.7513966244725738
513,1.0,0.2367486338797814,4.317770947176685,0.7090847457627119
514,1.0,0.2481164383561643,4.821095890410959,0.8825472636815921
515,1.0,0.2084931506849315,4.231232876712329,0.908717277486911
516,1.0,0.2746689497716895,4.141609589041096,0.9278867924528302
517,1.0,0.2700591985428051,4.727709471766849,0.9372242744063324
518,1.0,0.2981506849315068,4.373390410958904,0.9562052631578948
519,1.0,0.2382648401826483,4.525947488584476,0.961378947368421
520,1.0,0.2381849315068493,4.717705479452055,0.9676813880126184
521,1.0,0.2342554644808743,4.706329690346084,0.6770756756756756
522,1.0,0.2804566210045662,4.431141552511416,0.696379403794038
523,1.0,0.1885273972602739,4.828344748858448,0.6524433849821215
524,1.0,0.168607305936073,5.153675799086757,0.6280068965517241
525,1.0,0.259927140255009,4.49174635701275,0.6082333333333333
526,1.0,0.2652625570776255,4.402602739726028,0.5647809523809524
527,1.0,0.2942123287671233,4.375045662100457,0.0
528,1.0,0.2245547945205479,3.265159817351598,0.964722222222222
529,1.0,0.1953881278538812,3.138892694063927,0.8626050420168068
530,1.0,0.2126821493624772,3.1662226775956284,0.8118320610687022
531,1.0,0.2565525114155251,2.8574657534246577,0.7835416666666667
532,1.0,0.2359931506849315,2.9450684931506848,0.5971527777777778
533,51.0,0.2956963470319635,2.9337442922374426,0.73375
534,51.0,0.3285405282331512,2.7838456284153006,1.16375
535,1.0,0.2146803652968036,2.835684931506849,1.0990277777777775
536,1.0,0.2960616438356164,3.250342465753425,1.4661111111111111
537,51.0,0.3605365296803653,2.739920091324201,1.4675694444444445
538,51.0,0.3212659380692167,2.755658014571949,1.067361111111111
539,2.0,0.285,2.884646118721461,1.206527777777778
540,1.0,0.2345890410958904,2.954988584474886,1.1993055555555554
541,1.0,0.3009132420091324,2.9483333333333337,0.8460416666666667
542,1.0,0.2505122950819672,3.046322859744991,0.6669565217391304
543,51.0,0.2769520547945205,3.026255707762557,0.6263333333333333
544,1.0,0.26412100456621,2.819132420091324,0.6833333333333333
545,51.0,0.3052283105022831,2.963493150684932,0.6986754966887417
546,51.0,0.3567964480874316,2.6948201275045536,0.7185430463576159
547,1.0,0.2827625570776256,2.9995890410958905,0.7243377483443708
548,1.0,0.29912100456621,2.800228310502283,0.7116393442622951
549,51.0,0.3671689497716895,2.820650684931507,0.7090322580645162
550,51.0,0.317042349726776,2.8956511839708563,0.710576923076923
551,51.0,0.3822146118721461,2.845102739726028,0.56375
552,1.0,0.3019634703196346,3.033356164383562,0.4134545454545454
553,1.0,0.244486301369863,3.1540296803652965,0.4109090909090909
554,1.0,0.3156420765027322,3.185678506375228,0.4180952380952381
555,51.0,0.3757534246575342,2.881609589041096,0.4226415094339623
556,1.0,0.2384931506849315,3.2114954337899544,0.395
557,1.0,0.2053652968036529,3.432876712328768,0.4033333333333333
558,1.0,0.3078438069216758,3.1081853369763204,0.3995833333333333
559,1.0,0.3422374429223744,2.766609589041096,0.4008196721311475
560,51.0,0.3674429223744292,2.9141894977168947,0.0
561,1.0,0.3010958904109589,3.5965182648401828,0.9709109403254974
562,1.0,0.2740068493150685,3.4715182648401828,0.8721360567768738
563,51.0,0.2929758652094718,3.2621357012750454,0.991062835381686
564,51.0,0.3436187214611872,3.2218150684931506,0.926620130989314
565,1.0,0.3077054794520548,3.455707762557078,1.0041908531222516
566,51.0,0.4040981735159817,3.143664383561644,1.114749340369393
567,51.0,0.437431693989071,3.284801912568306,0.9699708778255444
568,51.0,0.3013013698630137,3.2943036529680363,1.205699625572043
569,51.0,0.4267237442922374,3.0766438356164385,0.7351209567817343
570,51.0,0.4688584474885844,3.295650684931507,0.4122528758042503
571,51.0,0.4097677595628415,3.3581967213114754,0.4883192725909261
572,51.0,0.373310502283105,3.4973744292237443,0.5596344206974129
573,1.0,0.3101141552511415,3.4499543378995434,0.5596962879640045
574,51.0,0.3795091324200913,3.429235159817352,0.567583427071616
575,51.0,0.3461407103825136,3.5570013661202187,0.7305513361462729
576,51.0,0.383310502283105,3.248002283105023,1.0038799812470698
577,1.0,0.351107305936073,3.403744292237443,1.0420984528832629
578,51.0,0.4076027397260274,3.364611872146119,1.0933830285982185
579,51.0,0.4738957194899817,3.1717554644808743,1.116512892639475
580,51.0,0.3540867579908676,3.60615296803653,1.0895486173059767
581,51.0,0.455958904109589,2.883664383561644,1.008331715210356
582,51.0,0.4710273972602739,3.343219178082192,0.986992718446602
583,51.0,0.4170309653916211,3.58688524590164,1.010610101010101
584,51.0,0.5042922374429224,3.4094520547945204,1.0686569696969697
585,51.0,0.3957420091324201,3.5464726027397258,0.9758019193857964
586,1.0,0.3379566210045662,3.515981735159817,0.9230434782608696
587,51.0,0.4286429872495446,3.2669740437158468,0.9011165413533836
588,51.0,0.5058904109589042,3.455171232876712,0.8177285714285715
589,1.0,0.3599657534246575,3.558732876712329,0.7120276738967838
590,51.0,0.3322260273972603,3.5179794520547945,0.7484614809274496
591,51.0,0.4476548269581056,3.06212431693989,0.7333548650302577
592,51.0,0.457648401826484,3.198162100456621,0.7817321925714673
593,51.0,0.4921461187214612,3.3154680365296803,0.0
594,1.0,0.1500570776255707,3.442591324200913,1.425916230366492
595,1.0,0.1125342465753424,3.423527397260274,1.2264650677789364
596,1.0,0.1420309653916211,3.647176684881603,1.653072916666667
597,1.0,0.1740410958904109,3.16824200913242,1.62775
598,1.0,0.1725570776255707,3.1147146118721465,1.6210673575129533
599,1.0,0.2120205479452054,3.2435388127853884,1.5677202072538858
600,51.0,0.2322176684881602,3.0099043715847,1.7085051546391752
601,1.0,0.1391552511415525,3.0943493150684933,1.6220478468899522
602,1.0,0.1784246575342465,3.98730593607306,1.4275885167464115
603,2.0,0.2943036529680365,2.9158561643835617,1.4447177033492824
604,1.0,0.2468465391621129,2.946960382513661,1.6034423076923077
605,1.0,0.2111187214611872,2.9078082191780825,1.6952403846153845
606,1.0,0.1594748858447488,3.097933789954338,1.7282079268708643
607,1.0,0.224851598173516,3.105570776255708,1.9286581622211607
608,1.0,0.1633765938069216,3.170412112932605,1.682387448840382
609,1.0,0.1843607305936073,3.322294520547945,1.4579305555555555
610,1.0,0.1795091324200913,2.9972831050228312,1.368
611,1.0,0.2027054794520548,3.1065410958904107,1.193886075949367
612,1.0,0.2522085610200364,2.911145264116576,1.0381637426900585
613,1.0,0.1978196347031963,3.0927625570776254,0.9001831129196338
614,1.0,0.1594634703196347,3.252283105022831,0.8307312614259599
615,2.0,0.2711529680365297,2.9202397260273973,0.8705959684487292
616,1.0,0.2284949908925318,2.948087431693989,0.8792491166077738
617,1.0,0.288162100456621,2.9454109589041093,0.8788593481989708
618,1.0,0.2295205479452054,3.118881278538813,0.8692592592592593
619,1.0,0.1577625570776255,3.311095890410959,0.8605387205387206
620,1.0,0.2154713114754098,3.588661202185792,0.4914175257731958
621,1.0,0.2815525114155251,2.965719178082192,0.5045103092783505
622,1.0,0.1354908675799087,3.360981735159817,0.5135148936170213
623,1.0,0.1114497716894977,3.7825,0.4987196652719665
624,1.0,0.1970059198542805,3.613228597449909,0.4918242677824267
625,1.0,0.2395433789954338,2.9584246575342465,0.4803580349708576
626,1.0,0.2746004566210046,3.020159817351598,0.0
627,1.0,0.1725342465753424,5.987602739726028,1.1334
628,1.0,0.1608219178082191,5.702180365296804,1.135686274509804
629,1.0,0.1266393442622951,6.107741347905282,1.1009045226130654
630,1.0,0.2055365296803653,5.64439497716895,1.1402463054187193
631,1.0,0.1978310502283105,5.995479452054795,1.1446634615384617
632,1.0,0.2527397260273972,5.285981735159817,1.1544549763033176
633,51.0,0.3332194899817851,5.679713114754098,1.1739906103286386
634,1.0,0.1863470319634703,5.62527397260274,1.2010232558139535
635,1.0,0.184486301369863,5.550570776255708,1.2304629629629629
636,1.0,0.3284474885844748,5.512808219178082,1.1430188679245283
637,1.0,0.2948998178506375,5.599123406193078,1.246588785046729
638,1.0,0.2617009132420091,5.789543378995434,1.2577570093457946
639,1.0,0.2013470319634703,5.650878995433789,1.2750467289719627
640,1.0,0.2396004566210045,5.973915525114156,1.223587786259542
641,1.0,0.177037795992714,5.875842440801457,1.2517110266159694
642,1.0,0.2648744292237443,5.746301369863014,1.162889733840304
643,1.0,0.2098287671232876,5.492374429223744,1.2298461538461538
644,1.0,0.2394292237442922,5.498949771689498,1.368421052631579
645,1.0,0.2843351548269581,5.346015482695811,1.5719298245614035
646,1.0,0.2925684931506849,6.202602739726028,0.7
647,1.0,0.2412785388127853,4.913664383561644,0.5765333333333333
648,1.0,0.354634703196347,5.298630136986302,0.3184666666666667
649,1.0,0.2168829690346083,5.391700819672131,0.2037823834196891
650,1.0,0.301689497716895,5.395045662100457,0.1617098445595855
651,1.0,0.4280022831050228,6.439189497716895,0.1782901554404145
652,1.0,0.2493721461187214,5.775878995433789,0.2034455958549222
653,1.0,0.2095742258652095,5.615459927140255,0.2167560975609756
654,1.0,0.3264155251141553,5.605616438356164,0.2048780487804878
655,1.0,0.2290410958904109,6.1026712328767125,0.1959024390243902
656,1.0,0.1723630136986301,5.87716894977169,0.2204390243902439
657,1.0,0.2205373406193078,5.318761384335155,0.3060240963855422
658,1.0,0.3573630136986301,5.386860730593607,0.232758064516129
659,51.0,0.3633447488584475,5.17351598173516,0.0
660,1.0,0.2335273972602739,6.144634703196347,1.0530437284234753
661,1.0,0.188458904109589,6.3850799086758,0.882692548528491
662,1.0,0.1610428051001821,6.250853825136612,0.8217908578584847
663,1.0,0.2398515981735159,5.382545662100457,1.0668816530995615
664,1.0,0.2252397260273972,5.933196347031964,0.902433438305182
665,1.0,0.2943721461187214,5.36134703196347,0.8830231892356142
666,51.0,0.3779257741347905,5.242543260473588,0.7705460693958228
667,1.0,0.2355022831050228,5.721883561643836,0.8855733333333332
668,1.0,0.2395319634703196,5.626426940639269,0.4714399999999999
669,1.0,0.4255251141552511,4.785479452054795,0.46732
670,1.0,0.3569444444444444,4.863604280510018,0.2638689655172413
671,1.0,0.2586187214611872,5.270570776255707,0.2577103448275862
672,1.0,0.2314611872146118,5.981963470319634,0.2555466666666666
673,1.0,0.2674086757990868,5.638618721461188,0.227290909090909
674,1.0,0.2032445355191257,5.849271402550091,0.2197878787878787
675,1.0,0.2715867579908675,5.391289954337899,0.24458
676,1.0,0.2425228310502283,5.615125570776256,0.2350533333333333
677,1.0,0.283162100456621,5.404646118721461,0.2424054982817869
678,1.0,0.3613046448087431,4.84507058287796,0.2504536082474227
679,1.0,0.3035045662100456,5.618778538812785,0.2396288659793814
680,1.0,0.2996917808219178,5.049577625570777,0.2089194769442532
681,1.0,0.3743036529680365,5.103904109589041,0.16237439779766
682,1.0,0.2693875227686703,5.719649362477232,0.156151724137931
683,1.0,0.343162100456621,5.354691780821917,0.0429586206896551
684,1.0,0.3369748858447489,5.4242694063926935,0.0250675675675675
685,1.0,0.2477739726027397,6.142134703196347,0.0264599999999999
686,1.0,0.2556466302367942,5.686919398907104,0.0205666666666666
687,1.0,0.4262328767123288,5.039646118721461,0.06284
688,1.0,0.2375913242009132,5.646780821917808,0.0611733333333333
689,1.0,0.2253652968036529,6.204828767123288,0.0655065789473684
690,1.0,0.2770491803278688,5.269000455373407,0.0682035928143712
691,1.0,0.3676940639269406,4.992865296803653,0.0677425149700598
692,51.0,0.4041095890410959,4.979143835616439,0.0
693,1.0,0.1838470319634703,17.732853881278537,0.0
694,1.0,0.1655136986301369,18.5036080736801,0.0
695,1.0,0.1333788706739526,18.5036080736801,0.0
696,1.0,0.2523059360730593,18.35655251141553,0.0
697,51.0,0.2633333333333333,18.5036080736801,0.0
698,51.0,0.2777511415525114,17.514440639269406,0.0
699,51.0,0.3532331511839708,18.5036080736801,0.0
700,1.0,0.1974200913242009,18.456312785388125,0.0
701,51.0,0.2130251141552511,18.460490867579907,0.0
702,51.0,0.3759703196347032,18.26866438356164,0.0
703,51.0,0.3402208561020036,17.430510018214935,0.0
704,51.0,0.3113013698630137,18.5036080736801,0.0
705,51.0,0.2838127853881278,18.5036080736801,0.0
706,51.0,0.3106392694063927,18.5036080736801,0.0
707,1.0,0.2301343351548269,18.5036080736801,0.0
708,51.0,0.3135159817351598,18.5036080736801,0.0
709,51.0,0.285810502283105,18.5036080736801,0.0
710,51.0,0.2852168949771689,18.5036080736801,0.0
711,51.0,0.3721083788706739,17.51478825136612,0.0
712,1.0,0.3261872146118721,18.5036080736801,0.0
713,51.0,0.2491324200913242,17.15683789954338,0.0
714,51.0,0.4344634703196347,18.5036080736801,0.0
715,51.0,0.3379895264116576,18.5036080736801,0.0
716,51.0,0.3412899543378995,18.5036080736801,0.0
717,1.0,0.4512442922374429,18.5036080736801,0.0
718,51.0,0.2181963470319634,18.5036080736801,0.0
719,1.0,0.2560678506375228,18.208481329690343,0.0
720,51.0,0.4406963470319635,18.38070776255708,0.0
721,51.0,0.3388356164383561,18.5036080736801,0.000531914893617
722,1.0,0.1831735159817351,18.5036080736801,0.0005851063829787
723,51.0,0.2869421675774135,17.63849043715847,0.0005851063829787
724,51.0,0.4054680365296804,18.36211187214612,0.0006382978723404
725,51.0,0.5210616438356165,18.009006849315067,0.0
726,1.0,0.2836643835616438,9.373002283105023,0.884375
727,1.0,0.2556278538812785,9.658230593607309,0.7833333333333333
728,1.0,0.1779143897996357,9.613046448087433,0.6920000000000001
729,1.0,0.300296803652968,8.979200913242009,0.573076923076923
730,1.0,0.3088356164383561,9.948036529680364,0.6124999999999999
731,51.0,0.3721232876712328,8.762397260273973,0.5341666666666667
732,51.0,0.4578551912568306,9.338194444444444,0.5341666666666667
733,1.0,0.2744520547945205,9.09238584474886,0.2565
734,1.0,0.2261986301369863,9.398413242009132,0.246
735,51.0,0.4351027397260274,8.836175799086757,0.283
736,1.0,0.3920081967213115,8.72273451730419,0.5
737,1.0,0.3466552511415525,8.976381278538813,0.80625
738,51.0,0.3195776255707762,9.807123287671232,0.585625
739,51.0,0.3904680365296804,9.802808219178084,0.366875
740,1.0,0.2757969034608378,9.2883310564663,0.55
741,1.0,0.3623287671232876,9.229634703196348,0.54
742,1.0,0.2844977168949771,9.537226027397262,0.575
743,51.0,0.3475342465753425,9.095639269406393,1.1
744,1.0,0.3828551912568306,8.415915300546448,1.105
745,1.0,0.423892694063927,9.524657534246575,1.025
746,51.0,0.3327625570776256,8.65390410958904,0.8800000000000001
747,51.0,0.4644748858447489,8.945616438356165,0.8857142857142858
748,1.0,0.3156420765027322,9.414902094717668,0.55
749,1.0,0.3935045662100456,9.43236301369863,0.385
750,51.0,0.6181278538812786,9.705091324200914,0.255
751,51.0,0.2797716894977169,9.258390410958905,0.158
752,1.0,0.2909722222222222,9.09464936247723,0.13
753,51.0,0.5072716894977168,9.1675,0.12
754,1.0,0.2930479452054794,9.270296803652968,0.108
755,1.0,0.2340981735159817,9.209360730593607,0.0829999999999999
756,51.0,0.3330714936247723,8.795856102003643,0.09
757,51.0,0.4823287671232876,8.606837899543379,0.055
758,51.0,0.5242808219178082,8.533527397260274,0.0
759,1.0,0.2542579908675799,6.112363013698631,1.2159074733096085
760,1.0,0.200445205479452,6.141529680365297,1.216844729344729
761,1.0,0.1739412568306011,6.270241347905283,1.2168091168091169
762,1.0,0.262796803652968,5.520593607305936,1.2238776978417267
763,1.0,0.2196118721461187,5.922317351598173,1.2369424460431655
764,1.0,0.2861529680365297,5.637454337899543,1.2643815741748277
765,51.0,0.3520833333333333,5.419729052823315,1.2146173376858904
766,1.0,0.234634703196347,5.5920433789954345,1.202962962962963
767,1.0,0.2205251141552511,6.309052511415525,1.1849481481481483
768,1.0,0.3832876712328767,5.242100456621005,1.1849851851851851
769,1.0,0.3387295081967213,5.202026411657559,1.1937433962264152
770,1.0,0.2932077625570776,5.36027397260274,1.1937735849056603
771,1.0,0.2217237442922374,5.896369863013699,1.201645283018868
772,1.0,0.2486986301369863,5.711404109589041,1.2080377358490566
773,1.0,0.1794398907103825,5.77299635701275,1.2090566037735848
774,1.0,0.2719977168949771,5.759178082191781,1.049811320754717
775,1.0,0.2396232876712328,5.66898401826484,0.8791489361702127
776,1.0,0.2901598173515982,5.560262557077626,0.949047619047619
777,1.0,0.3272427140255009,5.172871129326047,0.9557142857142856
778,1.0,0.3322602739726027,5.532431506849315,0.9240761904761904
779,1.0,0.2728196347031963,5.558481735159818,0.8109999999999999
780,1.0,0.3757077625570776,5.208801369863013,0.7806714285714286
781,1.0,0.2754098360655737,5.767566029143898,0.6058333333333333
782,1.0,0.3182648401826484,5.612180365296803,0.5660416666666667
783,1.0,0.3922146118721461,5.691312785388128,0.537625
784,1.0,0.2576027397260274,6.03648401826484,0.6337875
785,1.0,0.2566484517304189,5.931625683060109,0.6975918367346938
786,1.0,0.3689383561643836,5.490228310502284,0.5719591836734693
787,1.0,0.2349885844748858,5.580479452054795,0.607869387755102
788,1.0,0.2194406392694063,6.093059360730593,0.6458408163265306
789,1.0,0.2562158469945355,5.5925432604735885,0.5628163265306123
790,1.0,0.3721004566210045,5.152488584474886,0.5394693877551021
791,51.0,0.3803310502283105,5.220650684931507,0.0
792,1.0,0.1708675799086758,8.140456621004565,0.4309332349686463
793,1.0,0.1221803652968036,7.731837899543378,0.4608787346221441
794,1.0,0.1514344262295082,7.453563296903461,0.4394994712724709
795,1.0,0.1647031963470319,7.614452054794521,0.4202802730865972
796,1.0,0.1718835616438356,7.591506849315069,0.4172224218469278
797,1.0,0.211107305936073,7.396632420091324,0.4058297413793103
798,51.0,0.2704007285974499,8.287670765027322,0.3802262931034482
799,1.0,0.1428538812785388,7.4802625570776256,0.5180482611781405
800,1.0,0.2162899543378995,7.0751484018264845,0.4984634492547906
801,51.0,0.2869178082191781,8.011358447488584,0.4597097288676236
802,51.0,0.2525159380692167,7.947461293260473,0.6483109735122119
803,1.0,0.2430821917808219,8.213356164383562,0.6303027175782594
804,1.0,0.1315525114155251,8.225844748858448,0.6184004127966977
805,1.0,0.1634246575342465,7.828538812785388,0.7437117303061574
806,1.0,0.1576388888888888,8.555453096539162,0.6140729274165806
807,1.0,0.1995205479452054,7.885924657534246,0.5990918472652219
808,1.0,0.1978082191780822,7.388059360730594,0.6081699346405229
809,1.0,0.2395091324200913,7.928059360730594,0.6132920536635706
810,51.0,0.2935109289617486,7.47528460837887,0.5970072239422085
811,1.0,0.2081164383561643,8.165867579908676,0.5917612659098728
812,1.0,0.2659246575342466,6.686472602739726,0.5761953904368765
813,1.0,0.3098059360730594,7.918424657534246,0.565703474372205
814,1.0,0.2647882513661202,7.853927595628415,0.5485586515307878
815,1.0,0.287283105022831,8.061130136986302,0.5329480564155487
816,1.0,0.1978424657534246,8.275308219178083,0.521499828001376
817,1.0,0.1549657534246575,8.08566210045662,0.5211558307533539
818,1.0,0.2393214936247722,7.189321493624773,0.5056759545923633
819,1.0,0.2995776255707763,7.925947488584475,0.5070863433092535
820,1.0,0.2003082191780822,8.094349315068493,0.5470278637770898
821,1.0,0.1432876712328767,8.006997716894977,0.5311317509459924
822,1.0,0.2528346994535519,7.296288706739526,0.5428448572411421
823,1.0,0.2796917808219178,7.84818493150685,0.4918472652218782
824,51.0,0.3233561643835616,7.731050228310503,0.0
825,1.0,0.3315981735159817,5.334303652968036,0.138187163155316
826,3.0,0.3256963470319635,5.26453196347032,0.1515449438202247
827,1.0,0.3120560109289617,4.993180783242258,0.1430397727272727
828,3.0,0.4257534246575342,4.479794520547945,0.1453352649006622
829,3.0,0.3575570776255707,5.220730593607306,0.1466652771988328
830,3.0,0.4690639269406392,4.590410958904109,0.1470755517826825
831,51.0,0.490790072859745,4.863923041894353,0.1304728260869565
832,3.0,0.3906963470319635,4.802785388127854,0.1579631525076765
833,1.0,0.3928652968036529,4.712796803652968,0.1401794871794872
834,3.0,0.573527397260274,4.676073059360731,0.1282606490872211
835,51.0,0.4921220400728597,4.702561475409836,0.1061511156186612
836,3.0,0.4255251141552511,5.053744292237443,0.0940669371196754
837,3.0,0.3866095890410959,5.21898401826484,0.1099594320486815
838,3.0,0.4769292237442922,4.955399543378996,0.1259787018255578
839,51.0,0.3819102914389799,5.139355646630237,0.1211307725507121
840,3.0,0.4490867579908675,4.54535388127854,0.1253819594302977
841,51.0,0.4309246575342466,5.196563926940639,0.1283987915407855
842,3.0,0.4610730593607306,4.90197488584475,0.1200409836065573
843,51.0,0.5335382513661202,4.6114867941712205,0.1156874999999999
844,51.0,0.4735730593607306,5.363995433789954,0.1234166666666666
845,1.0,0.4545433789954338,4.337591324200914,0.1189375
846,3.0,0.5374086757990867,4.739680365296803,0.1208
847,51.0,0.5049294171220401,5.309813296903461,0.12145
848,3.0,0.5337899543378996,4.830616438356164,0.1250833333333333
849,3.0,0.4919406392694063,4.989360730593607,0.1257916666666666
850,3.0,0.4041666666666667,4.994280821917808,0.1173698113207547
851,1.0,0.4499544626593807,4.680054644808744,0.1189622641509434
852,51.0,0.5764954337899544,4.708253424657535,0.1182415094339622
853,1.0,0.3963013698630137,5.003150684931507,0.1224905660377358
854,1.0,0.3643835616438356,4.91716894977169,0.1228943396226415
855,51.0,0.4677709471766848,4.365220856102003,0.122954716981132
856,51.0,0.5597945205479452,4.576358447488585,0.1228857035081101
857,51.0,0.5950799086757991,4.548401826484018,0.0
858,1.0,0.184783105022831,3.9850799086757993,0.7517694256756757
859,1.0,0.163607305936073,4.008276255707763,0.72240450845335
860,1.0,0.1691826047358834,3.99603825136612,0.6206032849020846
861,1.0,0.2000114155251141,3.7069520547945207,0.7160517503805175
862,1.0,0.2196232876712328,3.745502283105023,0.7178272810497407
863,1.0,0.2428652968036529,3.58486301369863,0.9664469650521154
864,1.0,0.3147654826958105,3.6098360655737705,0.9816554261189454
865,1.0,0.1960730593607305,3.821449771689498,1.0010821581851626
866,1.0,0.2076712328767123,3.886678082191781,0.9696467153284672
867,1.0,0.393013698630137,3.349566210045662,0.9462861313868614
868,1.0,0.3312613843351548,3.4363615664845173,0.978712408759124
869,1.0,0.2647488584474886,3.522853881278539,0.8738793322971822
870,1.0,0.1939497716894977,3.7549429223744295,0.8727464788732395
871,1.0,0.2582990867579908,3.640114155251142,0.8132496350364964
872,1.0,0.1883879781420765,3.734676684881603,0.8080991253644315
873,1.0,0.2505365296803652,3.6415981735159817,0.9178321678321678
874,1.0,0.2321917808219178,3.6257077625570777,0.9152389277389276
875,1.0,0.2659474885844748,3.5657876712328767,0.8403846153846153
876,1.0,0.3251821493624772,3.4738501821493624,0.8407634032634033
877,1.0,0.26912100456621,3.743858447488584,0.8412467229828139
878,1.0,0.2670205479452054,3.45824200913242,0.8410514052715887
879,1.0,0.3542351598173516,3.441689497716895,0.8398835516739447
880,1.0,0.3182604735883424,3.645582877959927,0.8444687045123727
881,1.0,0.3551027397260273,3.5123173515981736,0.8456360989810772
882,1.0,0.2569406392694064,3.672602739726028,0.8455778748180495
883,1.0,0.220593607305936,3.759691780821918,0.870014556040757
884,1.0,0.25066029143898,3.819467213114754,0.8651749271137027
885,1.0,0.3395547945205479,3.591004566210046,0.7946194225721784
886,1.0,0.2048858447488584,3.865308219178082,0.8161475648877224
887,1.0,0.1460502283105023,4.248972602739726,0.8947146185206756
888,1.0,0.2676912568306011,3.833617941712204,0.9280926033779848
889,1.0,0.3335616438356164,3.6364497716894975,0.946039603960396
890,1.0,0.3445890410958904,3.623264840182648,0.0
891,1.0,0.1128424657534246,12.588687214611872,2.31127331862763
892,1.0,0.0853995433789954,12.00181506849315,2.31127331862763
893,1.0,0.0967326958105646,11.58296903460838,2.31127331862763
894,1.0,0.1135730593607305,11.925285388127854,2.31127331862763
895,1.0,0.102796803652968,11.949018264840182,2.31127331862763
896,1.0,0.1434360730593607,11.314908675799089,2.1892603550295857
897,1.0,0.1937727686703096,13.264731329690346,2.189240631163708
898,1.0,0.0897260273972602,12.233641552511417,2.187958579881657
899,1.0,0.1664155251141552,10.76472602739726,2.184457593688363
900,1.0,0.2005707762557077,12.295684931506848,2.1818737672583826
901,1.0,0.1732012750455373,12.112147085610202,2.31127331862763
902,1.0,0.1642465753424657,12.50917808219178,2.31127331862763
903,1.0,0.0839155251141552,13.145570776255708,2.31127331862763
904,1.0,0.1176598173515981,12.616141552511415,2.31127331862763
905,1.0,0.1034266848816029,13.43846766848816,2.31127331862763
906,1.0,0.1256164383561644,12.46041095890411,2.31127331862763
907,1.0,0.1038470319634703,11.357876712328768,2.31127331862763
908,1.0,0.1646232876712328,12.547602739726027,2.31127331862763
909,1.0,0.1835040983606557,11.63870673952641,2.31127331862763
910,1.0,0.1402739726027397,12.862910958904113,2.31127331862763
911,1.0,0.1949885844748858,10.437819634703196,2.31127331862763
912,1.0,0.1887214611872146,12.305616438356164,2.31127331862763
913,1.0,0.1646744080145719,11.687602459016391,2.31127331862763
914,1.0,0.167945205479452,12.729246575342463,2.31127331862763
915,1.0,0.115810502283105,13.134143835616438,2.31127331862763
916,1.0,0.0793493150684931,12.63763698630137,2.31127331862763
917,1.0,0.1472108378870673,10.80858378870674,2.31127331862763
918,1.0,0.206769406392694,12.041552511415524,2.31127331862763
919,1.0,0.123755707762557,12.914497716894978,2.31127331862763
920,1.0,0.0812100456621004,12.370833333333334,2.31127331862763
921,1.0,0.151901183970856,11.413558743169398,2.31127331862763
922,1.0,0.181175799086758,12.32099315068493,2.31127331862763
923,1.0,0.2048173515981735,11.678778538812786,0.0
924,1.0,0.1301255707762557,12.99980593607306,0.0
925,1.0,0.1188926940639269,12.80634703196347,0.0
926,1.0,0.1128415300546448,12.25242486338798,0.0
927,1.0,0.129783105022831,12.3913698630137,0.0
928,1.0,0.1157191780821917,12.291917808219178,0.0
929,1.0,0.1398972602739726,11.448333333333332,0.0
930,51.0,0.2066484517304189,13.356580145719487,0.0
931,1.0,0.1051369863013698,12.992009132420092,0.0
932,1.0,0.1953196347031963,11.772317351598174,0.0
933,1.0,0.2285730593607305,12.689349315068492,0.0
934,1.0,0.2105532786885245,12.538376593806923,0.0
935,1.0,0.1957077625570776,12.66263698630137,0.0
936,1.0,0.1055365296803653,13.84392694063927,0.0
937,1.0,0.1173401826484018,13.0539497716895,0.0
938,1.0,0.113353825136612,13.729804189435338,0.0
939,1.0,0.1292009132420091,12.936438356164384,0.0
940,1.0,0.1180593607305936,11.81398401826484,0.0
941,1.0,0.1911301369863013,12.998641552511415,0.0
942,1.0,0.2382058287795992,11.984995446265938,0.0
943,1.0,0.174337899543379,13.160011415525114,0.0
944,1.0,0.2068493150684931,10.976027397260276,0.0
945,1.0,0.2345547945205479,12.522271689497718,0.0
946,1.0,0.2117941712204007,11.9069558287796,0.0
947,1.0,0.1984132420091324,12.85159817351598,0.0
948,1.0,0.1670662100456621,13.512751141552512,0.0
949,1.0,0.1060502283105022,13.249486301369863,0.0
950,1.0,0.1879667577413478,11.705737704918032,0.0
951,1.0,0.2236872146118721,12.352477168949772,0.0
952,1.0,0.1804680365296803,13.41574200913242,0.0
953,1.0,0.1071917808219178,13.4349200913242,0.0
954,1.0,0.1744990892531876,12.067725409836063,0.0
955,1.0,0.2442465753424657,12.75390410958904,0.0
956,51.0,0.2654566210045662,11.906050228310502,0.0
