,Year,Location,Production (mt),Area (ha),Yield (mt/ha)
1,1990,ZAMBOANGA DEL NORTE,41.14,91.0,0.4520879120879121
2,1990,ZAMBOANGA DEL SUR,105.45,156.0,0.6759615384615385
3,1990,ZAMBOANGA SIBUGAY,0.0,0.0,
4,1990,CITY OF ZAMBOANGA,207.2,296.0,0.7
6,1990,BUKIDNON,5791.27,12752.0,0.4541460163111669
7,1990,CAMIGUIN,151.44,70.5,2.148085106382979
8,1990,LANAO DEL NORTE,54.11,265.0,0.20418867924528303
9,1990,MISAMIS OCCIDENTAL,10.3,116.0,0.08879310344827587
10,1990,MISAMIS ORIENTAL,761.18,1159.0,0.6567558239861949
12,1990,DAVAO DE ORO,0.0,0.0,
13,1990,DAVAO DEL NORTE,11718.27,12280.0,0.9542565146579804
14,1990,DAVAO DEL SUR,10031.99,7090.0,1.4149492242595205
15,1990,DAVAO OCCIDENTAL,0.0,0.0,
16,1990,DAVAO ORIENTAL,1516.34,1460.0,1.0385890410958905
17,1990,CITY OF DAVAO,7007.71,5620.0,1.246923487544484
19,1990,COTABATO,495.98,977.0,0.5076560900716479
20,1990,SARANGANI,104.19,108.0,0.9647222222222221
21,1990,SULTAN KUDARAT,4295.31,4424.0,0.9709109403254974
22,1990,SOUTH COTABATO,1361.75,955.0,1.425916230366492
24,1990,AGUSAN DEL NORTE,226.68,200.0,1.1334
25,1990,AGUSAN DEL SUR,1830.19,1738.0,1.0530437284234753
26,1990,DINAGAT ISLANDS,0.0,0.0,
27,1990,SURIGAO DEL NORTE,14.15,16.0,0.884375
28,1990,SURIGAO DEL SUR,3416.7,2810.0,1.2159074733096085
30,1990,BASILAN,1168.26,2711.0,0.4309332349686463
31,1990,LANAO DEL SUR,282.04,2041.0,0.13818716315531604
32,1990,MAGUINDANAO,1780.19,2368.0,0.7517694256756757
33,1990,SULU,2213.85,848.0,2.6106721698113207
34,1990,TAWI-TAWI,0.0,0.0,
36,1991,ZAMBOANGA DEL NORTE,53.28,108.0,0.49333333333333335
37,1991,ZAMBOANGA DEL SUR,106.66,159.0,0.6708176100628931
38,1991,ZAMBOANGA SIBUGAY,0.0,0.0,
39,1991,CITY OF ZAMBOANGA,194.35,299.0,0.65
41,1991,BUKIDNON,5779.85,12752.0,0.4532504705144291
42,1991,CAMIGUIN,115.13,63.5,1.8130708661417323
43,1991,LANAO DEL NORTE,40.01,200.0,0.20004999999999998
44,1991,MISAMIS OCCIDENTAL,7.39,116.0,0.06370689655172414
45,1991,MISAMIS ORIENTAL,951.48,1159.0,0.8209490940465919
47,1991,DAVAO DE ORO,0.0,0.0,
48,1991,DAVAO DEL NORTE,11999.41,12284.0,0.9768324649951156
49,1991,DAVAO DEL SUR,9580.59,7070.0,1.3551046676096181
50,1991,DAVAO OCCIDENTAL,0.0,0.0,
51,1991,DAVAO ORIENTAL,1557.3,1501.0,1.037508327781479
52,1991,CITY OF DAVAO,7110.4,5639.0,1.2609327895016846
54,1991,COTABATO,493.33,982.0,0.5023727087576375
55,1991,SARANGANI,102.65,119.0,0.8626050420168068
56,1991,SULTAN KUDARAT,5038.33,5777.0,0.8721360567768738
57,1991,SOUTH COTABATO,1176.18,959.0,1.2264650677789364
59,1991,AGUSAN DEL NORTE,231.68,204.0,1.135686274509804
60,1991,AGUSAN DEL SUR,1409.66,1597.0,0.882692548528491
61,1991,DINAGAT ISLANDS,0.0,0.0,
62,1991,SURIGAO DEL NORTE,11.75,15.0,0.7833333333333333
63,1991,SURIGAO DEL SUR,3416.9,2808.0,1.2168447293447293
65,1991,BASILAN,1311.2,2845.0,0.4608787346221441
66,1991,LANAO DEL SUR,377.65,2492.0,0.1515449438202247
67,1991,MAGUINDANAO,2307.36,3194.0,0.72240450845335
68,1991,SULU,2209.1,850.0,2.5989411764705883
69,1991,TAWI-TAWI,0.0,0.0,
71,1992,ZAMBOANGA DEL NORTE,71.34,114.0,0.6257894736842106
72,1992,ZAMBOANGA DEL SUR,103.97,157.0,0.6622292993630573
73,1992,ZAMBOANGA SIBUGAY,0.0,0.0,
74,1992,CITY OF ZAMBOANGA,211.4,302.0,0.7000000000000001
76,1992,BUKIDNON,5466.31,12720.0,0.4297413522012579
77,1992,CAMIGUIN,110.07,62.5,1.7611199999999998
78,1992,LANAO DEL NORTE,39.47,200.0,0.19735
79,1992,MISAMIS OCCIDENTAL,7.12,116.0,0.06137931034482759
80,1992,MISAMIS ORIENTAL,856.33,1043.0,0.821025886864813
82,1992,DAVAO DE ORO,0.0,0.0,
83,1992,DAVAO DEL NORTE,11997.91,12288.0,0.9763924153645833
84,1992,DAVAO DEL SUR,9384.57,6825.0,1.3750285714285715
85,1992,DAVAO OCCIDENTAL,0.0,0.0,
86,1992,DAVAO ORIENTAL,1584.66,1499.0,1.0571447631754503
87,1992,CITY OF DAVAO,6303.5,5639.0,1.1178400425607378
89,1992,COTABATO,518.59,982.0,0.5280957230142567
90,1992,SARANGANI,106.35,131.0,0.8118320610687022
91,1992,SULTAN KUDARAT,5725.37,5777.0,0.9910628353816859
92,1992,SOUTH COTABATO,1586.95,960.0,1.6530729166666667
94,1992,AGUSAN DEL NORTE,219.08,199.0,1.1009045226130654
95,1992,AGUSAN DEL SUR,1312.4,1597.0,0.8217908578584847
96,1992,DINAGAT ISLANDS,0.0,0.0,
97,1992,SURIGAO DEL NORTE,10.38,15.0,0.6920000000000001
98,1992,SURIGAO DEL SUR,3416.8,2808.0,1.2168091168091169
100,1992,BASILAN,1246.86,2837.0,0.4394994712724709
101,1992,LANAO DEL SUR,352.45,2464.0,0.14303977272727272
102,1992,MAGUINDANAO,1964.83,3166.0,0.6206032849020846
103,1992,SULU,2214.05,900.0,2.460055555555556
104,1992,TAWI-TAWI,0.0,0.0,
106,1993,ZAMBOANGA DEL NORTE,78.88,123.0,0.64130081300813
107,1993,ZAMBOANGA DEL SUR,106.68,157.0,0.6794904458598726
108,1993,ZAMBOANGA SIBUGAY,0.0,0.0,
109,1993,CITY OF ZAMBOANGA,198.25,305.0,0.65
111,1993,BUKIDNON,5349.88,12715.0,0.4207534408179316
112,1993,CAMIGUIN,96.49,60.0,1.6081666666666665
113,1993,LANAO DEL NORTE,39.64,200.0,0.19820000000000002
114,1993,MISAMIS OCCIDENTAL,10.97,115.0,0.0953913043478261
115,1993,MISAMIS ORIENTAL,770.7,938.0,0.8216417910447762
117,1993,DAVAO DE ORO,0.0,0.0,
118,1993,DAVAO DEL NORTE,11850.15,12303.0,0.9631919044135576
119,1993,DAVAO DEL SUR,8630.43,6625.0,1.3027064150943397
120,1993,DAVAO OCCIDENTAL,0.0,0.0,
121,1993,DAVAO ORIENTAL,1546.55,1491.0,1.0372568745808182
122,1993,CITY OF DAVAO,6453.1,5644.0,1.1433557760453579
124,1993,COTABATO,544.95,982.0,0.554938900203666
125,1993,SARANGANI,112.83,144.0,0.7835416666666667
126,1993,SULTAN KUDARAT,5376.25,5802.0,0.9266201309893141
127,1993,SOUTH COTABATO,1562.64,960.0,1.62775
129,1993,AGUSAN DEL NORTE,231.47,203.0,1.1402463054187193
130,1993,AGUSAN DEL SUR,1703.81,1597.0,1.0668816530995617
131,1993,DINAGAT ISLANDS,0.0,0.0,
132,1993,SURIGAO DEL NORTE,7.45,13.0,0.573076923076923
133,1993,SURIGAO DEL SUR,3402.38,2780.0,1.2238776978417267
135,1993,BASILAN,1169.64,2783.0,0.4202802730865972
136,1993,LANAO DEL SUR,351.13,2416.0,0.14533526490066226
137,1993,MAGUINDANAO,2352.23,3285.0,0.7160517503805175
138,1993,SULU,2317.91,923.0,2.511278439869989
139,1993,TAWI-TAWI,0.0,0.0,
141,1994,ZAMBOANGA DEL NORTE,85.71,128.0,0.669609375
142,1994,ZAMBOANGA DEL SUR,106.72,158.0,0.6754430379746835
143,1994,ZAMBOANGA SIBUGAY,0.0,0.0,
144,1994,CITY OF ZAMBOANGA,207.2,296.09,0.699787226856699
146,1994,BUKIDNON,5096.7,12135.0,0.42
147,1994,CAMIGUIN,62.98,62.5,1.00768
148,1994,LANAO DEL NORTE,37.97,190.0,0.19984210526315788
149,1994,MISAMIS OCCIDENTAL,10.97,115.0,0.0953913043478261
150,1994,MISAMIS ORIENTAL,693.62,938.0,0.7394669509594882
152,1994,DAVAO DE ORO,0.0,0.0,
153,1994,DAVAO DEL NORTE,12723.66,12312.0,1.0334356725146199
154,1994,DAVAO DEL SUR,8345.48,6120.0,1.3636405228758168
155,1994,DAVAO OCCIDENTAL,0.0,0.0,
156,1994,DAVAO ORIENTAL,1508.0,1483.0,1.016857720836143
157,1994,CITY OF DAVAO,6542.34,5544.0,1.1800757575757577
159,1994,COTABATO,546.29,990.0,0.5518080808080807
160,1994,SARANGANI,85.99,144.0,0.5971527777777778
161,1994,SULTAN KUDARAT,6850.59,6822.0,1.0041908531222516
162,1994,SOUTH COTABATO,1564.33,965.0,1.6210673575129533
164,1994,AGUSAN DEL NORTE,238.09,208.0,1.1446634615384617
165,1994,AGUSAN DEL SUR,1418.49,1571.85,0.9024334383051819
166,1994,DINAGAT ISLANDS,0.0,0.0,
167,1994,SURIGAO DEL NORTE,7.35,12.0,0.6124999999999999
168,1994,SURIGAO DEL SUR,3438.7,2780.0,1.2369424460431655
170,1994,BASILAN,1161.13,2783.0,0.4172224218469278
171,1994,LANAO DEL SUR,351.85,2399.0,0.14666527719883285
172,1994,MAGUINDANAO,2352.32,3277.0,0.7178272810497407
173,1994,SULU,2227.29,924.0,2.410487012987013
174,1994,TAWI-TAWI,0.0,0.0,
176,1995,ZAMBOANGA DEL NORTE,97.46,136.0,0.7166176470588235
177,1995,ZAMBOANGA DEL SUR,110.63,158.0,0.7001898734177215
178,1995,ZAMBOANGA SIBUGAY,0.0,0.0,
179,1995,CITY OF ZAMBOANGA,127.5,170.0,0.75
181,1995,BUKIDNON,4961.12,11867.0,0.4180601668492458
182,1995,CAMIGUIN,88.75,63.7,1.3932496075353218
183,1995,LANAO DEL NORTE,38.44,190.0,0.2023157894736842
184,1995,MISAMIS OCCIDENTAL,9.97,114.0,0.0874561403508772
185,1995,MISAMIS ORIENTAL,624.26,760.0,0.8213947368421053
187,1995,DAVAO DE ORO,0.0,0.0,
188,1995,DAVAO DEL NORTE,12888.9,12349.0,1.043720139282533
189,1995,DAVAO DEL SUR,8482.11,5600.0,1.5146625
190,1995,DAVAO OCCIDENTAL,0.0,0.0,
191,1995,DAVAO ORIENTAL,1473.37,1470.0,1.0022925170068027
192,1995,CITY OF DAVAO,6534.39,5690.0,1.1483989455184536
194,1995,COTABATO,551.28,1050.0,0.5250285714285714
195,1995,SARANGANI,105.66,144.0,0.73375
196,1995,SULTAN KUDARAT,7604.82,6822.0,1.114749340369393
197,1995,SOUTH COTABATO,1512.85,965.0,1.5677202072538858
199,1995,AGUSAN DEL NORTE,243.59,211.0,1.1544549763033176
200,1995,AGUSAN DEL SUR,1387.98,1571.85,0.8830231892356142
201,1995,DINAGAT ISLANDS,0.0,0.0,
202,1995,SURIGAO DEL NORTE,6.41,12.0,0.5341666666666667
203,1995,SURIGAO DEL SUR,3485.9,2757.0,1.2643815741748277
205,1995,BASILAN,1129.83,2784.0,0.4058297413793103
206,1995,LANAO DEL SUR,346.51,2356.0,0.1470755517826825
207,1995,MAGUINDANAO,3152.55,3262.0,0.9664469650521154
208,1995,SULU,2219.91,1014.0,2.1892603550295857
209,1995,TAWI-TAWI,0.0,0.0,
211,1996,ZAMBOANGA DEL NORTE,113.43,143.0,0.7932167832167832
212,1996,ZAMBOANGA DEL SUR,96.33,153.0,0.6296078431372549
213,1996,ZAMBOANGA SIBUGAY,0.0,0.0,
214,1996,CITY OF ZAMBOANGA,146.2,169.95,0.8602530155928214
216,1996,BUKIDNON,4764.86,11452.0,0.4160723017813482
217,1996,CAMIGUIN,185.52,61.15,3.033851185609158
218,1996,LANAO DEL NORTE,75.34,188.0,0.40074468085106385
219,1996,MISAMIS OCCIDENTAL,9.87,114.0,0.08657894736842105
220,1996,MISAMIS ORIENTAL,561.84,684.0,0.8214035087719299
222,1996,DAVAO DE ORO,0.0,0.0,
223,1996,DAVAO DEL NORTE,12570.29,12344.0,1.0183319831497084
224,1996,DAVAO DEL SUR,6527.05,5120.0,1.274814453125
225,1996,DAVAO OCCIDENTAL,0.0,0.0,
226,1996,DAVAO ORIENTAL,1378.81,1482.0,0.9303711201079622
227,1996,CITY OF DAVAO,6546.79,5610.0,1.1669857397504457
229,1996,COTABATO,620.3,1400.0,0.44307142857142856
230,1996,SARANGANI,167.58,144.0,1.16375
231,1996,SULTAN KUDARAT,6994.46,7211.0,0.9699708778255444
232,1996,SOUTH COTABATO,1657.25,970.0,1.7085051546391752
234,1996,AGUSAN DEL NORTE,250.06,213.0,1.1739906103286386
235,1996,AGUSAN DEL SUR,647.12,839.82,0.7705460693958228
236,1996,DINAGAT ISLANDS,0.0,0.0,
237,1996,SURIGAO DEL NORTE,6.41,12.0,0.5341666666666667
238,1996,SURIGAO DEL SUR,3348.7,2757.0,1.2146173376858904
240,1996,BASILAN,1058.55,2784.0,0.38022629310344824
241,1996,LANAO DEL SUR,240.07,1840.0,0.1304728260869565
242,1996,MAGUINDANAO,3202.16,3262.0,0.9816554261189454
243,1996,SULU,2219.89,1014.0,2.189240631163708
244,1996,TAWI-TAWI,0.0,0.0,
246,1997,ZAMBOANGA DEL NORTE,127.48,153.0,0.8332026143790849
247,1997,ZAMBOANGA DEL SUR,107.93,154.0,0.7008441558441559
248,1997,ZAMBOANGA SIBUGAY,0.0,0.0,
249,1997,CITY OF ZAMBOANGA,157.5,175.0,0.9
251,1997,BUKIDNON,4554.0,11385.0,0.4
252,1997,CAMIGUIN,124.27,61.15,2.03221586263287
253,1997,LANAO DEL NORTE,60.2,188.0,0.3202127659574468
254,1997,MISAMIS OCCIDENTAL,8.95,114.0,0.07850877192982456
255,1997,MISAMIS ORIENTAL,505.16,684.0,0.7385380116959065
257,1997,DAVAO DE ORO,0.0,0.0,
258,1997,DAVAO DEL NORTE,12085.42,12484.0,0.968072733098366
259,1997,DAVAO DEL SUR,6160.99,4690.0,1.313643923240938
260,1997,DAVAO OCCIDENTAL,0.0,0.0,
261,1997,DAVAO ORIENTAL,1297.37,1493.0,0.8689685197588747
262,1997,CITY OF DAVAO,6600.25,5612.0,1.1760958660014256
264,1997,COTABATO,738.5,1403.0,0.5263720598717035
265,1997,SARANGANI,158.26,144.0,1.0990277777777777
266,1997,SULTAN KUDARAT,8694.3,7211.0,1.2056996255720427
267,1997,SOUTH COTABATO,1695.04,1045.0,1.6220478468899522
269,1997,AGUSAN DEL NORTE,258.22,215.0,1.2010232558139535
270,1997,AGUSAN DEL SUR,664.18,750.0,0.8855733333333332
271,1997,DINAGAT ISLANDS,0.0,0.0,
272,1997,SURIGAO DEL NORTE,5.13,20.0,0.2565
273,1997,SURIGAO DEL SUR,3248.0,2700.0,1.202962962962963
275,1997,BASILAN,1459.86,2818.0,0.5180482611781405
276,1997,LANAO DEL SUR,308.66,1954.0,0.15796315250767656
277,1997,MAGUINDANAO,3265.53,3262.0,1.0010821581851626
278,1997,SULU,2218.59,1014.0,2.187958579881657
279,1997,TAWI-TAWI,0.0,0.0,
281,1998,ZAMBOANGA DEL NORTE,125.9,153.0,0.8228758169934641
282,1998,ZAMBOANGA DEL SUR,105.15,153.0,0.6872549019607843
283,1998,ZAMBOANGA SIBUGAY,0.0,0.0,
284,1998,CITY OF ZAMBOANGA,141.1,166.0,0.85
286,1998,BUKIDNON,4556.16,11385.0,0.40018972332015806
287,1998,CAMIGUIN,111.44,55.0,2.026181818181818
288,1998,LANAO DEL NORTE,59.14,188.0,0.31457446808510636
289,1998,MISAMIS OCCIDENTAL,7.69,100.0,0.07690000000000001
290,1998,MISAMIS ORIENTAL,404.13,492.0,0.8214024390243903
292,1998,DAVAO DE ORO,0.0,0.0,
293,1998,DAVAO DEL NORTE,11796.03,12484.0,0.9448918615828261
294,1998,DAVAO DEL SUR,5279.59,4220.0,1.2510876777251185
295,1998,DAVAO OCCIDENTAL,0.0,0.0,
296,1998,DAVAO ORIENTAL,1296.04,1487.0,0.8715803631472764
297,1998,CITY OF DAVAO,6545.46,5612.0,1.1663328581610835
299,1998,COTABATO,715.67,1403.0,0.5100997861724875
300,1998,SARANGANI,211.12,144.0,1.4661111111111111
301,1998,SULTAN KUDARAT,5409.02,7358.0,0.7351209567817343
302,1998,SOUTH COTABATO,1491.83,1045.0,1.4275885167464115
304,1998,AGUSAN DEL NORTE,265.78,216.0,1.2304629629629629
305,1998,AGUSAN DEL SUR,353.58,750.0,0.47143999999999997
306,1998,DINAGAT ISLANDS,0.0,0.0,
307,1998,SURIGAO DEL NORTE,4.92,20.0,0.246
308,1998,SURIGAO DEL SUR,3199.36,2700.0,1.1849481481481483
310,1998,BASILAN,1404.67,2818.0,0.49846344925479064
311,1998,LANAO DEL SUR,273.35,1950.0,0.1401794871794872
312,1998,MAGUINDANAO,3321.04,3425.0,0.9696467153284671
313,1998,SULU,2215.04,1014.0,2.184457593688363
314,1998,TAWI-TAWI,0.0,0.0,
316,1999,ZAMBOANGA DEL NORTE,133.5,160.0,0.834375
317,1999,ZAMBOANGA DEL SUR,104.87,152.0,0.6899342105263159
318,1999,ZAMBOANGA SIBUGAY,0.0,0.0,
319,1999,CITY OF ZAMBOANGA,98.0,140.0,0.7
321,1999,BUKIDNON,4567.23,11385.0,0.4011620553359683
322,1999,CAMIGUIN,85.14,49.0,1.7375510204081632
323,1999,LANAO DEL NORTE,136.49,200.0,0.68245
324,1999,MISAMIS OCCIDENTAL,5.45,100.0,0.0545
325,1999,MISAMIS ORIENTAL,320.34,390.0,0.8213846153846153
327,1999,DAVAO DE ORO,11117.13,11495.0,0.9671274467159634
328,1999,DAVAO DEL NORTE,597.48,605.0,0.9875702479338844
329,1999,DAVAO DEL SUR,4814.91,3800.0,1.2670815789473684
330,1999,DAVAO OCCIDENTAL,0.0,0.0,
331,1999,DAVAO ORIENTAL,1322.96,1497.0,0.8837408149632598
332,1999,CITY OF DAVAO,6618.91,5612.0,1.1794208838203848
334,1999,COTABATO,890.0,1039.0,0.8565928777670837
335,1999,SARANGANI,211.33,144.0,1.4675694444444445
336,1999,SULTAN KUDARAT,4228.89,10258.0,0.41225287580425035
337,1999,SOUTH COTABATO,1509.73,1045.0,1.4447177033492824
339,1999,AGUSAN DEL NORTE,242.32,212.0,1.1430188679245283
340,1999,AGUSAN DEL SUR,350.49,750.0,0.46732
341,1999,DINAGAT ISLANDS,0.0,0.0,
342,1999,SURIGAO DEL NORTE,5.66,20.0,0.28300000000000003
343,1999,SURIGAO DEL SUR,3199.46,2700.0,1.1849851851851851
345,1999,BASILAN,1441.19,3135.0,0.4597097288676236
346,1999,LANAO DEL SUR,252.93,1972.0,0.1282606490872211
347,1999,MAGUINDANAO,3241.03,3425.0,0.9462861313868614
348,1999,SULU,2212.42,1014.0,2.1818737672583826
349,1999,TAWI-TAWI,0.0,0.0,
351,2000,ZAMBOANGA DEL NORTE,142.33,160.0,0.8895625
352,2000,ZAMBOANGA DEL SUR,99.99,143.0,0.6992307692307692
353,2000,ZAMBOANGA SIBUGAY,33.94,53.0,0.640377358490566
354,2000,CITY OF ZAMBOANGA,59.5,85.0,0.7
356,2000,BUKIDNON,4571.36,11385.0,0.4015248133509003
357,2000,CAMIGUIN,57.13,46.0,1.2419565217391304
358,2000,LANAO DEL NORTE,137.6,283.0,0.4862190812720848
359,2000,MISAMIS OCCIDENTAL,6.34,97.0,0.06536082474226804
360,2000,MISAMIS ORIENTAL,320.34,390.0,0.8213846153846153
362,2000,DAVAO DE ORO,13159.67,11650.0,1.1295854077253218
363,2000,DAVAO DEL NORTE,662.58,609.0,1.0879802955665026
364,2000,DAVAO DEL SUR,3596.55,4203.0,0.8557102069950037
365,2000,DAVAO OCCIDENTAL,0.0,0.0,
366,2000,DAVAO ORIENTAL,1343.52,1505.0,0.8927043189368771
367,2000,CITY OF DAVAO,6738.7,5612.0,1.2007662152530292
369,2000,COTABATO,834.52,1926.0,0.43329179646936655
370,2000,SARANGANI,153.7,144.0,1.067361111111111
371,2000,SULTAN KUDARAT,5209.39,10668.0,0.48831927259092617
372,2000,SOUTH COTABATO,1667.58,1040.0,1.6034423076923077
374,2000,AGUSAN DEL NORTE,266.77,214.0,1.246588785046729
375,2000,AGUSAN DEL SUR,382.61,1450.0,0.26386896551724137
376,2000,DINAGAT ISLANDS,0.0,0.0,
377,2000,SURIGAO DEL NORTE,10.0,20.0,0.5
378,2000,SURIGAO DEL SUR,3163.42,2650.0,1.1937433962264152
380,2000,BASILAN,1884.64,2907.0,0.6483109735122119
381,2000,LANAO DEL SUR,209.33,1972.0,0.10615111561866127
382,2000,MAGUINDANAO,3352.09,3425.0,0.9787124087591241
383,2000,SULU,2534.44,1015.0,2.4969852216748767
384,2000,TAWI-TAWI,0.0,0.0,
386,2001,ZAMBOANGA DEL NORTE,155.59,163.0,0.9545398773006135
387,2001,ZAMBOANGA DEL SUR,103.27,136.0,0.7593382352941176
388,2001,ZAMBOANGA SIBUGAY,35.52,53.0,0.670188679245283
389,2001,CITY OF ZAMBOANGA,68.0,85.0,0.8
391,2001,BUKIDNON,4714.95,10750.0,0.4386
392,2001,CAMIGUIN,44.12,30.0,1.4706666666666666
393,2001,LANAO DEL NORTE,144.87,283.0,0.5119081272084806
394,2001,MISAMIS OCCIDENTAL,5.34,97.0,0.055051546391752575
395,2001,MISAMIS ORIENTAL,314.33,388.0,0.8101288659793814
397,2001,DAVAO DE ORO,14373.88,11660.0,1.2327512864493997
398,2001,DAVAO DEL NORTE,664.57,621.0,1.0701610305958134
399,2001,DAVAO DEL SUR,3815.85,3800.0,1.004171052631579
400,2001,DAVAO OCCIDENTAL,0.0,0.0,
401,2001,DAVAO ORIENTAL,1378.78,1520.0,0.9070921052631579
402,2001,CITY OF DAVAO,6350.94,5612.0,1.131671418389166
404,2001,COTABATO,889.76,2425.0,0.36691134020618554
405,2001,SARANGANI,173.74,144.0,1.2065277777777779
406,2001,SULTAN KUDARAT,5970.18,10668.0,0.5596344206974129
407,2001,SOUTH COTABATO,1763.05,1040.0,1.6952403846153845
409,2001,AGUSAN DEL NORTE,269.16,214.0,1.2577570093457946
410,2001,AGUSAN DEL SUR,373.68,1450.0,0.2577103448275862
411,2001,DINAGAT ISLANDS,0.0,0.0,
412,2001,SURIGAO DEL NORTE,12.9,16.0,0.80625
413,2001,SURIGAO DEL SUR,3163.5,2650.0,1.1937735849056603
415,2001,BASILAN,1832.29,2907.0,0.6303027175782594
416,2001,LANAO DEL SUR,185.5,1972.0,0.09406693711967545
417,2001,MAGUINDANAO,2985.6,3416.49,0.8738793322971822
418,2001,SULU,2452.68,1015.0,2.4164334975369455
419,2001,TAWI-TAWI,0.0,0.0,
421,2002,ZAMBOANGA DEL NORTE,189.54,233.0,0.8134763948497854
422,2002,ZAMBOANGA DEL SUR,95.15,135.0,0.7048148148148149
423,2002,ZAMBOANGA SIBUGAY,49.23,84.58,0.5820524946795933
424,2002,CITY OF ZAMBOANGA,115.71,80.0,1.446375
426,2002,BUKIDNON,4806.75,10500.0,0.4577857142857143
427,2002,CAMIGUIN,33.49,40.0,0.83725
428,2002,LANAO DEL NORTE,148.67,360.0,0.4129722222222222
429,2002,MISAMIS OCCIDENTAL,4.16,97.0,0.04288659793814433
430,2002,MISAMIS ORIENTAL,322.43,390.0,0.8267435897435897
432,2002,DAVAO DE ORO,13462.18,11660.0,1.1545608919382504
433,2002,DAVAO DEL NORTE,653.09,625.0,1.044944
434,2002,DAVAO DEL SUR,3369.61,2905.0,1.159934595524957
435,2002,DAVAO OCCIDENTAL,0.0,0.0,
436,2002,DAVAO ORIENTAL,1366.37,1522.0,0.8977463863337712
437,2002,CITY OF DAVAO,6166.21,5331.0,1.1566704183080097
439,2002,COTABATO,870.06,2426.12,0.3586219972631197
440,2002,SARANGANI,172.7,144.0,1.1993055555555554
441,2002,SULTAN KUDARAT,5970.84,10668.0,0.5596962879640045
442,2002,SOUTH COTABATO,1266.69,732.95,1.7282079268708643
444,2002,AGUSAN DEL NORTE,272.86,214.0,1.2750467289719627
445,2002,AGUSAN DEL SUR,383.32,1500.0,0.25554666666666664
446,2002,DINAGAT ISLANDS,0.0,0.0,
447,2002,SURIGAO DEL NORTE,9.37,16.0,0.585625
448,2002,SURIGAO DEL SUR,3184.36,2650.0,1.201645283018868
450,2002,BASILAN,1797.69,2907.0,0.6184004127966977
451,2002,LANAO DEL SUR,216.84,1972.0,0.10995943204868154
452,2002,MAGUINDANAO,2974.32,3408.0,0.8727464788732395
453,2002,SULU,2362.75,1021.0,2.314152791380999
454,2002,TAWI-TAWI,0.0,0.0,
456,2003,ZAMBOANGA DEL NORTE,191.99,233.0,0.823991416309013
457,2003,ZAMBOANGA DEL SUR,88.98,135.0,0.6591111111111111
458,2003,ZAMBOANGA SIBUGAY,54.48,84.58,0.6441239063608418
459,2003,CITY OF ZAMBOANGA,95.3,80.0,1.19125
461,2003,BUKIDNON,4688.88,10500.0,0.44656
462,2003,CAMIGUIN,29.57,36.0,0.821388888888889
463,2003,LANAO DEL NORTE,146.7,355.0,0.4132394366197183
464,2003,MISAMIS OCCIDENTAL,3.55,97.0,0.03659793814432989
465,2003,MISAMIS ORIENTAL,342.97,390.0,0.8794102564102565
467,2003,DAVAO DE ORO,13056.48,11543.0,1.1311166941003206
468,2003,DAVAO DEL NORTE,679.69,627.0,1.0840350877192984
469,2003,DAVAO DEL SUR,3306.3,2905.0,1.1381411359724614
470,2003,DAVAO OCCIDENTAL,0.0,0.0,
471,2003,DAVAO ORIENTAL,1372.74,1522.0,0.9019316688567675
472,2003,CITY OF DAVAO,6154.01,5278.0,1.1659738537324744
474,2003,COTABATO,1067.51,2426.12,0.44000708950917516
475,2003,SARANGANI,121.83,144.0,0.8460416666666667
476,2003,SULTAN KUDARAT,6054.98,10668.0,0.567583427071616
477,2003,SOUTH COTABATO,1413.61,732.95,1.9286581622211607
479,2003,AGUSAN DEL NORTE,320.58,262.0,1.223587786259542
480,2003,AGUSAN DEL SUR,375.03,1650.0,0.22729090909090907
481,2003,DINAGAT ISLANDS,0.0,0.0,
482,2003,SURIGAO DEL NORTE,5.87,16.0,0.366875
483,2003,SURIGAO DEL SUR,3201.3,2650.0,1.2080377358490566
485,2003,BASILAN,2161.97,2907.0,0.7437117303061574
486,2003,LANAO DEL SUR,248.43,1972.0,0.12597870182555782
487,2003,MAGUINDANAO,2785.38,3425.0,0.8132496350364964
488,2003,SULU,2387.24,1021.0,2.338139079333986
489,2003,TAWI-TAWI,0.0,0.0,
491,2004,ZAMBOANGA DEL NORTE,275.06,367.0,0.7494822888283379
492,2004,ZAMBOANGA DEL SUR,86.52,127.0,0.681259842519685
493,2004,ZAMBOANGA SIBUGAY,58.72,84.58,0.6942539607472216
494,2004,CITY OF ZAMBOANGA,83.52,68.0,1.228235294117647
496,2004,BUKIDNON,4680.44,10500.0,0.4457561904761904
497,2004,CAMIGUIN,27.72,34.0,0.8152941176470588
498,2004,LANAO DEL NORTE,146.12,355.0,0.4116056338028169
499,2004,MISAMIS OCCIDENTAL,3.13,90.0,0.034777777777777776
500,2004,MISAMIS ORIENTAL,319.52,390.0,0.8192820512820512
502,2004,DAVAO DE ORO,11386.97,11513.0,0.9890532441587769
503,2004,DAVAO DEL NORTE,683.27,634.0,1.0777129337539433
504,2004,DAVAO DEL SUR,3215.73,2905.0,1.1069638554216867
505,2004,DAVAO OCCIDENTAL,0.0,0.0,
506,2004,DAVAO ORIENTAL,1375.6,1520.0,0.9049999999999999
507,2004,CITY OF DAVAO,6069.65,5278.0,1.1499905267146646
509,2004,COTABATO,1249.29,2545.0,0.49088015717092337
510,2004,SARANGANI,153.4,230.0,0.6669565217391304
511,2004,SULTAN KUDARAT,7791.33,10665.0,0.7305513361462729
512,2004,SOUTH COTABATO,1233.19,733.0,1.682387448840382
514,2004,AGUSAN DEL NORTE,329.2,263.0,1.2517110266159694
515,2004,AGUSAN DEL SUR,362.65,1650.0,0.21978787878787878
516,2004,DINAGAT ISLANDS,0.0,0.0,
517,2004,SURIGAO DEL NORTE,5.5,10.0,0.55
518,2004,SURIGAO DEL SUR,3204.0,2650.0,1.2090566037735848
520,2004,BASILAN,1785.11,2907.0,0.6140729274165806
521,2004,LANAO DEL SUR,280.66,2317.0,0.12113077255071214
522,2004,MAGUINDANAO,2771.78,3430.0,0.8080991253644315
523,2004,SULU,2451.84,1021.0,2.4014103819784527
524,2004,TAWI-TAWI,0.0,0.0,
526,2005,ZAMBOANGA DEL NORTE,292.03,369.0,0.7914092140921408
527,2005,ZAMBOANGA DEL SUR,84.37,123.0,0.6859349593495936
528,2005,ZAMBOANGA SIBUGAY,62.16,89.89,0.6915118478139949
529,2005,CITY OF ZAMBOANGA,72.36,42.0,1.7228571428571429
531,2005,BUKIDNON,4668.76,10450.0,0.4467712918660287
532,2005,CAMIGUIN,28.66,41.0,0.6990243902439024
533,2005,LANAO DEL NORTE,216.41,810.0,0.2671728395061728
534,2005,MISAMIS OCCIDENTAL,3.02,70.0,0.04314285714285714
535,2005,MISAMIS ORIENTAL,307.3,390.0,0.787948717948718
537,2005,DAVAO DE ORO,10703.48,10504.0,1.018990860624524
538,2005,DAVAO DEL NORTE,664.64,624.0,1.0651282051282052
539,2005,DAVAO DEL SUR,3205.95,2905.0,1.1035972461273666
540,2005,DAVAO OCCIDENTAL,0.0,0.0,
541,2005,DAVAO ORIENTAL,1378.95,1520.0,0.9072039473684211
542,2005,CITY OF DAVAO,6183.35,5229.0,1.1825109963664182
544,2005,COTABATO,2511.48,2645.0,0.9495198487712665
545,2005,SARANGANI,187.9,300.0,0.6263333333333333
546,2005,SULTAN KUDARAT,10706.38,10665.0,1.0038799812470698
547,2005,SOUTH COTABATO,1049.71,720.0,1.4579305555555555
549,2005,AGUSAN DEL NORTE,305.84,263.0,1.1628897338403041
550,2005,AGUSAN DEL SUR,366.87,1500.0,0.24458
551,2005,DINAGAT ISLANDS,0.0,0.0,
552,2005,SURIGAO DEL NORTE,5.4,10.0,0.54
553,2005,SURIGAO DEL SUR,2782.0,2650.0,1.049811320754717
555,2005,BASILAN,1741.56,2907.0,0.5990918472652219
556,2005,LANAO DEL SUR,290.51,2317.0,0.12538195943029778
557,2005,MAGUINDANAO,3150.0,3432.0,0.9178321678321678
558,2005,SULU,2458.94,1021.0,2.408364348677767
559,2005,TAWI-TAWI,0.0,0.0,
561,2006,ZAMBOANGA DEL NORTE,320.79,385.0,0.8332207792207793
562,2006,ZAMBOANGA DEL SUR,78.06,118.0,0.6615254237288136
563,2006,ZAMBOANGA SIBUGAY,62.57,84.44,0.7409995262908574
564,2006,CITY OF ZAMBOANGA,64.91,38.0,1.708157894736842
566,2006,BUKIDNON,4939.2,10450.0,0.47265071770334927
567,2006,CAMIGUIN,23.43,36.5,0.6419178082191781
568,2006,LANAO DEL NORTE,213.31,810.0,0.2633456790123457
569,2006,MISAMIS OCCIDENTAL,2.92,70.0,0.04171428571428571
570,2006,MISAMIS ORIENTAL,303.93,390.0,0.7793076923076924
572,2006,DAVAO DE ORO,10597.11,10189.0,1.040053979782118
573,2006,DAVAO DEL NORTE,639.98,612.0,1.045718954248366
574,2006,DAVAO DEL SUR,3086.73,2905.0,1.0625576592082617
575,2006,DAVAO OCCIDENTAL,0.0,0.0,
576,2006,DAVAO ORIENTAL,1367.12,1508.0,0.9065782493368699
577,2006,CITY OF DAVAO,6127.43,5203.0,1.177672496636556
579,2006,COTABATO,2134.85,2380.0,0.8969957983193277
580,2006,SARANGANI,205.0,300.0,0.6833333333333333
581,2006,SULTAN KUDARAT,11113.98,10665.0,1.0420984528832629
582,2006,SOUTH COTABATO,889.2,650.0,1.368
584,2006,AGUSAN DEL NORTE,319.76,260.0,1.2298461538461538
585,2006,AGUSAN DEL SUR,352.58,1500.0,0.23505333333333334
586,2006,DINAGAT ISLANDS,0.0,0.0,
587,2006,SURIGAO DEL NORTE,5.75,10.0,0.575
588,2006,SURIGAO DEL SUR,2066.0,2350.0,0.8791489361702127
590,2006,BASILAN,1767.95,2907.0,0.6081699346405229
591,2006,LANAO DEL SUR,297.5,2317.0,0.1283987915407855
592,2006,MAGUINDANAO,3141.1,3432.0,0.9152389277389277
593,2006,SULU,2465.49,1021.0,2.4147796278158666
594,2006,TAWI-TAWI,0.0,0.0,
596,2007,ZAMBOANGA DEL NORTE,352.39,400.0,0.880975
597,2007,ZAMBOANGA DEL SUR,62.73,105.0,0.5974285714285714
598,2007,ZAMBOANGA SIBUGAY,60.06,82.0,0.7324390243902439
599,2007,CITY OF ZAMBOANGA,54.05,38.0,1.4223684210526315
601,2007,BUKIDNON,4955.0,10450.0,0.47416267942583734
602,2007,CAMIGUIN,20.28,32.0,0.63375
603,2007,LANAO DEL NORTE,226.55,810.0,0.27969135802469136
604,2007,MISAMIS OCCIDENTAL,2.77,67.0,0.04134328358208955
605,2007,MISAMIS ORIENTAL,295.14,370.0,0.7976756756756757
607,2007,DAVAO DE ORO,9990.29,10039.0,0.9951479230999104
608,2007,DAVAO DEL NORTE,626.33,598.0,1.0473745819397995
609,2007,DAVAO DEL SUR,3023.58,2870.0,1.0535121951219513
610,2007,DAVAO OCCIDENTAL,0.0,0.0,
611,2007,DAVAO ORIENTAL,1338.4,1503.0,0.8904856952761145
612,2007,CITY OF DAVAO,3582.54,5150.0,0.6956388349514563
614,2007,COTABATO,1780.81,2370.0,0.7513966244725738
615,2007,SARANGANI,211.0,302.0,0.6986754966887417
616,2007,SULTAN KUDARAT,11660.93,10665.0,1.0933830285982185
617,2007,SOUTH COTABATO,943.17,790.0,1.193886075949367
619,2007,AGUSAN DEL NORTE,390.0,285.0,1.368421052631579
620,2007,AGUSAN DEL SUR,352.7,1455.0,0.24240549828178692
621,2007,DINAGAT ISLANDS,0.0,0.0,
622,2007,SURIGAO DEL NORTE,11.0,10.0,1.1
623,2007,SURIGAO DEL SUR,1993.0,2100.0,0.949047619047619
625,2007,BASILAN,1782.84,2907.0,0.6132920536635706
626,2007,LANAO DEL SUR,292.9,2440.0,0.12004098360655736
627,2007,MAGUINDANAO,2884.2,3432.0,0.8403846153846153
628,2007,SULU,2549.13,1021.0,2.4966993143976492
629,2007,TAWI-TAWI,0.0,0.0,
631,2008,ZAMBOANGA DEL NORTE,378.42,410.0,0.9229756097560976
632,2008,ZAMBOANGA DEL SUR,55.28,87.0,0.6354022988505748
633,2008,ZAMBOANGA SIBUGAY,61.82,82.0,0.7539024390243902
634,2008,CITY OF ZAMBOANGA,52.87,38.0,1.391315789473684
636,2008,BUKIDNON,4875.0,10450.0,0.4665071770334928
637,2008,CAMIGUIN,18.62,31.0,0.6006451612903226
638,2008,LANAO DEL NORTE,224.0,802.0,0.2793017456359102
639,2008,MISAMIS OCCIDENTAL,2.9,37.0,0.07837837837837838
640,2008,MISAMIS ORIENTAL,314.5,390.0,0.8064102564102564
642,2008,DAVAO DE ORO,10078.15,10039.0,1.0038997908158183
643,2008,DAVAO DEL NORTE,611.89,588.0,1.0406292517006803
644,2008,DAVAO DEL SUR,2924.68,2856.0,1.024047619047619
645,2008,DAVAO OCCIDENTAL,0.0,0.0,
646,2008,DAVAO ORIENTAL,1323.98,1495.0,0.8856053511705686
647,2008,CITY OF DAVAO,3364.51,5150.0,0.6533029126213593
649,2008,COTABATO,1673.44,2360.0,0.7090847457627119
650,2008,SARANGANI,217.0,302.0,0.7185430463576159
651,2008,SULTAN KUDARAT,11907.61,10665.0,1.116512892639475
652,2008,SOUTH COTABATO,887.63,855.0,1.0381637426900585
654,2008,AGUSAN DEL NORTE,448.0,285.0,1.5719298245614035
655,2008,AGUSAN DEL SUR,364.41,1455.0,0.2504536082474227
656,2008,DINAGAT ISLANDS,0.0,0.0,
657,2008,SURIGAO DEL NORTE,11.05,10.0,1.105
658,2008,SURIGAO DEL SUR,2007.0,2100.0,0.9557142857142857
660,2008,BASILAN,1735.5,2907.0,0.5970072239422085
661,2008,LANAO DEL SUR,277.65,2400.0,0.11568749999999998
662,2008,MAGUINDANAO,2885.5,3432.0,0.8407634032634033
663,2008,SULU,2615.4,1035.0,2.5269565217391303
664,2008,TAWI-TAWI,0.0,0.0,
666,2009,ZAMBOANGA DEL NORTE,403.72,415.0,0.9728192771084339
667,2009,ZAMBOANGA DEL SUR,42.56,62.0,0.6864516129032259
668,2009,ZAMBOANGA SIBUGAY,60.44,82.0,0.7370731707317073
669,2009,CITY OF ZAMBOANGA,51.89,34.0,1.5261764705882352
671,2009,BUKIDNON,4675.0,10450.0,0.4473684210526316
672,2009,CAMIGUIN,15.46,29.0,0.5331034482758621
673,2009,LANAO DEL NORTE,229.4,802.0,0.28603491271820447
674,2009,MISAMIS OCCIDENTAL,3.16,37.0,0.08540540540540541
675,2009,MISAMIS ORIENTAL,344.09,390.0,0.8822820512820512
677,2009,DAVAO DE ORO,10121.33,10039.0,1.008201016037454
678,2009,DAVAO DEL NORTE,598.8,584.0,1.0253424657534245
679,2009,DAVAO DEL SUR,2935.89,2856.0,1.0279726890756302
680,2009,DAVAO OCCIDENTAL,0.0,0.0,
681,2009,DAVAO ORIENTAL,1294.01,1495.0,0.8655585284280937
682,2009,CITY OF DAVAO,2938.26,5150.0,0.5705359223300971
684,2009,COTABATO,1773.92,2010.0,0.8825472636815921
685,2009,SARANGANI,218.75,302.0,0.7243377483443708
686,2009,SULTAN KUDARAT,12213.84,11210.0,1.0895486173059767
687,2009,SOUTH COTABATO,884.88,983.0,0.9001831129196338
689,2009,AGUSAN DEL NORTE,199.5,285.0,0.7
690,2009,AGUSAN DEL SUR,348.66,1455.0,0.23962886597938146
691,2009,DINAGAT ISLANDS,0.0,0.0,
692,2009,SURIGAO DEL NORTE,10.25,10.0,1.025
693,2009,SURIGAO DEL SUR,1940.56,2100.0,0.9240761904761905
695,2009,BASILAN,1720.25,2907.0,0.5917612659098728
696,2009,LANAO DEL SUR,296.2,2400.0,0.12341666666666666
697,2009,MAGUINDANAO,2888.0,3433.0,0.8412467229828139
698,2009,SULU,2502.35,1035.0,2.417729468599034
699,2009,TAWI-TAWI,0.0,0.0,
701,2010,ZAMBOANGA DEL NORTE,405.98,420.0,0.9666190476190477
702,2010,ZAMBOANGA DEL SUR,28.65,51.0,0.5617647058823529
703,2010,ZAMBOANGA SIBUGAY,60.41,82.0,0.7367073170731707
704,2010,CITY OF ZAMBOANGA,51.0,34.0,1.5
706,2010,BUKIDNON,4610.0,9000.0,0.5122222222222222
707,2010,CAMIGUIN,12.65,26.0,0.48653846153846153
708,2010,LANAO DEL NORTE,223.6,802.0,0.2788029925187032
709,2010,MISAMIS OCCIDENTAL,3.75,37.0,0.10135135135135136
710,2010,MISAMIS ORIENTAL,364.0,390.0,0.9333333333333333
712,2010,DAVAO DE ORO,10026.37,10050.0,0.9976487562189056
713,2010,DAVAO DEL NORTE,601.06,580.0,1.036310344827586
714,2010,DAVAO DEL SUR,2664.25,2856.0,0.9328606442577031
715,2010,DAVAO OCCIDENTAL,0.0,0.0,
716,2010,DAVAO ORIENTAL,1276.3,1495.0,0.8537123745819397
717,2010,CITY OF DAVAO,2593.65,4597.0,0.5642049162497281
719,2010,COTABATO,1735.65,1910.0,0.908717277486911
720,2010,SARANGANI,217.05,305.0,0.7116393442622951
721,2010,SULTAN KUDARAT,12462.98,12360.0,1.008331715210356
722,2010,SOUTH COTABATO,908.82,1094.0,0.8307312614259599
724,2010,AGUSAN DEL NORTE,172.96,300.0,0.5765333333333333
725,2010,AGUSAN DEL SUR,303.56,1453.0,0.20891947694425328
726,2010,DINAGAT ISLANDS,0.0,0.0,
727,2010,SURIGAO DEL NORTE,8.8,10.0,0.8800000000000001
728,2010,SURIGAO DEL SUR,1703.1,2100.0,0.8109999999999999
730,2010,BASILAN,1675.0,2907.0,0.5761953904368765
731,2010,LANAO DEL SUR,285.45,2400.0,0.1189375
732,2010,MAGUINDANAO,2887.75,3433.5,0.8410514052715887
733,2010,SULU,2554.35,1035.0,2.4679710144927536
734,2010,TAWI-TAWI,0.0,0.0,
736,2011,ZAMBOANGA DEL NORTE,346.71,361.0,0.9604155124653739
737,2011,ZAMBOANGA DEL SUR,20.57,36.0,0.571388888888889
738,2011,ZAMBOANGA SIBUGAY,54.05,82.0,0.6591463414634146
739,2011,CITY OF ZAMBOANGA,42.83,34.0,1.2597058823529412
741,2011,BUKIDNON,4545.0,9000.0,0.505
742,2011,CAMIGUIN,10.66,25.0,0.4264
743,2011,LANAO DEL NORTE,213.38,802.0,0.2660598503740648
744,2011,MISAMIS OCCIDENTAL,4.24,37.0,0.1145945945945946
745,2011,MISAMIS ORIENTAL,354.7,395.0,0.8979746835443038
747,2011,DAVAO DE ORO,8519.08,10000.0,0.851908
748,2011,DAVAO DEL NORTE,609.57,586.0,1.0402218430034131
749,2011,DAVAO DEL SUR,2684.63,2856.0,0.9399964985994398
750,2011,DAVAO OCCIDENTAL,0.0,0.0,
751,2011,DAVAO ORIENTAL,1255.53,1492.0,0.8415080428954423
752,2011,CITY OF DAVAO,2277.7,4237.0,0.537573755015341
754,2011,COTABATO,1721.23,1855.0,0.9278867924528302
755,2011,SARANGANI,219.8,310.0,0.7090322580645162
756,2011,SULTAN KUDARAT,12199.23,12360.0,0.9869927184466019
757,2011,SOUTH COTABATO,993.35,1141.0,0.8705959684487292
759,2011,AGUSAN DEL NORTE,95.54,300.0,0.3184666666666667
760,2011,AGUSAN DEL SUR,235.93,1453.0,0.16237439779766003
761,2011,DINAGAT ISLANDS,0.0,0.0,
762,2011,SURIGAO DEL NORTE,6.2,7.0,0.8857142857142858
763,2011,SURIGAO DEL SUR,1639.41,2100.0,0.7806714285714286
765,2011,BASILAN,1644.5,2907.0,0.565703474372205
766,2011,LANAO DEL SUR,289.92,2400.0,0.1208
767,2011,MAGUINDANAO,2885.0,3435.0,0.8398835516739447
768,2011,SULU,2671.2,1040.0,2.568461538461538
769,2011,TAWI-TAWI,0.0,0.0,
771,2012,ZAMBOANGA DEL NORTE,347.38,365.0,0.9517260273972603
772,2012,ZAMBOANGA DEL SUR,14.2,24.0,0.5916666666666667
773,2012,ZAMBOANGA SIBUGAY,60.39,74.0,0.8160810810810811
774,2012,CITY OF ZAMBOANGA,29.03,34.0,0.8538235294117648
776,2012,BUKIDNON,3930.0,9000.0,0.43666666666666665
777,2012,CAMIGUIN,8.63,23.0,0.37521739130434784
778,2012,LANAO DEL NORTE,202.0,802.0,0.2518703241895262
779,2012,MISAMIS OCCIDENTAL,4.9,37.0,0.13243243243243244
780,2012,MISAMIS ORIENTAL,355.0,595.0,0.5966386554621849
782,2012,DAVAO DE ORO,7492.23,9950.0,0.7529879396984924
783,2012,DAVAO DEL NORTE,613.56,591.0,1.0381725888324873
784,2012,DAVAO DEL SUR,2697.61,2856.0,0.9445413165266107
785,2012,DAVAO OCCIDENTAL,0.0,0.0,
786,2012,DAVAO ORIENTAL,1217.51,1481.0,0.8220864280891289
787,2012,CITY OF DAVAO,2093.22,4236.0,0.4941501416430594
789,2012,COTABATO,1776.04,1895.0,0.9372242744063324
790,2012,SARANGANI,221.7,312.0,0.710576923076923
791,2012,SULTAN KUDARAT,12506.3,12375.0,1.010610101010101
792,2012,SOUTH COTABATO,995.31,1132.0,0.8792491166077738
794,2012,AGUSAN DEL NORTE,78.66,386.0,0.2037823834196891
795,2012,AGUSAN DEL SUR,226.42,1450.0,0.15615172413793102
796,2012,DINAGAT ISLANDS,0.0,0.0,
797,2012,SURIGAO DEL NORTE,5.5,10.0,0.55
798,2012,SURIGAO DEL SUR,1454.0,2400.0,0.6058333333333333
800,2012,BASILAN,1594.66,2907.0,0.5485586515307878
801,2012,LANAO DEL SUR,291.48,2400.0,0.12145
802,2012,MAGUINDANAO,2900.75,3435.0,0.8444687045123727
803,2012,SULU,2567.15,1040.0,2.4684134615384616
804,2012,TAWI-TAWI,0.0,0.0,
806,2013,ZAMBOANGA DEL NORTE,349.75,365.0,0.9582191780821918
807,2013,ZAMBOANGA DEL SUR,11.76,17.0,0.691764705882353
808,2013,ZAMBOANGA SIBUGAY,54.39,50.0,1.0878
809,2013,CITY OF ZAMBOANGA,26.95,28.0,0.9625
811,2013,BUKIDNON,4070.0,9000.0,0.45222222222222225
812,2013,CAMIGUIN,8.15,22.5,0.3622222222222222
813,2013,LANAO DEL NORTE,194.96,802.0,0.2430922693266833
814,2013,MISAMIS OCCIDENTAL,6.19,37.0,0.1672972972972973
815,2013,MISAMIS ORIENTAL,378.54,595.0,0.6362016806722689
817,2013,DAVAO DE ORO,1824.5,7276.0,0.2507559098405717
818,2013,DAVAO DEL NORTE,603.14,598.0,1.0085953177257525
819,2013,DAVAO DEL SUR,2707.63,2856.0,0.9480497198879552
820,2013,DAVAO OCCIDENTAL,0.0,0.0,
821,2013,DAVAO ORIENTAL,1186.33,1161.0,1.021817398794143
822,2013,CITY OF DAVAO,1999.19,4158.0,0.4808056758056758
824,2013,COTABATO,1816.79,1900.0,0.9562052631578947
825,2013,SARANGANI,225.5,400.0,0.56375
826,2013,SULTAN KUDARAT,13224.63,12375.0,1.0686569696969697
827,2013,SOUTH COTABATO,1024.75,1166.0,0.8788593481989708
829,2013,AGUSAN DEL NORTE,62.42,386.0,0.1617098445595855
830,2013,AGUSAN DEL SUR,62.29,1450.0,0.04295862068965517
831,2013,DINAGAT ISLANDS,0.0,0.0,
832,2013,SURIGAO DEL NORTE,3.85,10.0,0.385
833,2013,SURIGAO DEL SUR,1358.5,2400.0,0.5660416666666667
835,2013,BASILAN,1549.28,2907.0,0.5329480564155487
836,2013,LANAO DEL SUR,300.2,2400.0,0.12508333333333332
837,2013,MAGUINDANAO,2904.76,3435.0,0.8456360989810772
838,2013,SULU,2532.6,1020.0,2.482941176470588
839,2013,TAWI-TAWI,0.0,0.0,
841,2014,ZAMBOANGA DEL NORTE,369.58,370.0,0.9988648648648648
842,2014,ZAMBOANGA DEL SUR,9.35,14.0,0.6678571428571428
843,2014,ZAMBOANGA SIBUGAY,50.71,50.0,1.0142
844,2014,CITY OF ZAMBOANGA,22.9,20.0,1.145
846,2014,BUKIDNON,4187.0,9000.0,0.4652222222222222
847,2014,CAMIGUIN,7.34,22.0,0.3336363636363636
848,2014,LANAO DEL NORTE,204.2,810.0,0.25209876543209875
849,2014,MISAMIS OCCIDENTAL,7.63,37.0,0.20621621621621622
850,2014,MISAMIS ORIENTAL,368.59,598.0,0.6163712374581939
852,2014,DAVAO DE ORO,1311.58,7126.0,0.18405557114790905
853,2014,DAVAO DEL NORTE,611.7,636.0,0.9617924528301888
854,2014,DAVAO DEL SUR,2831.39,2896.0,0.9776899171270718
855,2014,DAVAO OCCIDENTAL,0.0,0.0,
856,2014,DAVAO ORIENTAL,1147.9,1183.0,0.9703296703296704
857,2014,CITY OF DAVAO,1946.99,4156.0,0.4684769008662175
859,2014,COTABATO,1826.62,1900.0,0.961378947368421
860,2014,SARANGANI,227.4,550.0,0.41345454545454546
861,2014,SULTAN KUDARAT,12709.82,13025.0,0.9758019193857965
862,2014,SOUTH COTABATO,1032.68,1188.0,0.8692592592592593
864,2014,AGUSAN DEL NORTE,68.82,386.0,0.1782901554404145
865,2014,AGUSAN DEL SUR,37.1,1480.0,0.025067567567567568
866,2014,DINAGAT ISLANDS,0.0,0.0,
867,2014,SURIGAO DEL NORTE,2.55,10.0,0.255
868,2014,SURIGAO DEL SUR,1290.3,2400.0,0.537625
870,2014,BASILAN,1516.0,2907.0,0.521499828001376
871,2014,LANAO DEL SUR,301.9,2400.0,0.12579166666666666
872,2014,MAGUINDANAO,2904.56,3435.0,0.8455778748180495
873,2014,SULU,2462.15,1025.0,2.40209756097561
874,2014,TAWI-TAWI,0.0,0.0,
876,2015,ZAMBOANGA DEL NORTE,384.7,370.0,1.0397297297297297
877,2015,ZAMBOANGA DEL SUR,8.93,14.0,0.6378571428571428
878,2015,ZAMBOANGA SIBUGAY,54.16,62.0,0.8735483870967742
879,2015,CITY OF ZAMBOANGA,22.48,28.0,0.8028571428571428
881,2015,BUKIDNON,4213.0,9000.0,0.4681111111111111
882,2015,CAMIGUIN,6.9,21.25,0.3247058823529412
883,2015,LANAO DEL NORTE,202.45,815.0,0.2484049079754601
884,2015,MISAMIS OCCIDENTAL,8.92,37.0,0.2410810810810811
885,2015,MISAMIS ORIENTAL,383.5,620.0,0.6185483870967742
887,2015,DAVAO DE ORO,1242.65,4560.0,0.2725109649122807
888,2015,DAVAO DEL NORTE,621.66,643.0,0.9668118195956453
889,2015,DAVAO DEL SUR,2925.97,2896.0,1.0103487569060772
890,2015,DAVAO OCCIDENTAL,0.0,0.0,
891,2015,DAVAO ORIENTAL,1123.41,1183.0,0.9496280642434489
892,2015,CITY OF DAVAO,1882.01,3408.0,0.5522329812206572
894,2015,COTABATO,1840.53,1902.0,0.9676813880126183
895,2015,SARANGANI,226.0,550.0,0.4109090909090909
896,2015,SULTAN KUDARAT,12207.25,13225.0,0.9230434782608695
897,2015,SOUTH COTABATO,1022.32,1188.0,0.8605387205387206
899,2015,AGUSAN DEL NORTE,78.53,386.0,0.20344559585492228
900,2015,AGUSAN DEL SUR,39.69,1500.0,0.026459999999999997
901,2015,DINAGAT ISLANDS,0.0,0.0,
902,2015,SURIGAO DEL NORTE,1.58,10.0,0.158
903,2015,SURIGAO DEL SUR,1521.09,2400.0,0.6337875
905,2015,BASILAN,1515.0,2907.0,0.5211558307533539
906,2015,LANAO DEL SUR,311.03,2650.0,0.1173698113207547
907,2015,MAGUINDANAO,2988.5,3435.0,0.870014556040757
908,2015,SULU,2495.68,1026.0,2.432436647173489
909,2015,TAWI-TAWI,0.0,0.0,
911,2016,ZAMBOANGA DEL NORTE,292.0,378.0,0.7724867724867724
912,2016,ZAMBOANGA DEL SUR,8.24,16.0,0.515
913,2016,ZAMBOANGA SIBUGAY,53.35,62.0,0.8604838709677419
914,2016,CITY OF ZAMBOANGA,22.15,28.0,0.7910714285714285
916,2016,BUKIDNON,4377.0,9000.0,0.48633333333333334
917,2016,CAMIGUIN,5.03,21.0,0.23952380952380953
918,2016,LANAO DEL NORTE,222.75,850.0,0.2620588235294118
919,2016,MISAMIS OCCIDENTAL,8.9,37.0,0.24054054054054055
920,2016,MISAMIS ORIENTAL,390.0,622.0,0.6270096463022508
922,2016,DAVAO DE ORO,1226.57,4481.0,0.27372684668600755
923,2016,DAVAO DEL NORTE,650.74,674.0,0.9654896142433235
924,2016,DAVAO DEL SUR,2849.12,2896.0,0.9838121546961326
925,2016,DAVAO OCCIDENTAL,0.0,0.0,
926,2016,DAVAO ORIENTAL,1111.54,1179.0,0.9427820186598812
927,2016,CITY OF DAVAO,1840.77,3408.0,0.5401320422535211
929,2016,COTABATO,1252.59,1850.0,0.6770756756756756
930,2016,SARANGANI,219.5,525.0,0.4180952380952381
931,2016,SULTAN KUDARAT,11984.85,13300.0,0.9011165413533835
932,2016,SOUTH COTABATO,572.01,1164.0,0.49141752577319586
934,2016,AGUSAN DEL NORTE,88.87,410.0,0.2167560975609756
935,2016,AGUSAN DEL SUR,30.85,1500.0,0.020566666666666667
936,2016,DINAGAT ISLANDS,0.0,0.0,
937,2016,SURIGAO DEL NORTE,1.3,10.0,0.13
938,2016,SURIGAO DEL SUR,1709.1,2450.0,0.6975918367346938
940,2016,BASILAN,1470.0,2907.0,0.5056759545923633
941,2016,LANAO DEL SUR,315.25,2650.0,0.1189622641509434
942,2016,MAGUINDANAO,2967.55,3430.0,0.8651749271137027
943,2016,SULU,2451.16,1026.0,2.389044834307992
944,2016,TAWI-TAWI,0.0,0.0,
946,2017,ZAMBOANGA DEL NORTE,229.76,483.0,0.4756935817805383
947,2017,ZAMBOANGA DEL SUR,8.95,20.8,0.4302884615384615
948,2017,ZAMBOANGA SIBUGAY,52.21,62.0,0.8420967741935484
949,2017,CITY OF ZAMBOANGA,21.73,28.0,0.7760714285714286
951,2017,BUKIDNON,4481.0,9000.0,0.4978888888888889
952,2017,CAMIGUIN,4.79,20.5,0.23365853658536587
953,2017,LANAO DEL NORTE,233.2,850.0,0.2743529411764706
954,2017,MISAMIS OCCIDENTAL,9.25,39.0,0.23717948717948717
955,2017,MISAMIS ORIENTAL,404.3,622.0,0.65
957,2017,DAVAO DE ORO,1120.03,4266.0,0.26254805438349743
958,2017,DAVAO DEL NORTE,668.71,695.0,0.9621726618705037
959,2017,DAVAO DEL SUR,2732.78,2896.0,0.943639502762431
960,2017,DAVAO OCCIDENTAL,0.0,0.0,
961,2017,DAVAO ORIENTAL,1126.31,1229.0,0.9164442636289666
962,2017,CITY OF DAVAO,1658.09,2770.0,0.5985884476534296
964,2017,COTABATO,1284.82,1845.0,0.696379403794038
965,2017,SARANGANI,224.0,530.0,0.4226415094339623
966,2017,SULTAN KUDARAT,10875.79,13300.0,0.8177285714285715
967,2017,SOUTH COTABATO,587.25,1164.0,0.5045103092783505
969,2017,AGUSAN DEL NORTE,84.0,410.0,0.2048780487804878
970,2017,AGUSAN DEL SUR,94.26,1500.0,0.06284000000000001
971,2017,DINAGAT ISLANDS,0.0,0.0,
972,2017,SURIGAO DEL NORTE,1.2,10.0,0.12
973,2017,SURIGAO DEL SUR,1401.3,2450.0,0.5719591836734693
975,2017,BASILAN,1474.1,2907.0,0.5070863433092535
976,2017,LANAO DEL SUR,313.34,2650.0,0.11824150943396225
977,2017,MAGUINDANAO,2724.75,3429.0,0.7946194225721784
978,2017,SULU,2486.46,1030.0,2.4140388349514565
979,2017,TAWI-TAWI,0.0,0.0,
981,2018,ZAMBOANGA DEL NORTE,235.98,483.0,0.48857142857142855
982,2018,ZAMBOANGA DEL SUR,10.66,21.0,0.5076190476190476
983,2018,ZAMBOANGA SIBUGAY,52.55,62.0,0.8475806451612903
984,2018,CITY OF ZAMBOANGA,22.0,30.0,0.7333333333333333
986,2018,BUKIDNON,4577.8,9000.0,0.5086444444444445
987,2018,CAMIGUIN,4.33,19.0,0.22789473684210526
988,2018,LANAO DEL NORTE,240.25,882.0,0.2723922902494331
989,2018,MISAMIS OCCIDENTAL,11.65,50.0,0.233
990,2018,MISAMIS ORIENTAL,406.85,630.0,0.6457936507936508
992,2018,DAVAO DE ORO,1162.29,4271.0,0.27213533130414425
993,2018,DAVAO DEL NORTE,672.9,699.0,0.9626609442060086
994,2018,DAVAO DEL SUR,2793.29,2895.0,0.96486701208981
995,2018,DAVAO OCCIDENTAL,0.0,0.0,
996,2018,DAVAO ORIENTAL,1127.65,1231.0,0.9160438667749797
997,2018,CITY OF DAVAO,1601.73,2770.0,0.5782418772563177
999,2018,COTABATO,1094.8,1678.0,0.6524433849821215
1000,2018,SARANGANI,237.0,600.0,0.395
1001,2018,SULTAN KUDARAT,9519.81,13370.0,0.7120276738967838
1002,2018,SOUTH COTABATO,603.38,1175.0,0.5135148936170213
1004,2018,AGUSAN DEL NORTE,80.32,410.0,0.19590243902439022
1005,2018,AGUSAN DEL SUR,91.76,1500.0,0.061173333333333337
1006,2018,DINAGAT ISLANDS,0.1,188.0,0.0005319148936170213
1007,2018,SURIGAO DEL NORTE,1.08,10.0,0.10800000000000001
1008,2018,SURIGAO DEL SUR,1489.28,2450.0,0.607869387755102
1010,2018,BASILAN,1590.21,2907.0,0.5470278637770898
1011,2018,LANAO DEL SUR,324.6,2650.0,0.12249056603773585
1012,2018,MAGUINDANAO,2798.57,3429.0,0.8161475648877224
1013,2018,SULU,2517.2,1029.0,2.4462585034013604
1014,2018,TAWI-TAWI,0.0,0.0,
1016,2019,ZAMBOANGA DEL NORTE,230.62,496.0,0.46495967741935484
1017,2019,ZAMBOANGA DEL SUR,10.16,25.0,0.4064
1018,2019,ZAMBOANGA SIBUGAY,53.22,63.0,0.8447619047619047
1019,2019,CITY OF ZAMBOANGA,20.5,34.0,0.6029411764705882
1021,2019,BUKIDNON,4674.4,9000.0,0.5193777777777777
1022,2019,CAMIGUIN,4.0,18.0,0.2222222222222222
1023,2019,LANAO DEL NORTE,258.12,885.0,0.29166101694915253
1024,2019,MISAMIS OCCIDENTAL,14.7,77.0,0.1909090909090909
1025,2019,MISAMIS ORIENTAL,411.85,630.0,0.6537301587301587
1027,2019,DAVAO DE ORO,1166.99,4271.0,0.2732357761648326
1028,2019,DAVAO DEL NORTE,691.7,693.14,0.9979224976195286
1029,2019,DAVAO DEL SUR,1600.98,1669.25,0.9591013928410963
1030,2019,DAVAO OCCIDENTAL,1175.62,1225.75,0.9591025902508667
1031,2019,DAVAO ORIENTAL,1105.3,1231.0,0.8978878960194963
1032,2019,CITY OF DAVAO,1570.55,2750.0,0.5711090909090909
1034,2019,COTABATO,910.61,1450.0,0.6280068965517241
1035,2019,SARANGANI,242.0,600.0,0.4033333333333333
1036,2019,SULTAN KUDARAT,10006.93,13370.0,0.7484614809274496
1037,2019,SOUTH COTABATO,595.97,1195.0,0.49871966527196654
1039,2019,AGUSAN DEL NORTE,90.38,410.0,0.2204390243902439
1040,2019,AGUSAN DEL SUR,99.57,1520.0,0.06550657894736842
1041,2019,DINAGAT ISLANDS,0.11,188.0,0.0005851063829787234
1042,2019,SURIGAO DEL NORTE,0.83,10.0,0.08299999999999999
1043,2019,SURIGAO DEL SUR,1582.31,2450.0,0.6458408163265306
1045,2019,BASILAN,1544.0,2907.0,0.5311317509459924
1046,2019,LANAO DEL SUR,325.67,2650.0,0.12289433962264151
1047,2019,MAGUINDANAO,3072.45,3434.0,0.8947146185206756
1048,2019,SULU,2509.18,1031.0,2.4337342386032974
1049,2019,TAWI-TAWI,0.0,0.0,
1051,2020,ZAMBOANGA DEL NORTE,261.47,510.0,0.512686274509804
1052,2020,ZAMBOANGA DEL SUR,11.23,42.0,0.2673809523809524
1053,2020,ZAMBOANGA SIBUGAY,56.25,64.0,0.87890625
1054,2020,CITY OF ZAMBOANGA,20.64,34.0,0.6070588235294118
1056,2020,BUKIDNON,4425.81,9000.09,0.4917517491491752
1057,2020,CAMIGUIN,3.63,18.04,0.20121951219512196
1058,2020,LANAO DEL NORTE,270.0,890.0,0.30337078651685395
1059,2020,MISAMIS OCCIDENTAL,17.5,80.0,0.21875
1060,2020,MISAMIS ORIENTAL,414.06,630.0,0.6572380952380953
1062,2020,DAVAO DE ORO,1143.38,4271.0,0.2677077967689066
1063,2020,DAVAO DEL NORTE,675.72,690.0,0.979304347826087
1064,2020,DAVAO DEL SUR,1638.05,1518.35,1.0788355780946421
1065,2020,DAVAO OCCIDENTAL,1141.96,1114.94,1.0242344879545087
1066,2020,DAVAO ORIENTAL,1086.29,1234.0,0.8802998379254456
1067,2020,CITY OF DAVAO,1628.22,2750.0,0.59208
1069,2020,COTABATO,729.88,1200.0,0.6082333333333333
1070,2020,SARANGANI,239.75,600.0,0.39958333333333335
1071,2020,SULTAN KUDARAT,10785.45,14707.0,0.7333548650302577
1072,2020,SOUTH COTABATO,587.73,1195.0,0.49182426778242677
1074,2020,AGUSAN DEL NORTE,127.0,415.0,0.3060240963855422
1075,2020,AGUSAN DEL SUR,113.9,1670.0,0.06820359281437126
1076,2020,DINAGAT ISLANDS,0.11,188.0,0.0005851063829787234
1077,2020,SURIGAO DEL NORTE,0.9,10.0,0.09
1078,2020,SURIGAO DEL SUR,1378.9,2450.0,0.5628163265306123
1080,2020,BASILAN,1578.05,2907.0,0.5428448572411421
1081,2020,LANAO DEL SUR,325.83,2650.0,0.12295471698113207
1082,2020,MAGUINDANAO,3187.07,3434.0,0.9280926033779849
1083,2020,SULU,2486.06,1031.0,2.411309408341416
1084,2020,TAWI-TAWI,0.0,0.0,
1086,2021,ZAMBOANGA DEL NORTE,209.05,514.0,0.40671206225680934
1087,2021,ZAMBOANGA DEL SUR,15.78,42.0,0.3757142857142857
1088,2021,ZAMBOANGA SIBUGAY,51.71,64.0,0.80796875
1089,2021,CITY OF ZAMBOANGA,24.47,36.0,0.6797222222222222
1091,2021,BUKIDNON,5041.85,9008.0,0.5597080373001777
1092,2021,CAMIGUIN,3.77,18.03,0.209095951192457
1093,2021,LANAO DEL NORTE,280.05,890.0,0.31466292134831464
1094,2021,MISAMIS OCCIDENTAL,20.55,80.0,0.256875
1095,2021,MISAMIS ORIENTAL,412.37,630.0,0.6545555555555556
1097,2021,DAVAO DE ORO,1011.88,4271.0,0.2369187543900726
1098,2021,DAVAO DEL NORTE,647.38,682.0,0.9492375366568915
1099,2021,DAVAO DEL SUR,1746.69,1518.35,1.1503869331840486
1100,2021,DAVAO OCCIDENTAL,1156.82,1115.0,1.037506726457399
1101,2021,DAVAO ORIENTAL,1063.32,1234.0,0.8616855753646677
1102,2021,CITY OF DAVAO,1692.93,2750.0,0.6156109090909091
1104,2021,COTABATO,593.02,1050.0,0.5647809523809524
1105,2021,SARANGANI,244.5,610.0,0.40081967213114755
1106,2021,SULTAN KUDARAT,11512.57,14727.0,0.7817321925714673
1107,2021,SOUTH COTABATO,576.91,1201.0,0.4803580349708576
1109,2021,AGUSAN DEL NORTE,144.31,620.0,0.23275806451612904
1110,2021,AGUSAN DEL SUR,113.13,1670.0,0.06774251497005988
1111,2021,DINAGAT ISLANDS,0.12,188.0,0.0006382978723404255
1112,2021,SURIGAO DEL NORTE,0.55,10.0,0.05500000000000001
1113,2021,SURIGAO DEL SUR,1321.7,2450.0,0.5394693877551021
1115,2021,BASILAN,1429.8,2907.0,0.4918472652218782
1116,2021,LANAO DEL SUR,325.77,2651.0,0.12288570350811014
1117,2021,MAGUINDANAO,3248.7,3434.0,0.946039603960396
1118,2021,SULU,2496.25,1032.0,2.418846899224806
1119,2021,TAWI-TAWI,0.0,0.0,
1121,2022,ZAMBOANGA DEL NORTE,0.0,515.0,0.0
1122,2022,ZAMBOANGA DEL SUR,0.0,42.0,0.0
1123,2022,ZAMBOANGA SIBUGAY,0.0,64.01,0.0
1124,2022,CITY OF ZAMBOANGA,0.0,36.0,0.0
1126,2022,BUKIDNON,0.0,9008.0,0.0
1127,2022,CAMIGUIN,0.0,18.03,0.0
1128,2022,LANAO DEL NORTE,0.0,900.0,0.0
1129,2022,MISAMIS OCCIDENTAL,0.0,87.0,0.0
1130,2022,MISAMIS ORIENTAL,0.0,650.0,0.0
1132,2022,DAVAO DE ORO,0.0,4271.0,0.0
1133,2022,DAVAO DEL NORTE,0.0,680.0,0.0
1134,2022,DAVAO DEL SUR,0.0,1518.35,0.0
1135,2022,DAVAO OCCIDENTAL,0.0,1115.0,0.0
1136,2022,DAVAO ORIENTAL,0.0,1234.0,0.0
1137,2022,CITY OF DAVAO,0.0,2750.0,0.0
1139,2022,COTABATO,0.0,850.0,0.0
1140,2022,SARANGANI,0.0,615.0,0.0
1141,2022,SULTAN KUDARAT,0.0,15227.0,0.0
1142,2022,SOUTH COTABATO,0.0,1230.0,0.0
1144,2022,AGUSAN DEL NORTE,0.0,620.0,0.0
1145,2022,AGUSAN DEL SUR,0.0,1670.0,0.0
1146,2022,DINAGAT ISLANDS,0.0,186.12,0.0
1147,2022,SURIGAO DEL NORTE,0.0,10.0,0.0
1148,2022,SURIGAO DEL SUR,0.0,2450.0,0.0
1150,2022,BASILAN,0.0,2907.0,0.0
1151,2022,LANAO DEL SUR,0.0,2650.7,0.0
1152,2022,MAGUINDANAO,0.0,3434.0,0.0
1153,2022,SULU,0.0,1025.0,0.0
1154,2022,TAWI-TAWI,0.0,0.0,
