,rain (mm),surface_pressure (hPa),dewpoint_2m (°C),windgusts_10m (km/h),diffuse_radiation (W/m²),Yield (mt/ha)
0,0.1955026043691207,0.667076051015588,0.5733944954128436,0.1611111111111111,0.4249106078665075,0.3693090798373428
1,0.1825196299463577,0.6694378837978263,0.5561926605504586,0.2777777777777777,0.5983313468414777,0.3700678117080255
2,0.1434540931353495,0.6727444496929618,0.4850917431192658,0.0777777777777777,0.5822407628128725,0.3585250079068289
3,0.2570745549249786,0.670477090222013,0.580275229357798,0.1,0.4922526817640045,0.3715811205148265
4,0.1995840783643007,0.6672649976381688,0.5825688073394493,0.1166666666666666,0.4457687723480332,0.3730470149473462
5,0.2908924823136127,0.6672649976381688,0.5917431192660545,0.1611111111111111,0.4058402860548269,0.3762964638255588
6,0.4067480370053643,0.6604629192253189,0.630733944954128,0.1388888888888889,0.4553039332538735,0.3827796332298483
7,0.235384435979165,0.6762399622106763,0.5814220183486234,0.1,0.2538736591179975,0.3917507893983243
8,0.1626370209126953,0.674917335852621,0.5447247706422016,0.1166666666666666,0.2675804529201433,0.4015207619363872
9,0.4230156262147244,0.6592347661785549,0.6399082568807337,0.261111111111111,0.5792610250297971,0.3725012337608601
10,0.3801990204462412,0.6574397732640538,0.6341743119266052,0.1611111111111111,0.5816448152562566,0.4068723382307331
11,0.322280960895592,0.6598960793575817,0.6341743119266052,0.261111111111111,0.5387365911799757,0.4105786672977627
12,0.225336235714841,0.6683986773736432,0.6055045871559632,0.1611111111111111,0.3802145411203814,0.4163164991855189
13,0.2963733188214258,0.6674539442607461,0.6158256880733943,0.1,0.5607866507747317,0.3992391396877581
14,0.1447757132861696,0.6643363249881915,0.613532110091743,0.0777777777777777,0.4302741358760431,0.4085722248387524
15,0.3007268910829511,0.6682097307510624,0.5940366972477062,0.1388888888888889,0.421930870083433,0.3790956545248822
16,0.2346653191323952,0.6651865847897973,0.6112385321100917,0.1166666666666666,0.4392133492252674,0.4013160653682036
17,0.3277034906320454,0.6612187057156351,0.613532110091743,0.2166666666666666,0.4761620977353993,0.4473040555915722
18,0.3656223276063127,0.6605573925366084,0.6158256880733943,0.2777777777777777,0.5387365911799757,0.5148412465593661
19,0.4002371142035296,0.659423712801134,0.630733944954128,0.1999999999999999,0.4856972586412387,0.2254793162464058
20,0.2563554380782088,0.6666036844591403,0.6192660550458715,0.2388888888888888,0.3241954707985699,0.1845052010503492
21,0.506530358392288,0.6568729333963166,0.676605504587156,0.0777777777777777,0.7210965435041712,0.098862220982326
22,0.3130879266112104,0.6609352857817665,0.6215596330275228,0.0777777777777777,0.4618593563766393,0.0608026606331892
23,0.3957669283992848,0.6621634388285305,0.6490825688073389,0.2777777777777777,0.5321811680572108,0.0468403090083376
24,0.5116807898623961,0.664430798299481,0.6525229357798161,0.1166666666666666,0.5208581644815253,0.0523427134097322
25,0.2890461012205551,0.673311289560699,0.6204128440366969,0.0777777777777777,0.2598331346841482,0.0606908932252739
26,0.2579880276762808,0.6701936702881444,0.613532110091743,0.2388888888888888,0.4421930870083437,0.0651081667738127
27,0.4084778045557025,0.6638639584317438,0.6892201834862384,0.1166666666666666,0.6364719904648388,0.0611662724969516
28,0.2495724170100287,0.6629192253188485,0.6376146788990824,0.0777777777777777,0.4392133492252674,0.0581875926068168
29,0.1823835808131851,0.671894189891356,0.580275229357798,0.1388888888888889,0.4082240762812872,0.0663303965290109
30,0.2690663142346264,0.6699102503542758,0.6215596330275228,0.0777777777777777,0.4636471990464836,0.0947329822989078
31,0.4771826168078986,0.6633915918752944,0.6720183486238529,0.1388888888888889,0.4868891537544697,0.0704186400793041
32,0.1586527248697815,0.9776098252243736,0.7477064220183482,0.2166666666666666,0.2759237187127534,0.3426417434164636
33,0.1387118090647593,0.9800661313179032,0.7316513761467891,0.2166666666666666,0.4380214541120382,0.2861083566997877
34,0.081104718961362,0.98308927727917,0.6731651376146788,0.2777777777777777,0.4153754469606672,0.2658972911279872
35,0.2148410168700925,0.9811998110533776,0.7534403669724767,0.4388888888888888,0.3331346841477942,0.3472340495570707
36,0.2017219933141568,0.9781766650921124,0.7545871559633026,0.2777777777777777,0.3104886769964241,0.2926596428048751
37,0.2952071833942316,0.977704298535663,0.7649082568807337,0.3166666666666666,0.2634088200238378,0.2862180841410283
38,0.4337829433258182,0.9710911667453956,0.7924311926605503,0.2166666666666666,0.3337306317044102,0.2488910015868302
39,0.1821697893181995,0.987529522909778,0.7477064220183482,0.2388888888888888,0.1108462455303933,0.2870643845762909
40,0.1790017880743216,0.9841284837033548,0.7339449541284404,0.2777777777777777,0.094159713945173,0.1496285299834973
41,0.4241040192801057,0.9697685403873422,0.7981651376146788,0.3166666666666666,0.4576877234803329,0.1482612511971691
42,0.3683627458602193,0.9677846008502602,0.7947247706422016,0.3388888888888888,0.4415971394517277,0.0807432213804832
43,0.3104641219000233,0.9704298535663672,0.7993119266055047,0.261111111111111,0.4052443384982118,0.0786993981168095
44,0.2077081551737541,0.9793103448275868,0.7717889908256876,0.261111111111111,0.2461263408820024,0.0779813517503423
45,0.2728368187825546,0.978460085025981,0.7798165137614674,0.1999999999999999,0.4445768772348031,0.0686042890064043
46,0.1671460778978465,0.9751535191308456,0.7809633027522933,0.1611111111111111,0.2932061978545888,0.0661143050859712
47,0.3158672160460235,0.9788379782711392,0.7683486238532105,0.261111111111111,0.2842669845053636,0.0743419121518408
48,0.2221487988805099,0.975625885687295,0.7821100917431187,0.2388888888888888,0.302145411203814,0.0711803564009881
49,0.272545284925756,0.9713745866792642,0.7832568807339446,0.2166666666666666,0.3581644815256255,0.0736202736917854
50,0.3503265179196143,0.970807746811527,0.7809633027522933,0.3611111111111111,0.4117997616209776,0.0762911499231048
51,0.3630179584855788,0.9697685403873422,0.7935779816513762,0.3,0.3569725864123954,0.0726988100920184
52,0.2756938505791806,0.97628719886632,0.7947247706422016,0.2777777777777777,0.2091775923718706,0.062507476082115
53,0.4686892637798336,0.967406707605102,0.8314220183486234,0.2777777777777777,0.6066746126340878,0.047060850080981
54,0.2351706444841794,0.970996693434106,0.7889908256880735,0.2166666666666666,0.3206197854588795,0.044995769946409
55,0.3785469952577159,0.9725082664147386,0.8153669724770638,0.2388888888888888,0.3927294398092962,0.0074310785652033
56,0.5936018036227941,0.975436939064716,0.8130733944954125,0.261111111111111,0.3831942789034559,0.0014936860331707
57,0.2894736842105263,0.9842229570146444,0.7889908256880735,0.261111111111111,0.1311084624553036,0.0019557837843854
58,0.2226929954132006,0.979877184695324,0.7958715596330275,0.3,0.2824791418355183,0.0
59,0.4206444841794294,0.9743032593292398,0.8497706422018347,0.2388888888888888,0.5244338498212158,0.014028988213177
60,0.2548588976133095,0.9732640529050548,0.8107798165137612,0.1999999999999999,0.3206197854588795,0.0134758817974068
61,0.158361191012983,0.982333490788852,0.7603211009174311,0.3166666666666666,0.2729439809296781,0.0149139292080237
62,0.2414094690196688,0.9795937647614554,0.8061926605504586,0.3,0.3444576877234806,0.0158089704771088
63,0.4733343698981576,0.9735474728389236,0.8417431192660545,0.1999999999999999,0.3671036948748507,0.0156559553877295
64,0.1719077975588898,0.9867737364194618,0.9380733944954124,0.4166666666666666,0.2616209773539935,0.1361858017098849
65,0.076284692528959,0.9886632026452542,0.8967889908256876,0.4611111111111111,0.4648390941597138,0.1461236286263879
66,0.1337362979087304,0.9916863486065192,0.8933486238532109,0.4166666666666666,0.6144219308700829,0.1390286251956813
67,0.1648721138148177,0.9904581955597552,0.9059633027522932,0.4388888888888888,0.4791418355184738,0.1326504694394575
68,0.1807704268055663,0.9884742560226752,0.9208715596330276,0.3999999999999999,0.4421930870083437,0.1316356794384738
69,0.2363562155018269,0.985923476617856,0.9323394495412844,0.4388888888888888,0.570917759237187,0.1278548612222834
70,0.301543185881987,0.9805384978743508,0.9495412844036696,0.3999999999999999,0.6686531585220501,0.1193580041088712
71,0.1104524605457513,0.9962210675484188,0.9139908256880732,0.4611111111111111,0.3462455303933249,0.1650961238021745
72,0.2364728290445464,0.991119508738782,0.9426605504587156,0.5166666666666666,0.3659117997616214,0.1585966340007602
73,0.3587809997667729,0.9793103448275868,0.955275229357798,0.4388888888888888,0.8873659117997614,0.1457356778727737
74,0.2964899323641452,0.9777987718469544,0.9655963302752292,0.3166666666666666,0.8057210965435035,0.2083256005338405
75,0.2898040892482313,0.9809163911195088,0.9713302752293576,0.3999999999999999,0.6531585220500591,0.2023493125708385
76,0.0981886029697582,0.9882853094000944,0.9208715596330276,0.3166666666666666,0.2800953516090581,0.1983993686060549
77,0.1585749825079686,0.987529522909778,0.915137614678899,0.3,0.5083432657926106,0.2399856563295873
78,0.136068568763119,0.985923476617856,0.9426605504587156,0.3999999999999999,0.4278903456495828,0.1969632327308286
79,0.2333048278006686,0.9880963627775152,0.9300458715596328,0.3166666666666666,0.5822407628128725,0.1919915548472639
80,0.2034906320454015,0.9857345299952768,0.9747706422018344,0.4166666666666666,0.6138259833134678,0.1950042434741623
81,0.2739252118479359,0.9807274444969298,0.9667431192660544,0.3,0.6168057210965432,0.1967040892629362
82,0.355515820570629,0.9799716580066136,0.9644495412844032,0.3777777777777778,0.7669845053635274,0.1912997439721688
83,0.2232760631267978,0.9807274444969298,0.9850917431192658,0.3388888888888888,0.7365911799761622,0.1895588005043608
84,0.3127963927544118,0.98308927727917,0.9655963302752292,0.261111111111111,0.4690107270560184,0.1843930500079006
85,0.3953782165902201,0.9775153519130856,0.9805045871559632,0.3611111111111111,0.9851013110846244,0.1809111630722847
86,0.3082873357692607,0.9810108644307984,0.9793577981651372,0.3999999999999999,0.6901072705601909,0.1752214175829707
87,0.3781582834486512,0.9820500708549832,0.9816513761467892,0.3999999999999999,0.6495828367103686,0.1700408261381307
88,0.2189613620461789,0.986112423240435,0.954128440366972,0.3611111111111111,0.5744934445768775,0.166241573884381
89,0.1377205939516442,0.9934813415210204,0.9311926605504586,0.3999999999999999,0.3331346841477942,0.1661274137385895
90,0.2684638109305761,0.9887576759565436,0.9816513761467892,0.3999999999999999,0.4404052443384985,0.1609902035274751
91,0.3846303350695794,0.9836561171469054,1.0,0.3388888888888888,0.8039332538736583,0.161458260224779
92,0.1989232682888906,0.9839395370807758,0.9931192660550456,0.3166666666666666,0.5095351609058398,0.1747134044861828
93,0.1337168623182772,0.9915918752952296,0.9311926605504586,0.3,0.3116805721096543,0.1694380602895866
94,0.3258765451294411,0.987529522909778,0.9633027522935778,0.3999999999999999,0.3998808104886771,0.1733252159584735
95,0.3261875145766928,0.9835616438356158,0.9954128440366968,0.3,0.7485101311084619,0.1564009621489048
96,0.2504146259296691,0.2607778302629508,0.4189602446483178,0.2777777777777777,0.4071315057608262,0.1438892830285701
97,0.1874757055119334,0.2622421665879368,0.4166666666666661,0.3,0.6843464441795777,0.1435920840769434
98,0.2219544429759775,0.2651236025822712,0.3690749235474002,0.1999999999999999,0.6574294795391338,0.135790258908505
99,0.2837045531109902,0.2632183908045977,0.4327217125382256,0.1777777777777777,0.5912793007548669,0.1328074967619743
100,0.2514123195729353,0.2609667768855299,0.4269877675840976,0.2166666666666666,0.5249304727850617,0.1325574569813797
101,0.3812809349814714,0.2599118249094641,0.4501146788990824,0.061111111111111,0.5386372665872066,0.131913696663438
102,0.3977202052398353,0.2538025507794046,0.4680810397553516,0.2388888888888888,0.6024036551450132,0.1312539962642671
103,0.2856740262769184,0.2685403873405771,0.43960244648318,0.1388888888888889,0.3583631307111639,0.1259201813195921
104,0.2785022933996735,0.2674539442607457,0.4222094801223242,0.0777777777777777,0.3444576877234806,0.1259831435121112
105,0.5283662442665009,0.2528105810108645,0.4711391437308867,0.0777777777777777,0.6567342073897495,0.12630582528805
106,0.417677317370235,0.2512832624783492,0.468272171253822,0.1166666666666666,0.7200039729837102,0.126426211530276
107,0.313421570913991,0.2540702251613922,0.4688455657492354,0.1777777777777777,0.6714342471195862,0.1387301233468421
108,0.2417204384669206,0.2616438356164376,0.4394113149847087,0.3388888888888888,0.3831942789034559,0.145097166976153
109,0.3444926015185674,0.2607148480554251,0.4583333333333335,0.1388888888888889,0.5932657926102496,0.1413717590602336
110,0.2391322656715643,0.2587151629664621,0.4598623853211006,0.2388888888888888,0.5191696464044502,0.1411050036327485
111,0.3118602451475809,0.2614548889938586,0.4468654434250765,0.1777777777777777,0.5508541914978147,0.1414418792226901
112,0.2983589883127316,0.259108801763503,0.4600535168195714,0.1999999999999999,0.5330750893921334,0.1500303234392317
113,0.3404856306201249,0.2549992127224083,0.4720948012232409,0.3166666666666666,0.5672427493047274,0.1505320885365753
114,0.4324321697893183,0.2539757518501009,0.4678899082568808,0.2166666666666666,0.6147199046483904,0.147991504681407
115,0.4181178574205084,0.2543378995433798,0.4818425076452599,0.1388888888888889,0.5541319030591976,0.1416400447116225
116,0.3231361268755345,0.2594866950086612,0.481269113149847,0.1611111111111111,0.4012713547874447,0.1631626724592083
117,0.4895274560107804,0.25147220910093,0.499426605504587,0.1,0.776718315454906,0.1607658785439769
118,0.40128987535308,0.2551251771374598,0.4808868501529044,0.3388888888888888,0.6315057608263808,0.1380885201434906
119,0.4578344865117002,0.2562903479766945,0.4963685015290511,0.1777777777777777,0.5964441795788633,0.1432508454738455
120,0.4219045582938143,0.2587151629664621,0.4889143730886847,0.1166666666666666,0.6330949543106876,0.1475650746540074
121,0.2912164088211666,0.2669658321524171,0.4652140672782874,0.3611111111111111,0.3454509336511724,0.1485237922864727
122,0.3254327658140922,0.2645567627145322,0.488532110091743,0.261111111111111,0.5094358363130707,0.1545710878156872
123,0.5426578817797818,0.2581955597543697,0.528669724770642,0.0166666666666666,0.7179181565355575,0.1584059583455484
124,0.2697271243100365,0.2579436309242631,0.4864296636085621,0.1388888888888889,0.4818235995232416,0.1619753375170743
125,0.2579491564953743,0.2659108801763494,0.4518348623853208,0.061111111111111,0.4549066348827968,0.1655373423434761
126,0.3770439762626655,0.2631711541489547,0.482415902140672,0.061111111111111,0.4446762018275723,0.1563692638477992
127,0.5225355671305295,0.2578649031648563,0.5162461773700304,0.0777777777777777,0.59574890742948,0.1789214946681906
128,0.2083106584778045,0.937269721303732,0.8589449541284404,0.7,0.171632896305125,0.7060463177589503
129,0.1694200419808753,0.939253660840814,0.8394495412844032,0.4166666666666666,0.3712753277711553,0.5948672246837371
130,0.1596633755733499,0.9420878601795,0.8176605504587156,0.3166666666666666,0.4088200238379023,0.5776266137582078
131,0.3159643939982897,0.9407652338214464,0.8463302752293576,0.3999999999999999,0.3825983313468417,0.5268669420326982
132,0.2467736919847624,0.9384034010392064,0.8486238532110089,0.6388888888888888,0.2789034564958279,0.327587165027346
133,0.4032301951333282,0.9365139348134156,0.8612385321100917,0.3,0.2473182359952317,0.455543753782515
134,0.5153346808676048,0.930845536136042,0.8589449541284404,0.261111111111111,0.3992848629320611,1.0
135,0.2324885330016326,0.947094945677847,0.8314220183486234,0.3611111111111111,0.0703218116805719,0.6675935124332677
136,0.3037005364222964,0.9416154936230524,0.8772935779816513,0.2777777777777777,0.0,0.6655910314322362
137,0.6217834097799891,0.929617383089278,0.8566513761467891,0.3388888888888888,0.5089392133492248,0.5698049228918498
138,0.4986395086682733,0.9278223901747752,0.8646788990825689,0.3388888888888888,0.4624553039332535,0.4053350579072882
139,0.3762730311746871,0.930845536136042,0.8704128440366969,0.3611111111111111,0.4308700834326573,0.4812356718579086
140,0.2367254917204384,0.9391591875295244,0.8486238532110089,0.6777777777777776,0.1936829558998809,0.2710276204754231
141,0.3545246054575137,0.938497874350496,0.8589449541284404,0.261111111111111,0.4183551847437425,0.2657638921749626
142,0.2779678146622094,0.9361360415682576,0.8704128440366969,0.3,0.3075089392133487,0.2637412584138391
143,0.3929098966026587,0.9387812942843644,0.8566513761467891,0.3777777777777778,0.3235995232419539,0.225155546620986
144,0.2904648993236414,0.9357581483230994,0.8704128440366969,0.3166666666666666,0.3390941597139449,0.2062039402791622
145,0.428204928865739,0.9312234293812,0.8692660550458715,0.3611111111111111,0.3724672228843864,0.2034933406167345
146,0.5223509290212237,0.9303731695795944,0.863532110091743,0.2777777777777777,0.4445768772348031,0.1925070435076296
147,0.4454637331882143,0.930845536136042,0.8727064220183482,0.4999999999999999,0.3605482717520858,0.1700923951151125
148,0.4994752390577626,0.9347189418989146,0.892201834862385,0.261111111111111,0.1644815256257445,0.1546391627016486
149,0.515354116458058,0.9277279168634872,0.8784403669724767,0.3166666666666666,0.6728247914183547,0.1346813851931517
150,0.3188991681567286,0.9307510628247524,0.8681192660550456,0.3166666666666666,0.3963051251489866,0.1176957309420272
151,0.5158205706289357,0.9322626358053848,0.8784403669724767,0.3611111111111111,0.421334922526817,0.1133831049958014
152,0.5656534245510378,0.9364194615021262,0.8623853211009171,0.3,0.443980929678188,0.1038964940170656
153,0.3168195599782321,0.9440717997165802,0.8589449541284404,0.7777777777777777,0.1483909415971394,0.100932790475734
154,0.3424162326051465,0.939253660840814,0.9082568807339446,0.3777777777777778,0.2318235995232425,0.0726639458104221
155,0.564837129752002,0.9343410486537564,0.90940366972477,0.2777777777777777,0.5983313468414777,0.0707174741237901
156,0.278745238280339,0.9339631554085964,0.8887614678899078,0.3999999999999999,0.3355184743742545,0.0688046776508196
157,0.2359675036927621,0.9423712801133686,0.8566513761467891,0.3999999999999999,0.2681764004767584,0.0669221753632883
158,0.5047228484801368,0.9385923476617856,0.8979357798165135,0.3777777777777778,0.3140643623361145,0.0599521365675592
159,0.6382453548938817,0.933868682097307,0.8944954128440363,0.3166666666666666,0.4362336114421929,0.0625660414113719
160,0.2690808909274663,0.5590694378837977,0.6158256880733943,0.2777777777777777,0.3942193087008339,0.1616473386196028
161,0.2322650237114203,0.5611714690599907,0.6095183486238529,0.2777777777777777,0.656436233611442,0.1598939758134402
162,0.2123338257016248,0.5638403401039209,0.5685206422018343,0.2388888888888888,0.7091775923718706,0.1684305125519413
163,0.3402783176552904,0.5621634388285308,0.633314220183486,0.2388888888888888,0.6320023837902258,0.1773387908212991
164,0.2811115214180206,0.5602267359470954,0.6206995412844036,0.1999999999999999,0.5305423122765194,0.176299785383791
165,0.3993430770426805,0.5584789796882372,0.6399082568807337,0.1611111111111111,0.6196364719904648,0.1674126358859111
166,0.4680333126020368,0.5525980160604629,0.6553899082568804,0.061111111111111,0.6851907032181157,0.1402140286905977
167,0.3281067791339501,0.5679735474728389,0.633314220183486,0.2388888888888888,0.4140345649582833,0.1678584912279901
168,0.313301718106196,0.5650212564950401,0.6152522935779814,0.1777777777777777,0.3520560190703219,0.1624583128188832
169,0.5675046645417088,0.5519839395370809,0.6614105504587156,0.1611111111111111,0.8003575685339688,0.2774468211443395
170,0.4832708155173755,0.5504723665564484,0.6637041284403669,0.261111111111111,0.8921334922526811,0.136968522685992
171,0.3699613231749981,0.5533065658951362,0.6642775229357794,0.1388888888888889,0.7769666269368289,0.1149392534346339
172,0.2629246676514033,0.5606046291922535,0.6318807339449539,0.261111111111111,0.3849821215733011,0.1121883207073284
173,0.3972391743761176,0.5595181861124239,0.6582568807339446,0.1166666666666666,0.6533075089392129,0.1391970855573894
174,0.2825983440876933,0.557794048181389,0.6551032110091741,0.0777777777777777,0.5096841477949936,0.1560800140293688
175,0.3580035761486434,0.5602267359470954,0.6450688073394493,0.0777777777777777,0.648092967818831,0.3082859172914365
176,0.3414541708777112,0.5582191780821919,0.6576834862385317,0.1166666666666666,0.5575089392133488,0.290855087023397
177,0.4270242167457048,0.5536136041568263,0.6642775229357794,0.2166666666666666,0.6437723480333726,0.2425359943250682
178,0.4874057373863019,0.5531176192725553,0.6614105504587156,0.0777777777777777,0.7255661501787842,0.2284942144223719
179,0.4335157039570863,0.5532357109116681,0.6771788990825685,0.1611111111111111,0.6585220500595947,0.2860601418700615
180,0.3973314934307704,0.5573452999527628,0.673451834862385,0.1,0.4341477949940402,0.2947450213877397
181,0.537646738707922,0.5504251299008036,0.6860665137614679,0.1,0.8681466030989271,0.3011066891556283
182,0.4523099199253673,0.5540623523854507,0.6668577981651373,0.2166666666666666,0.6768474374255065,0.3042054612566773
183,0.5189205473062273,0.5549834671705245,0.6831995412844032,0.1166666666666666,0.6381108462455303,0.3105045640729952
184,0.4442635854777269,0.5575814832309884,0.6791857798165135,0.1777777777777777,0.6394517282479133,0.3122215224177442
185,0.3109014226852211,0.5658006613131796,0.6407683486238529,0.2166666666666666,0.3212157330154945,0.3143130743307018
186,0.3826479048433492,0.5623287671232884,0.6631307339449539,0.1166666666666666,0.5049165673420739,0.2178715633589992
187,0.6032855865661199,0.5565658951346251,0.7130160550458715,0.1388888888888889,0.8113825983313467,0.2242777715608075
188,0.3089092746637643,0.5562588568729332,0.676605504587156,0.4166666666666666,0.4651370679380213,0.2096969980815807
189,0.273643395786364,0.5641001417099663,0.6364678899082565,0.261111111111111,0.4013706793802147,0.2015874127284825
190,0.4177825934851902,0.5609825224374116,0.6809059633027523,0.0777777777777777,0.4274433849821215,0.1950252829742826
191,0.5764498950478116,0.5564005668398675,0.7041284403669721,0.061111111111111,0.6628426698450531,0.1806050114313815
192,0.307665396874757,0.4844591402928682,0.5814220183486234,0.4166666666666666,0.4189511323003576,0.4069834140345245
193,0.2579880276762808,0.4863486065186588,0.5768348623853208,0.4388888888888888,0.6889153754469599,0.4116325939946861
194,0.2336935396097333,0.4894662257912134,0.5298165137614679,0.5777777777777777,0.7455303933253865,0.3641452936426147
195,0.3980020213014071,0.4875767595654228,0.5883027522935778,0.1611111111111111,0.6609058402860541,0.3726130413242932
196,0.2842066391976988,0.4853094000944722,0.5848623853211006,0.4777777777777777,0.5518474374255056,0.3847990734657872
197,0.4303622794060484,0.4837033538025501,0.602064220183486,0.2166666666666666,0.6734207389749698,0.3742866867992561
198,0.4792816605768483,0.4780349551251763,0.6112385321100917,0.1999999999999999,0.7187127532777109,0.3804549705715991
199,0.3884202752079608,0.4932451582427966,0.5848623853211006,0.3777777777777778,0.4493444576877228,0.38347829145038
200,0.3236220166368654,0.4912612187057164,0.580275229357798,0.2388888888888888,0.3933253873659112,0.3802383026811681
201,0.5513877011583612,0.4772791686348618,0.613532110091743,0.2166666666666666,0.8456495828367099,0.3845817445027003
202,0.4893492964316256,0.4757675956542275,0.6215596330275228,0.261111111111111,0.9493444576877228,0.3916654867996552
203,0.3788968358858742,0.4786017949929153,0.6227064220183482,0.4166666666666666,0.8134684147794986,0.3687354260754426
204,0.2880160149265335,0.4857817666509216,0.5917431192660545,0.7,0.4243146603098924,0.377031688788894
205,0.4352989193811708,0.4847425602267368,0.6158256880733943,0.6000000000000001,0.689511323003575,0.3801191622555839
206,0.3169361735209516,0.4830420406235252,0.6077981651376145,0.3,0.52502979737783,0.3748148748910092
207,0.3773225530591619,0.4857817666509216,0.5974770642201834,0.261111111111111,0.7056019070321802,0.3856072407611901
208,0.3666912850812408,0.4835144071799711,0.6112385321100917,0.3999999999999999,0.5798569725864113,0.384001518178576
209,0.4696999144834021,0.4791686348606525,0.6181192660550456,0.4777777777777777,0.6626936829558994,0.2240320035308288
210,0.4870753323485968,0.4786962683042048,0.6158256880733943,0.1999999999999999,0.779499404052443,0.209982244295332
211,0.4632861696338335,0.4786017949929153,0.6353211009174311,0.3,0.6907032181168051,0.1825148775471474
212,0.3785275596672627,0.4832309872461042,0.6227064220183482,0.2777777777777777,0.4779499404052445,0.1804138459452258
213,0.5783643007074556,0.4758620689655171,0.6399082568807337,0.3166666666666666,0.905840286054826,0.1715759281077035
214,0.4449195366555236,0.4794520547945211,0.6284403669724767,0.3777777777777778,0.7145411203814063,0.1571652036221144
215,0.511019979786986,0.4803023145961269,0.6387614678899078,0.261111111111111,0.6835518474374251,0.1527366586520467
216,0.4988144289823525,0.4829475673122338,0.6318807339449539,0.1777777777777777,0.6537544696066742,0.148645184739689
217,0.3276063126797791,0.490977798771846,0.6089449541284404,0.5166666666666666,0.3462455303933249,0.1764407943052257
218,0.3964860452460546,0.4879546528105809,0.6341743119266052,0.3777777777777778,0.5351609058402853,0.1724249309097519
219,0.6457669283992847,0.482097307510628,0.6685779816513762,0.3,0.8504171632896305,0.1918244949507205
220,0.3529308870403482,0.481908360888049,0.6376146788990824,0.4166666666666666,0.481525625744934,0.1850722049257639
221,0.334700303195211,0.489749645725082,0.6100917431192658,0.6000000000000001,0.4123957091775927,0.1827050915798369
222,0.4254256394309259,0.4868209730751065,0.6295871559633026,0.2166666666666666,0.4547079856972584,0.1896645767754
223,0.6150975666640753,0.4820028341993385,0.6525229357798161,0.2388888888888888,0.705005959475566,0.197473633255672
224,0.912773070045868,0.0011336797354744,0.5022935779816513,0.3777777777777778,0.727056019070321,0.3141292413748335
225,0.8429604291378373,0.0,0.5022935779816513,0.4611111111111111,0.8182359952324192,0.3680431549052803
226,0.7590375495607556,0.002834199338686,0.5022935779816513,0.661111111111111,0.7431466030989271,0.4022801734640976
227,0.6358547772681334,0.0104865375531399,0.477064220183486,0.7,0.4725864123957088,0.3763316135100085
228,0.792641685454404,0.0093528578176655,0.4931192660550456,0.5611111111111111,0.6877234803337298,0.3685513332702321
229,0.5506297131306849,0.0073689182805853,0.4908256880733943,0.3999999999999999,0.5518474374255056,0.3214056193145033
230,0.7199914483402007,0.0104865375531399,0.4954128440366969,0.3,0.600715137067938,0.3313408301488041
231,0.6682150353727746,0.0080302314596121,0.4977064220183482,0.6777777777777776,0.6179976162097733,0.3383309165038059
232,0.7964899323641452,0.004251299008029,0.5080275229357794,0.7166666666666666,0.6066746126340878,0.3234282225441586
233,0.8285586566119879,0.0031176192725546,0.5034403669724767,0.3166666666666666,0.6829558998808101,0.3263326505677375
234,0.8077431392365702,0.0031176192725546,0.5068807339449539,0.4999999999999999,0.6400476758045293,0.3277600713681561
235,0.6821503537277462,0.0096362777515359,0.5275229357798161,0.2777777777777777,0.3837902264600719,0.3242581584444134
236,0.9678340977998912,9.447331128953353e-05,0.5206422018348622,0.5777777777777777,0.8414779499404044,0.2758920798079473
237,0.8253323485967504,0.0041568256967394,0.5068807339449539,0.7777777777777777,0.6537544696066742,0.2430640944729189
238,0.8608023011739098,0.0054794520547947,0.5206422018348622,0.6000000000000001,0.66030989272944,0.0763914730084603
239,0.9094884552592708,0.0072744449692958,0.5137614678899078,0.3611111111111111,0.6162097735399281,0.0542560461745763
240,0.6456697504470186,0.0157770429853556,0.4942660550458715,0.8999999999999999,0.279499404052443,0.0836111878620778
241,0.6657467153852135,0.0144544166273021,0.540137614678899,0.4388888888888888,0.556019070321812,0.0840146950623881
242,1.0,0.0073689182805853,0.5550458715596327,0.3,0.7401668653158526,0.080304858527035
243,0.5931159138614632,0.0074633915918749,0.5149082568807337,0.6388888888888888,0.5089392133492248,0.0834865285417808
244,0.6102192334603126,0.0153991497401992,0.4965596330275228,0.4611111111111111,0.4022646007151373,0.0838517263825626
245,0.7260359169711575,0.0137931034482754,0.5493119266055047,0.4777777777777777,0.4344457687723477,0.082017190358784
246,0.898643395786364,0.0077468115257435,0.5504587155963301,0.3611111111111111,0.5887961859356374,0.0717994220711024
247,0.0268016792350151,0.9363249881908366,0.7694954128440363,0.7777777777777777,0.5071513706793795,0.3098578451894273
248,0.0292116924512166,0.9389702409069454,0.7580275229357794,0.6388888888888888,0.7342073897497019,0.317349985363264
249,0.0503381792738863,0.9420878601795,0.7006880733944949,0.7999999999999998,0.7377830750893914,0.3172039487055155
250,0.0703179662598149,0.9403873405762884,0.7614678899082565,0.0388888888888888,0.6358760429082237,0.3128231771863425
251,0.0608722692995413,0.9370807746811528,0.7649082568807337,0.7388888888888889,0.5715137067938012,0.336134540105139
252,0.1031252429448806,0.9367973547472844,0.7763761467889903,0.6777777777777776,0.6638855780691295,0.339547581898953
253,0.2038404726735598,0.9300897496457255,0.78440366972477,0.0,0.7091775923718706,0.3311221724031298
254,0.0913861463111249,0.9463391591875308,0.7511467889908254,0.6777777777777776,0.3659117997616214,0.3144429475628949
255,0.1005597450050532,0.9437883797827116,0.7419724770642202,0.7388888888888889,0.4791418355184738,0.306750056017528
256,0.2796392754411879,0.9295229097779883,0.7866972477064218,0.061111111111111,0.7926102502979737,0.3209134666516368
257,0.1921208116302573,0.9276334435521978,0.7958715596330275,0.0388888888888888,0.8605482717520858,0.3542359250411029
258,0.0953898779444919,0.9297118564005676,0.7889908256880735,0.0,0.8087008343265789,0.3483223563463308
259,0.0539143279172821,0.9381199811053378,0.7763761467889903,0.0388888888888888,0.4910607866507743,0.3399537370403886
260,0.0901617041125709,0.936891828058574,0.78440366972477,0.0777777777777777,0.6871275327771156,0.3529266533891485
261,0.0368110083184327,0.9339631554085964,0.7752293577981648,0.1166666666666666,0.5953516090584023,0.3508285594454348
262,0.1057879188369742,0.9378365611714692,0.7522935779816513,0.0388888888888888,0.6561382598331345,0.3466521436703402
263,0.096381093057607,0.9350023618327832,0.7947247706422016,0.0,0.6340882002383794,0.3402109162065489
264,0.1320842727202052,0.930845536136042,0.78440366972477,0.5611111111111111,0.6817640047675799,0.3407603591780176
265,0.174453859908264,0.9307510628247524,0.78440366972477,0.061111111111111,0.7157330154946355,0.3385218284460313
266,0.1736181295187747,0.9290505432215408,0.801605504587156,0.0777777777777777,0.6650774731823597,0.3334486978127935
267,0.1532301951333281,0.935852621634389,0.7924311926605503,0.0166666666666666,0.4958283671036949,0.3370885396302001
268,0.2054536266811785,0.92716107699575,0.8096330275229358,0.0388888888888888,0.8772348033373061,0.3383866241540267
269,0.1320065303583923,0.930845536136042,0.7981651376146788,0.6166666666666667,0.6847437425506553,0.3377065509690756
270,0.2215851667573661,0.9318847425602268,0.8061926605504586,0.0166666666666666,0.6918951132300353,0.3278909259215558
271,0.1960662364922646,0.9341521020311774,0.8038990825688073,0.061111111111111,0.6561382598331345,0.3123587500832344
272,0.1645417087771127,0.943316013226264,0.7775229357798161,0.7611111111111108,0.3408820023837902,0.3140244962045683
273,0.0977221487988805,0.939253660840814,0.8130733944954125,0.0166666666666666,0.5887961859356374,0.3135857039193848
274,0.2731866594107128,0.9333018422295716,0.8325688073394493,0.061111111111111,0.7860548271752079,0.312484927680339
275,0.0535061805177641,0.932073689182806,0.7924311926605503,0.1166666666666666,0.5381406436233616,0.3126469707920734
276,0.1197815439633056,0.9416154936230524,0.7614678899082565,0.1166666666666666,0.4731823599523239,0.3243490035001238
277,0.1281777190391043,0.9388757675956558,0.7958715596330275,0.0388888888888888,0.5023837902264598,0.3181703138069983
278,0.2341405581901578,0.9331128956069924,0.8199541284403669,0.0166666666666666,0.6406436233611443,0.308192228163105
279,0.2411179351628702,0.7490316485592832,0.71875,0.261111111111111,0.4386174016686532,0.4627450704398617
280,0.1995452071833942,0.7511100614076529,0.7107224770642202,0.3388888888888888,0.6638855780691295,0.4428848296883976
281,0.2162500971779522,0.7539914974019837,0.6682912844036695,0.3777777777777778,0.7854588796185928,0.4494968515118834
282,0.3109986006374874,0.7525507794048174,0.7348050458715596,0.3,0.6775923718712744,0.4254957472205432
283,0.2617099432480759,0.7504251299008029,0.7233371559633026,0.261111111111111,0.544994040524434,0.4457175708205999
284,0.3625320687242478,0.748512045347189,0.7293577981651373,0.1999999999999999,0.6632896305125144,0.4958362954374571
285,0.4581551737541787,0.7428672649976384,0.7551605504587156,0.3388888888888888,0.7315256257449341,0.416239415193438
286,0.2980059084194978,0.758455361360415,0.7368119266055042,0.3166666666666666,0.5053635280095352,0.4291255100029935
287,0.2849840628158283,0.7551015588096366,0.7147362385321099,0.3166666666666666,0.3730631704410014,0.4083653578814274
288,0.5626797792116925,0.742347661785546,0.7568807339449539,0.3,0.8617401668653151,0.4136731543736445
289,0.4658030785975278,0.7407888521492687,0.7603211009174311,0.2166666666666666,0.9657330154946364,0.2771538946070562
290,0.3577606312679778,0.7435049598488437,0.7654816513761467,0.2166666666666666,0.8048271752085809,0.3264226726012659
291,0.2407000699681256,0.7506613131790285,0.7313646788990824,0.4388888888888888,0.4350417163289628,0.3781149512486511
292,0.3749805644095467,0.7496221067548419,0.7568807339449539,0.5388888888888888,0.705005959475566,0.370882491166444
293,0.2593582368032341,0.7476854038734064,0.7588876146788985,0.3166666666666666,0.5131108462455303,0.3605358807473434
294,0.3316294799035995,0.7503306565895134,0.738532110091743,0.1777777777777777,0.7368891537544688,0.3594186251484207
295,0.3239815750602504,0.7483467170524332,0.7600344036697244,0.3388888888888888,0.5905840286054818,0.345799072550175
296,0.401578169944803,0.7436702881435995,0.7623279816513757,0.4388888888888888,0.6764004767580452,0.3427972106473361
297,0.471536577781233,0.7434813415210204,0.7606077981651373,0.1777777777777777,0.7830750893921334,0.3330189849888517
298,0.3610938350307082,0.7431979215871518,0.7838302752293576,0.3777777777777778,0.7318235995232407,0.3343215735679423
299,0.3516189846847547,0.7472602739726035,0.7692087155963301,0.2388888888888888,0.4663289630512515,0.302757330496875
300,0.5475005830677137,0.7405999055266896,0.7861238532110089,0.2166666666666666,0.956197854588796,0.3051254623327523
301,0.4171849490787531,0.7442843646669814,0.7712155963302751,0.3388888888888888,0.7219904648390938,0.306633722827685
302,0.4919633833475861,0.745063769485121,0.7823967889908254,0.3999999999999999,0.6823599523241959,0.3077980347198671
303,0.4123940760320298,0.7476381672177617,0.7841169724770642,0.3,0.6716328963051246,0.3176345426278015
304,0.2686484490398818,0.7557156353330186,0.7431192660550456,0.3388888888888888,0.379916567342073,0.3284728288215123
305,0.3521534634222187,0.7518186112423244,0.7634747706422016,0.2777777777777777,0.5500595947556621,0.3196662916914551
306,0.5478115525149654,0.7465753424657535,0.8147935779816509,0.2777777777777777,0.8706793802145412,0.306334443422002
307,0.3155951177796782,0.7459848842701948,0.7904243119266052,0.3611111111111111,0.4874851013110839,0.3133790848643059
308,0.2516520251885252,0.7538497874350494,0.7511467889908254,0.261111111111111,0.4162693682955898,0.3114656847311138
309,0.3833864572805722,0.7508502598016058,0.7864105504587156,0.2388888888888888,0.4573897497020263,0.3512011243303374
310,0.513342532846148,0.746551724137932,0.8136467889908254,0.1388888888888889,0.7362932061978547,0.3749464276858086
311,0.2733421441343387,0.9803495512517716,0.8646788990825689,0.8611111111111109,0.2800953516090581,0.3378447563052708
312,0.2356176630646039,0.983278223901749,0.8463302752293576,0.7999999999999998,0.5375446960667456,0.3374861068006569
313,0.2362396019591075,0.9867737364194618,0.818807339449541,0.8777777777777778,0.5327771156138259,0.3440027284061455
314,0.2731283526393532,0.9846008502598024,0.8532110091743119,0.961111111111111,0.3963051251489866,0.3374026586568077
315,0.3054497395630878,0.9810108644307984,0.8600917431192658,0.961111111111111,0.3724672228843864,0.3306329182385449
316,0.2841094612454327,0.981105337742088,0.8577981651376145,0.7777777777777777,0.3748510131108458,0.3257992545376363
317,0.4030747104097023,0.973830892772792,0.8772935779816513,0.6166666666666667,0.4874851013110839,0.3019311476441432
318,0.2890849724014616,0.9903637222484658,0.8463302752293576,0.9777777777777776,0.1811680572109653,0.2815538485166193
319,0.2004198087537899,0.9894189891355688,0.8405963302752291,0.6777777777777776,0.1591179976162102,0.2824206246154348
320,0.405173754178652,0.9731695795937654,0.8681192660550456,0.9777777777777776,0.5655542312276514,0.2864562382202316
321,0.4243761175464511,0.9714690599905538,0.8727064220183482,0.6000000000000001,0.6615017878426692,0.2894309005674084
322,0.4234820803856022,0.973452999527634,0.8795871559633026,0.5777777777777777,0.5494636471990462,0.2942056856596488
323,0.3093368576537355,0.9817666509211148,0.8600917431192658,0.8777777777777778,0.302741358760429,0.2911041799966185
324,0.3806654746171188,0.9806329711856404,0.8738532110091741,0.4166666666666666,0.5333730631704401,0.2924931238462981
325,0.2149576304128119,0.9776098252243736,0.8864678899082565,0.7166666666666666,0.3498212157330154,0.2935113917797286
326,0.3471002099043768,0.9817666509211148,0.8612385321100917,0.6777777777777776,0.4266984505363527,0.2942428019688771
327,0.3604330249552981,0.9788379782711392,0.8738532110091741,0.8777777777777778,0.4380214541120382,0.2940351554635256
328,0.3839889605846226,0.974870099196977,0.8738532110091741,0.8999999999999999,0.4076281287246712,0.2886946196135155
329,0.3240495996268366,0.9749645725082664,0.8612385321100917,0.7999999999999998,0.5345649582836711,0.287075010190898
330,0.4910401928010572,0.9725082664147386,0.8990825688073389,0.5166666666666666,0.5005959475566146,0.2804221956711947
331,0.2217600870714452,0.9806329711856404,0.8738532110091741,0.7777777777777777,0.1746126340881999,0.2764908865215592
332,0.4685920858275675,0.9707132735002376,0.8887614678899078,0.8611111111111109,0.6942789034564956,0.2724407107339604
333,0.3815983829588742,0.974870099196977,0.8772935779816513,0.7166666666666666,0.5226460071513706,0.265995380106355
334,0.4411490321075955,0.975814832309874,0.8899082568807337,0.7611111111111108,0.4845053635280094,0.33227885574253
335,0.5083378683044391,0.9775153519130856,0.8979357798165135,0.5166666666666666,0.4487485101311086,0.3151919432139093
336,0.3229612065614553,0.9872461029759112,0.8658256880733943,0.8777777777777778,0.100715137067938,0.3083218299307235
337,0.3168389955686854,0.9839395370807758,0.8933486238532109,0.7,0.3748510131108458,0.3060498755378234
338,0.4812835263935319,0.9772319319792172,0.9139908256880732,0.5166666666666666,0.5864123957091771,0.2973093285254422
339,0.3153813262846926,0.9761927255550304,0.9082568807339446,0.5777777777777777,0.3206197854588795,0.2971764512622845
340,0.2708349529658711,0.9860179499291456,0.8761467889908254,0.9999999999999998,0.1930870083432658,0.2911511420405634
341,0.2655290367721371,0.9835616438356158,0.8853211009174311,0.7166666666666666,0.2228843861740164,0.285314302575488
342,0.3918798103086373,0.977042985356638,0.9116972477064214,0.2388888888888888,0.4225268176400472,0.2791369028368874
343,0.2756938505791806,0.489749645725082,0.5779816513761467,0.1777777777777777,0.3295589988081047,0.0609374955608033
344,0.2726813340589287,0.491544638639585,0.5745412844036695,0.261111111111111,0.5452920143027407,0.0595640178908708
345,0.2350929021223664,0.4942843646669814,0.5458715596330275,0.1777777777777777,0.5631704410011911,0.0586679856765294
346,0.4004703412889684,0.4928672649976384,0.5791284403669721,0.1999999999999999,0.5292014302741355,0.0589500698921554
347,0.3211536966493041,0.4906943788379792,0.5745412844036695,0.1999999999999999,0.4231227651966622,0.0594950250696854
348,0.5841561066625204,0.488899385923478,0.6089449541284404,0.1611111111111111,0.4088200238379023,0.060315951200093
349,0.6667962372696882,0.4833254605573938,0.5997706422018347,0.1166666666666666,0.5303933253873656,0.1261673139734469
350,0.3487133639119957,0.4987246102975913,0.5653669724770638,0.1611111111111111,0.2288438617401662,0.0994416880021146
351,0.4588937261914017,0.4946622579121396,0.6089449541284404,0.261111111111111,0.1799761620977351,0.0975705410976493
352,0.8260320298530669,0.482097307510628,0.5928899082568804,0.1777777777777777,0.5989272943980928,0.2196551068531872
353,0.6685065692295732,0.480680207841285,0.5974770642201834,0.261111111111111,0.5756853396901067,0.1545331717147417
354,0.4576304128119413,0.4836088804912606,0.5974770642201834,0.2777777777777777,0.556019070321812,0.1630584357042588
355,0.295168312213325,0.4913556920170059,0.5814220183486234,0.261111111111111,0.3230035756853397,0.1302251919875874
356,0.4267861307626526,0.4906943788379792,0.5963302752293576,0.1166666666666666,0.5423122765196662,0.1303138709683856
357,0.3439322086604991,0.4886159659896076,0.5928899082568804,0.1166666666666666,0.4493444576877228,0.1297716709239828
358,0.5070356837440722,0.4910722720831355,0.5928899082568804,0.2166666666666666,0.4636471990464836,0.0818396575049739
359,0.3904221410246443,0.4884270193670286,0.5974770642201834,0.1777777777777777,0.4672228843861732,0.0805695613770217
360,0.5699486900412035,0.4840812470477083,0.6100917431192658,0.1611111111111111,0.4845053635280094,0.0859941002471263
361,0.6975044701858042,0.4830420406235252,0.5986238532110093,0.1999999999999999,0.5584028605482714,0.0858648021348693
362,0.520990437689497,0.4838923004251292,0.5963302752293576,0.1999999999999999,0.4606674612634083,0.0880992964076619
363,0.676902744305372,0.4876712328767123,0.6410550458715591,0.1999999999999999,0.3045292014302743,0.0856992840774621
364,0.6749980564409548,0.4805857345299955,0.6146788990825685,0.261111111111111,0.7598331346841474,0.0814702964330332
365,0.4832465210293089,0.4837978271138397,0.6066513761467891,0.1777777777777777,0.5399284862932059,0.0767613066544281
366,0.6447368421052632,0.4852149267831827,0.6227064220183482,0.1388888888888889,0.5315852205005958,0.0738481881139615
367,0.5686659410712898,0.488899385923478,0.6009174311926606,0.1611111111111111,0.5589988081048864,0.0768371179489008
368,0.3843582368032341,0.4964572508266425,0.5917431192660545,0.2388888888888888,0.2949940405244331,0.0756112605906896
369,0.4352989193811708,0.4926783183750594,0.6399082568807337,0.2166666666666666,0.4004767580452921,0.0801425008084343
370,0.6981652802612144,0.4872933396315542,0.6490825688073389,0.2166666666666666,0.6883194278903457,0.0842224729857977
371,0.3511039415377439,0.4872933396315542,0.6146788990825685,0.2388888888888888,0.4547079856972584,0.0835718039276197
372,0.3112804166990592,0.4951346244685872,0.586009174311926,0.1999999999999999,0.4243146603098924,0.0899663965651562
373,0.6855127108761564,0.491733585262164,0.6605504587155964,0.1999999999999999,0.4463647199046483,0.0938524451364627
374,0.7893765062582603,0.4871988663202646,0.6456422018348622,0.1611111111111111,0.556019070321812,0.0975998954448549
375,0.4749475239057763,0.6488427019367027,0.6926605504587156,0.1388888888888889,0.2205005959475561,0.0390339827714091
376,0.426086449506336,0.6509211147850742,0.6811926605504586,0.1611111111111111,0.4123957091775927,0.0434669465077486
377,0.4137837207494363,0.6535663675011811,0.6731651376146788,0.1611111111111111,0.4940405244338497,0.0406443882838665
378,0.552184560366944,0.6522437411431277,0.6811926605504586,0.1166666666666666,0.4207389749702019,0.0414061789430379
379,0.4990282204773381,0.6504487482286248,0.6777522935779814,0.1,0.3522050059594757,0.0418475617569122
380,0.6565731166912852,0.6478979688238073,0.7064220183486234,0.1166666666666666,0.3081048867699647,0.0419837171705192
381,0.7846536577781233,0.6424185167690144,0.693807339449541,0.0166666666666666,0.51072705601907,0.0364738737105628
382,0.4578053331260203,0.6581010864430805,0.6743119266055047,0.1611111111111111,0.1644815256257445,0.0455969176271469
383,0.5001166135427195,0.6535663675011811,0.7144495412844032,0.061111111111111,0.075089392133492,0.0396951629511889
384,0.7667146077897847,0.6416627302786964,0.6857798165137612,0.1611111111111111,0.6025029797377832,0.0357397322824794
385,0.7093407447718262,0.6401511572980638,0.6915137614678897,0.1,0.6191895113230035,0.02840237901876
386,0.6746287802223432,0.643363249881908,0.6961009174311923,0.1,0.5286054827175204,0.0243920776602908
387,0.5251496540464899,0.6504487482286248,0.6892201834862384,0.1777777777777777,0.1513706793802143,0.0296662211737198
388,0.6435512710876157,0.6494095418044399,0.6995412844036695,0.1388888888888889,0.4678188319427891,0.03498243671825
389,0.592532846147866,0.6480869154463864,0.7029816513761467,0.1,0.3420738974970203,0.0333735846601613
390,0.7199331415688409,0.6500708549834666,0.7029816513761467,0.1,0.3796185935637655,0.0347843993287379
391,0.6133289279328307,0.648181388757676,0.6995412844036695,0.1388888888888889,0.3682955899880809,0.0357855769410668
392,0.7232566275363446,0.6432687765706184,0.7064220183486234,0.1166666666666666,0.4821215733015491,0.0330119231598521
393,0.7101959107517687,0.6426074633915917,0.6869266055045871,0.0777777777777777,0.4588796185935631,0.031567159489993
394,0.7320803856021146,0.643363249881908,0.7064220183486234,0.1777777777777777,0.4713945172824787,0.0341321900907426
395,0.640966337557335,0.6461029759093062,0.7316513761467891,0.0388888888888888,0.2210965435041711,0.0326457167850335
396,0.7689302651014538,0.6402456306093534,0.7041284403669721,0.1166666666666666,0.7455303933253865,0.0332638130810375
397,0.7522156573116691,0.6437411431270679,0.693807339449541,0.1,0.4976162097735392,0.0334795245400455
398,0.8722109927699604,0.6445914029286719,0.7098623853211006,0.1,0.4433849821215729,0.034685296174649
399,0.68613464977066,0.6477090222012283,0.7029816513761467,0.1611111111111111,0.5297973778307505,0.0349203665755799
400,0.6865427971701781,0.6556447803495526,0.7029816513761467,0.1,0.1317044100119186,0.0321254575827859
401,0.6618790328850191,0.6516769012753905,0.7511467889908254,0.1388888888888889,0.34684147794994,0.0326539350597579
402,0.8230195133328151,0.6462919225318853,0.7350917431192658,0.1,0.6263408820023835,0.0324147425787773
403,0.5747104097022467,0.6464808691544643,0.7213302752293576,0.1611111111111111,0.3164481525625739,0.0338248507093597
404,0.5243916660188136,0.6542276806802079,0.7087155963302747,0.1611111111111111,0.2389749702026216,0.0339588486765129
405,0.7207883075487833,0.6504487482286248,0.7603211009174311,0.1,0.2634088200238378,0.0339788856161445
406,0.773031174687087,0.6464808691544643,0.7442660550458715,0.1,0.4779499404052445,0.0339559827008821
407,0.4360374718183938,0.0557392536608407,0.3681192660550456,0.3388888888888888,0.3122765196662693,0.2426597138071315
408,0.395941848713364,0.0571563533301837,0.352064220183486,0.2388888888888888,0.533969010727056,0.2329145610295421
409,0.4221604602347819,0.0598016060462907,0.3371559633027523,0.3166666666666666,0.6358760429082237,0.1991304220416365
410,0.5600559745005054,0.0581010864430791,0.3669724770642197,0.2166666666666666,0.5023837902264598,0.2308063107266107
411,0.5131190235559356,0.0564005668398674,0.3577981651376145,0.2777777777777777,0.4404052443384985,0.2313955451612633
412,0.7041903133017182,0.0542276806802064,0.3853211009174306,0.261111111111111,0.4988081048867694,0.3139034140439893
413,0.7515548472362591,0.0486537553141239,0.3853211009174306,0.1777777777777777,0.6537544696066742,0.3189505514464165
414,0.4664541708777112,0.0634860651865842,0.3600917431192658,0.2388888888888888,0.3563766388557803,0.325397580221
415,0.7233343698981576,0.0611242324043459,0.363532110091743,0.3166666666666666,0.2312276519666265,0.3149652951839295
416,0.8761952888128741,0.0476145488899391,0.3830275229357793,0.3166666666666666,0.7598331346841474,0.3072127634025123
417,0.7290095623105031,0.0465753424657524,0.3841743119266052,0.2777777777777777,0.7872467222884381,0.3179738706911001
418,0.6381676125320688,0.0497874350495983,0.3864678899082565,0.3,0.6662693682955898,0.28318356916498
419,0.476308015237503,0.0568729333963151,0.3692660550458715,0.2777777777777777,0.3075089392133487,0.2828076162827159
420,0.6033584700303195,0.0557392536608407,0.3853211009174306,0.2166666666666666,0.5441001191895114,0.2630627685509972
421,0.5183277617974035,0.0547000472366558,0.3887614678899078,0.2388888888888888,0.4517282479141831,0.2613535008175576
422,0.6582445774702635,0.0565895134624465,0.3818807339449539,0.2388888888888888,0.5613825983313467,0.2977699235974471
423,0.5652647127419731,0.0545111006140768,0.3830275229357793,0.2777777777777777,0.5792610250297971,0.2969093211605884
424,0.6955803467309337,0.0500708549834669,0.3956422018348617,0.3999999999999999,0.6102502979737783,0.2720678856678518
425,0.853727746248931,0.048842701936703,0.3830275229357793,0.2388888888888888,0.668057210965435,0.2721935916865207
426,0.5304361346497707,0.0503542749173355,0.3979357798165135,0.2388888888888888,0.6698450536352794,0.2723539880901635
427,0.8674492731089172,0.0534718941898919,0.408256880733945,0.3166666666666666,0.3760429082240759,0.272289169119778
428,0.8074710409702247,0.0469532357109105,0.4025229357798165,0.3,0.876042908224075,0.2719016010051057
429,0.6844631889916817,0.050259801606046,0.3864678899082565,0.3166666666666666,0.6609058402860541,0.2734232472257294
430,0.9060094845681412,0.0512990080302309,0.4002293577981648,0.2777777777777777,0.5941597139451731,0.2738106630149252
431,0.6444841794293711,0.0544166273027872,0.4002293577981648,0.3611111111111111,0.5947556615017873,0.2737913405780186
432,0.5269765995490944,0.0621634388285308,0.3749999999999995,0.2388888888888888,0.3051251489868885,0.2819009899808269
433,0.7029658711031641,0.0598960793575802,0.4105504587155963,0.2777777777777777,0.4463647199046483,0.2802948923921379
434,0.923054497395631,0.0532829475673128,0.4288990825688072,0.3999999999999999,0.7729439809296781,0.2568800759169201
435,0.5458485578791884,0.0539442607463378,0.4105504587155963,0.261111111111111,0.4523241954707981,0.2640244865639254
436,0.5021184793594029,0.061313179026925,0.3853211009174306,0.2166666666666666,0.3462455303933249,0.2900980463305529
437,0.8018152841483325,0.0581010864430791,0.4094036697247705,0.3166666666666666,0.3867699642431463,0.3011749903726897
438,0.8239329860841172,0.0535663675011814,0.4128440366972477,0.261111111111111,0.5935637663885571,0.3071309500196586
439,0.2465210293088704,0.970051960321209,0.9185779816513762,0.7,0.1179976162097733,0.0226418831576654
440,0.1164580579958019,0.9721303731695804,0.9071100917431189,0.6166666666666667,0.3665077473182356,0.0143166799311459
441,0.1516364767161626,0.975059045819556,0.8887614678899078,0.4611111111111111,0.3337306317044102,0.0135442381038562
442,0.2754217523128353,0.973452999527634,0.910550458715596,0.4611111111111111,0.4112038140643617,0.0248315871031095
443,0.2543730078519786,0.970996693434106,0.9116972477064214,0.6166666666666667,0.2938021454112038,0.0248315871031095
444,0.2519435590453238,0.9692961738308928,0.9311926605504586,0.3166666666666666,0.3087008343265789,0.0221981935586348
445,0.4377866749591853,0.96343882853094,0.9231651376146788,0.3166666666666666,0.4779499404052445,0.0219070849711553
446,0.2042291844826246,0.9797827113840344,0.8956422018348622,0.5388888888888888,0.1305125148986889,0.019228886165462
447,0.1673404338023789,0.974681152574398,0.9495412844036696,0.261111111111111,0.007747318235995,0.0186949930034137
448,0.4476210837285237,0.9617383089277284,0.9220183486238532,0.6777777777777776,0.6048867699642426,0.0112612442622116
449,0.3006102775402317,0.9598488427019376,0.9300458715596328,0.5166666666666666,0.5500595947556612,0.0148655587341833
450,0.2887740029542097,0.9629664619744922,0.93348623853211,0.4611111111111111,0.4231227651966622,0.0114442824043194
451,0.2416038249242012,0.9716580066131328,0.915137614678899,0.7166666666666666,0.1251489868891537,0.0074071767399539
452,0.3325040814739952,0.9711856400566852,0.9162844036697244,0.4999999999999999,0.3808104886769965,0.005320198241791
453,0.1797014693306382,0.9683514407179974,0.92545871559633,0.3611111111111111,0.2854588796185928,0.004716153058363
454,0.2720788307548784,0.9712801133679748,0.9197247706422016,0.5166666666666666,0.2687723480333726,0.0074922198211446
455,0.235792583378683,0.9679735474728391,0.9346330275229358,0.7,0.3575685339690104,0.0070181288446728
456,0.2954792816605769,0.96343882853094,0.9392201834862384,0.7388888888888889,0.3462455303933249,0.0068950067174191
457,0.3461089947912618,0.9624940954180464,0.9323394495412844,0.4777777777777777,0.4421930870083437,0.0191856131193298
458,0.3658166835108452,0.9628719886632028,0.9449541284403667,0.5777777777777777,0.4112038140643617,0.021517628883421
459,0.3079180595506492,0.967217760982523,0.9655963302752292,0.3,0.2699642431466036,0.02680951084792
460,0.4841211225997046,0.9598488427019376,0.9392201834862384,0.6166666666666667,0.7228843861740164,0.0312044639021357
461,0.3083845137215268,0.9628719886632028,0.943807339449541,0.7166666666666666,0.4171632896305124,0.0371241959710874
462,0.3275674414988727,0.9644780349551249,0.9495412844036696,0.5388888888888888,0.4725864123957088,0.0486945819668879
463,0.3932986084117236,0.9687293339631556,0.92545871559633,0.3388888888888888,0.5286054827175204,0.061610361659977
464,0.2322553059161937,0.9765706188001886,0.9231651376146788,0.4999999999999999,0.1281287246722287,0.0731807476557775
465,0.2106818005130995,0.9717524799244224,0.9759174311926602,0.5388888888888888,0.2228843861740164,0.0730013620064664
466,0.4316255927855088,0.9664619744922068,0.9678899082568804,0.3,0.599523241954707,0.0718859499108587
467,0.2742750524760943,0.9660840812470486,0.9598623853211006,0.7777777777777777,0.3134684147794986,0.0704989295436658
468,0.1642501749203141,0.974681152574398,0.9288990825688072,0.3777777777777778,0.1948748510131106,0.056530481249255
469,0.3516287024799813,0.9710911667453956,0.9655963302752292,0.3777777777777778,0.317044100119189,0.0657698706346422
470,0.4774935862551505,0.9658951346244696,0.9713302752293576,0.3999999999999999,0.5196662693682952,0.0784221773649247
471,0.2542175231283526,0.6398205007085505,0.7253440366972472,0.1388888888888889,0.3191299165673427,0.2111281404024629
472,0.2164833242633911,0.6415210203117621,0.733371559633027,0.0777777777777777,0.5426102502979728,0.2656179401424788
473,0.209700303195211,0.6445441662730271,0.6892201834862384,0.1166666666666666,0.540524433849821,0.2656434249579736
474,0.3461381481769416,0.6426547000472365,0.7419724770642202,0.1777777777777777,0.5202622169249103,0.2658478211894334
475,0.2783273730855944,0.6403401039206429,0.7316513761467891,0.1388888888888889,0.4195470798569718,0.238576967912269
476,0.4817985695405427,0.6389230042512999,0.7540137614678897,0.1611111111111111,0.4120977353992852,0.2657658329143661
477,0.5523303272953434,0.6329711856400575,0.7488532110091741,0.0388888888888888,0.533969010727056,0.2657687440234714
478,0.3057607090103398,0.6485592820028341,0.7213302752293576,0.061111111111111,0.2410607866507752,0.2382686867014697
479,0.3458757677058228,0.645536136041569,0.7293577981651373,0.1,0.1910011918951131,0.2657683889292234
480,0.6539881831610045,0.6316485592820023,0.7482798165137612,0.0777777777777777,0.5920738974970194,0.2657624737891537
481,0.5396583223198321,0.6300425129900802,0.7551605504587156,0.0777777777777777,0.5756853396901067,0.2657624737891537
482,0.3879538210370831,0.632923948984411,0.7620412844036695,0.1166666666666666,0.5429082240762813,0.2620270983445091
483,0.2675600559745005,0.6410958904109592,0.7534403669724767,0.1,0.2973778307508934,0.267540923506135
484,0.3867682500194356,0.6402928672649981,0.7683486238532105,0.1777777777777777,0.5169845053635282,0.2850190825275998
485,0.2788035450516987,0.6379310344827598,0.7729357798165135,0.1166666666666666,0.4320619785458874,0.2650647089459261
486,0.3921421907797559,0.640717997165801,0.7723623853211006,0.1388888888888889,0.4359356376638854,0.2546663105197468
487,0.3168098421830055,0.6379782711384046,0.7735091743119265,0.0777777777777777,0.4475566150178776,0.2517986669416132
488,0.4453471196454949,0.6335852621634395,0.7821100917431187,0.0388888888888888,0.4663289630512515,0.2578943355995783
489,0.549453859908264,0.6326405290505424,0.7723623853211006,0.1777777777777777,0.5357568533969004,0.2607930263620752
490,0.4674162326051466,0.6331601322626366,0.7735091743119265,0.1166666666666666,0.4526221692491057,0.285972127280557
491,0.5179876389644718,0.6377420878601807,0.8102064220183482,0.1388888888888889,0.3155542312276522,0.3029141988566397
492,0.5781505092124699,0.6299952763344354,0.790137614678899,0.1611111111111111,0.7401668653158526,0.2911799438345702
493,0.4211789629168935,0.6333963155408604,0.7803899082568804,0.0777777777777777,0.5271156138259827,0.1911774292694993
494,0.5185026821114826,0.6348134152102034,0.801605504587156,0.0777777777777777,0.514004767580452,0.2043069647483228
495,0.5059667262691441,0.6383089277279179,0.7838302752293576,0.1388888888888889,0.5497616209773537,0.1977259585821407
496,0.3045848557879188,0.6461029759093062,0.7752293577981648,0.0777777777777777,0.2711561382598328,0.1984484758174938
497,0.3588101531524528,0.6427019367028812,0.7993119266055047,0.1166666666666666,0.3974970202622168,0.2012564612389328
498,0.6085089015004276,0.6367501180916388,0.818233944954128,0.1388888888888889,0.6582240762812872,0.2088861270919369
499,0.2990165591230662,0.6365611714690615,0.78440366972477,0.0777777777777777,0.4278903456495828,0.2074901921998026
500,0.2529153385679857,0.6447331128956062,0.7551605504587156,0.1,0.4028605482717515,0.2101240317692018
501,0.5416407525460624,0.6417572035899859,0.8084862385321099,0.1611111111111111,0.4264004767580442,0.2112881886809972
502,0.641092668895281,0.6366556447803511,0.8084862385321099,0.1388888888888889,0.5435041716328954,0.2103979511401724
503,0.1873688097644406,0.8183750590458203,0.7803899082568804,0.1166666666666666,0.3736591179976156,0.3133310343071523
504,0.1555819015781699,0.8206424185167691,0.7654816513761467,0.1611111111111111,0.6108462455303925,0.2794420406339332
505,0.1740748658944258,0.8237600377893255,0.7310779816513762,0.0777777777777777,0.7205005959475561,0.2625923270805481
506,0.2500194355904532,0.8221067548417587,0.7981651376146788,0.1,0.5905840286054826,0.253203769902619
507,0.2112357148410168,0.819650448748229,0.7809633027522933,0.1999999999999999,0.4812276519666274,0.1913480480732526
508,0.3073932986084117,0.8180916391119517,0.7918577981651373,0.1166666666666666,0.5905840286054826,0.2366797189256724
509,0.4030649926144756,0.8121870571563541,0.8233944954128436,0.0166666666666666,0.6704410011918944,0.3793811456541054
510,0.2204287491253984,0.8279641001417115,0.790137614678899,0.1777777777777777,0.4186531585220492,0.3579021842112347
511,0.2616224830910363,0.8248464808691551,0.7993119266055047,0.1999999999999999,0.3215137067938021,0.4797238478096731
512,0.5272389800202131,0.8116674539442617,0.8291284403669721,0.1166666666666666,0.8233015494636473,0.4802078157160572
513,0.406116380315634,0.810014170996693,0.8331422018348622,0.0777777777777777,0.9201430274135868,0.3473931643027832
514,0.3146330560522428,0.812612187057157,0.8337155963302747,0.1,0.7380810488676999,0.393577540893343
515,0.1979514887662287,0.8199811053377424,0.7855504587155959,0.1388888888888889,0.3918355184743745,0.3911807469781117
516,0.3110180362279405,0.818847425602268,0.8119266055045871,0.1388888888888889,0.6388557806912991,0.2739452563457052
517,0.2036363989738008,0.8167217760982517,0.8176605504587156,0.1999999999999999,0.4469606674612625,0.2145133826308952
518,0.2791825390655368,0.8197449220595185,0.7941513761467887,0.0777777777777777,0.6772943980929678,0.2010320174482003
519,0.2610782865583456,0.8175247992442145,0.8251146788990824,0.1166666666666666,0.5363528009535155,0.2199482530842949
520,0.3537277462489311,0.8129428436466704,0.8308486238532109,0.1,0.6174016686531583,0.2250397616701126
521,0.4296625981497318,0.8128483703353808,0.8331422018348622,0.0777777777777777,0.7434445768772346,0.2316330816419662
522,0.303253517841872,0.8121398205007093,0.8474770642201834,0.0777777777777777,0.6892133492252683,0.2335561333695618
523,0.3088704034828579,0.816863486065186,0.8342889908256881,0.1611111111111111,0.4201430274135878,0.2293419929789245
524,0.485005441965327,0.8097307510628244,0.8532110091743119,0.1,0.9091179976162088,0.2284767955561251
525,0.3628527559667263,0.813415210203118,0.841169724770642,0.0777777777777777,0.6924910607866503,0.2289894139266309
526,0.4279911373707533,0.8142182333490791,0.8503440366972477,0.1,0.6555423122765194,0.1802628758004779
527,0.335059861618596,0.8166745394426069,0.8446100917431192,0.0777777777777777,0.6191895113230035,0.1303852575230384
528,0.2086119101298297,0.825082664147379,0.7952981651376145,0.0777777777777777,0.3143623361144212,0.1295405135289184
529,0.3004645106118324,0.8211147850732168,0.8279816513761467,0.0777777777777777,0.5071513706793804,0.1319253354581748
530,0.4641996423851356,0.8156353330184221,0.8801605504587151,0.061111111111111,0.8292610250297971,0.1334340781511843
531,0.2338976133094923,0.8150212564950401,0.8423165137614679,0.1388888888888889,0.4418951132300353,0.1242608624041452
532,0.1907797558889838,0.8233349078885226,0.7884174311926606,0.1,0.3596543504171623,0.1270263938192688
533,0.328403171888362,0.820264525271611,0.829701834862385,0.0777777777777777,0.4115017878426692,0.1257819046326836
534,0.4382725647205163,0.8155408597071325,0.8681192660550461,0.0777777777777777,0.6784862932061979,0.1261922007704045
535,0.1203840472673559,0.6577704298535672,0.6886467889908254,0.1,0.4129916567342069,0.4663846225401856
536,0.0564992614475627,0.6596598960793578,0.6697247706422016,0.1611111111111111,0.615017878426698,0.4001940053772931
537,0.1073816372541397,0.6624468587623991,0.6278669724770642,0.0777777777777777,0.7443384982121573,0.5417697000420556
538,0.1612182228096089,0.6610297590930561,0.7006880733944949,0.0388888888888888,0.6412395709177585,0.5333659410075773
539,0.158691596050688,0.6592820028341997,0.6915137614678897,0.1166666666666666,0.5148986889153755,0.5311482141524253
540,0.2258804322475316,0.6570618800188956,0.7024082568807337,0.0777777777777777,0.6054827175208577,0.513444226804525
541,0.261350384824691,0.6516296646197457,0.7196100917431192,0.0166666666666666,0.7234803337306315,0.5601656522498465
542,0.1018230583845137,0.6668398677373641,0.6915137614678897,0.0777777777777777,0.5005959475566146,0.5314736029412428
543,0.1686814895436523,0.663013698630138,0.6685779816513762,0.1166666666666666,0.3182359952324192,0.4669395940304169
544,0.365972168234471,0.6510628247520085,0.7184633027522933,0.061111111111111,0.817044100119189,0.4726241504976185
545,0.2863251185571018,0.6495984884270207,0.7224770642201834,0.061111111111111,0.8951132300357565,0.5252990983822858
546,0.2243450206017259,0.652385451110062,0.7236238532110089,0.1166666666666666,0.7574493444576871,0.5557635554958359
547,0.1364184093912773,0.6593764761454892,0.7001146788990824,0.061111111111111,0.4106078665077475,0.566704288703114
548,0.2477260359169711,0.6583372697213044,0.7224770642201834,0.1388888888888889,0.6495828367103686,0.633226462011369
549,0.1438233693539609,0.6564950401511567,0.7236238532110089,0.0388888888888888,0.5035756853396891,0.5514981315310703
550,0.1787879965793361,0.6589041095890416,0.7029816513761467,0.0777777777777777,0.6764004767580452,0.4770090178796023
551,0.1705278706367099,0.6570618800188956,0.7253440366972472,0.0777777777777777,0.6066746126340878,0.4471643233501111
552,0.2100209904376895,0.6522909777987724,0.7345183486238529,0.1,0.6543504171632892,0.3893822178429345
553,0.2954792816605769,0.6520075578649038,0.7230504587155959,0.1,0.7419547079856961,0.3377036153020504
554,0.2017025577237036,0.6521020311761934,0.7419724770642202,0.0388888888888888,0.7359952324195462,0.2919128414371945
555,0.136398973800824,0.6555503070382631,0.738532110091743,0.0388888888888888,0.4374255065554222,0.2688642870899109
556,0.3265567907953044,0.6493623051487951,0.7436926605504581,0.1166666666666666,0.9183551847437426,0.2820939395666805
557,0.2549949467464821,0.6530940009447335,0.733371559633027,0.0777777777777777,0.6966626936829559,0.2849656063294566
558,0.355515820570629,0.6538970240906945,0.7459862385321099,0.1166666666666666,0.6352800953516087,0.2848362561145856
559,0.2556751924123455,0.6565422768068014,0.7454128440366974,0.061111111111111,0.659713945172824,0.2816503342610509
560,0.1335030708232916,0.6643363249881915,0.7144495412844032,0.061111111111111,0.3879618593563765,0.2787563035297962
561,0.2327606312679779,0.6604156825696741,0.7259174311926606,0.1166666666666666,0.5202622169249103,0.1562583473386238
562,0.3442626136982042,0.6554558337269736,0.7763761467889903,0.061111111111111,0.8456495828367099,0.1606033678361721
563,0.0955842338490243,0.6548889938592346,0.733371559633027,0.0777777777777777,0.4892729439809291,0.163591663479422
564,0.0546528803545051,0.6623996221067543,0.6777522935779814,0.061111111111111,0.4261025029797376,0.1586816628118083
565,0.2012361035528259,0.6593292394898445,0.7322247706422016,0.061111111111111,0.4493444576877228,0.1563933302774851
566,0.2727396408302884,0.6554558337269736,0.7752293577981648,0.0388888888888888,0.6978545887961851,0.1525881028163208
567,0.2661266811785742,0.543103448275863,0.0733944954128438,0.3388888888888888,0.1714839094159708,0.3153848456751056
568,0.2406514809919925,0.5461265942371281,0.0533256880733941,0.2388888888888888,0.3286650774731821,0.2826050393285149
569,0.2503692762186115,0.5471658006613129,0.0,0.1777777777777777,0.4794398092967822,0.3220725297862256
570,0.3176747259581746,0.5463155408597071,0.0309633027522933,0.1999999999999999,0.3718712753277713,0.3006863302442765
571,0.2930158205706289,0.5449456778460089,0.0295298165137611,0.1611111111111111,0.313766388557807,0.3264292435041711
572,0.4000427582989971,0.5406471421823333,0.0561926605504585,0.2777777777777777,0.3192789034564955,0.363119601252629
573,0.467751496540465,0.5377184695323578,0.0550458715596327,0.261111111111111,0.4660309892729439,0.3150728731434471
574,0.2556606157195056,0.5460321209258385,0.0220756880733945,0.261111111111111,0.2514898688915372,0.39330270723765
575,0.4347352872580269,0.545937647614549,0.1115252293577979,0.3999999999999999,0.1185935637663884,0.2371346899021452
576,0.5149508279561533,0.5389230042512985,0.0845756880733943,0.1999999999999999,0.4965733015494638,0.1299864671026772
577,0.4343514343465755,0.5381435994331607,0.0590596330275225,0.2388888888888888,0.536650774731823,0.1552301493770758
578,0.3807092046956387,0.5401039206424194,0.1000573394495412,0.3388888888888888,0.4265494636471989,0.1788970641839347
579,0.2668895281038638,0.5444969296173845,0.0708142201834858,0.3388888888888888,0.2079856972586413,0.1789175956006031
580,0.3598305216512477,0.5427491733585263,0.0553325688073393,0.2166666666666666,0.3599523241954707,0.1815350513868949
581,0.3074175930964782,0.5449929145016537,0.0513188073394494,0.1166666666666666,0.2812872467222882,0.2356181981898006
582,0.3793924434424318,0.5451110061407647,0.0848623853211008,0.2388888888888888,0.3252383790226463,0.3263260763461945
583,0.3496171188680712,0.5408833254605572,0.1098050458715593,0.3388888888888888,0.3317938021454112,0.33900940304801
584,0.4088179273886341,0.5401983939537089,0.0716743119266052,0.2166666666666666,0.356525625744934,0.3560288964535048
585,0.5065595117779678,0.5378129428436456,0.0802752293577981,0.1999999999999999,0.4632002383790223,0.3637048606228876
586,0.3356866594107129,0.5404818138875775,0.069954128440367,0.2777777777777777,0.410905840286055,0.3547563939812614
587,0.4699622949545208,0.5371280113367973,0.1307339449541282,0.2388888888888888,0.2157330154946364,0.3278034456327421
588,0.4855787918836974,0.5356636750118096,0.1029243119266052,0.261111111111111,0.5747914183551841,0.3207218053609892
589,0.4137205550804633,0.5384270193670293,0.1006307339449539,0.2777777777777777,0.3913885578069132,0.32855955943004
590,0.5438904221410247,0.541190363722249,0.0857224770642202,0.2166666666666666,0.4055423122765194,0.3478232129728736
591,0.3853883230972557,0.5416391119508752,0.0690940366972476,0.2166666666666666,0.3933253873659112,0.3170079844690563
592,0.3037005364222964,0.5507321681624937,0.0604931192660547,0.261111111111111,0.1449642431466027,0.2994993686488986
593,0.410732333048278,0.5461029759093066,0.1149655963302751,0.2777777777777777,0.2349523241954707,0.2922226123845161
594,0.5491331726657857,0.5398913556920171,0.1264334862385316,0.2777777777777777,0.5086412395709172,0.2645491651961724
595,0.3272467542563942,0.5447331128956066,0.096616972477064,0.2166666666666666,0.2745828367103695,0.2294708656418116
596,0.2809220244111016,0.5479215871516292,0.0570527522935775,0.2777777777777777,0.2000893921334925,0.2415619266651799
597,0.4620422918448262,0.5446386395843188,0.1353211009174308,0.1777777777777777,0.2228843861740164,0.2365485879297414
598,0.4704141724325585,0.5421587151629659,0.1522362385321098,0.261111111111111,0.3560786650774727,0.2526032710155771
599,0.0570240223898002,0.7434104865375541,0.7717889908256876,0.5611111111111111,0.2163289630512515,0.8595622108261991
600,0.0103008629402161,0.7451110061407658,0.755733944954128,0.3388888888888888,0.4028605482717515,0.8556691187779603
601,0.0300474228407059,0.7480396787907413,0.7408256880733943,0.5166666666666666,0.5679380214541125,0.8095780115080463
602,0.0582679001788074,0.7469059990552669,0.7431192660550456,0.5166666666666666,0.3927294398092962,0.8265770315730347
603,0.0399207027909507,0.7448275862068972,0.7511467889908254,0.5611111111111111,0.3998808104886771,0.7931280073058378
604,0.1091114048044779,0.742276806802078,0.7568807339449539,0.3388888888888888,0.4529201430274132,0.7197108916617375
605,0.1957163958641063,0.7369863013698641,0.755733944954128,0.5388888888888888,0.5828367103694876,0.7197043459804799
606,0.0176669517219933,0.7522909777987721,0.7408256880733943,0.4777777777777777,0.2133492252681761,0.7192788796855064
607,0.148235248386846,0.7475673122342954,0.7866972477064218,0.7,0.3009535160905838,0.7181170292270034
608,0.206386535022934,0.7353802550779402,0.7534403669724767,0.4999999999999999,0.862336114421931,0.7172595506239349
609,0.1605962839151053,0.7341521020311763,0.7603211009174311,0.5166666666666666,0.8039332538736583,0.8218336301750336
610,0.1445424862007307,0.7372697213037327,0.767201834862385,0.4611111111111111,0.66030989272944,0.795101430314022
611,0.0077742361812951,0.7448275862068972,0.7522935779816513,0.5611111111111111,0.2032181168057207,0.7611581679519457
612,0.0652258415610666,0.7439773264052914,0.7580275229357794,0.4166666666666666,0.3933253873659112,0.769118348229897
613,0.0414755500272098,0.742465753424657,0.7649082568807337,0.6777777777777776,0.3688915375446959,0.7901158022044714
614,0.0787724481069735,0.7445441662730286,0.7545871559633026,0.5388888888888888,0.4934445768772346,0.7924235720005702
615,0.0417087771126487,0.7420878601794989,0.7660550458715591,0.4388888888888888,0.5655542312276514,0.7945525707590839
616,0.1451838606856876,0.7371752479924432,0.7637614678899078,0.4388888888888888,0.5458879618593566,0.8217387476645379
617,0.1781854932752857,0.7361360415682583,0.7580275229357794,0.4999999999999999,0.7216924910607863,0.8317800191771402
618,0.103727746248931,0.7372697213037327,0.7878440366972477,0.4777777777777777,0.5840286054827177,0.7955315161528562
619,0.1968825312913006,0.739631554085971,0.7958715596330275,0.3611111111111111,0.4243146603098924,0.8122048653448115
620,0.186212392132473,0.7338686820973077,0.7706422018348622,0.661111111111111,0.9564958283671036,0.8455540308040855
621,0.1460390266656301,0.7372697213037327,0.7775229357798161,0.6777777777777776,0.6406436233611443,0.8123516978119117
622,0.1508396175075798,0.7384978743504966,0.7821100917431187,0.5388888888888888,0.6281287246722287,0.8171729199395924
623,0.062077275907642,0.742843646669817,0.767201834862385,0.4999999999999999,0.4392133492252674,0.790343852027071
624,0.0,0.7499291450165337,0.7626146788990824,0.4999999999999999,0.1597139451728244,0.800412295882505
625,0.116224830910363,0.7454888993859239,0.8130733944954125,0.3,0.3390941597139449,0.7860121246652181
626,0.2169400606390422,0.7401983939537082,0.7947247706422016,0.5388888888888888,0.7896305125148984,0.7943067283916179
627,0.0756044468630957,0.7405762871988664,0.7947247706422016,0.5777777777777777,0.3897497020262217,0.8049992693039817
628,0.0031680012438777,0.7484175720358994,0.7740825688073389,0.3611111111111111,0.168057210965435,0.8008429196725315
629,0.1242322941770971,0.7443552196504495,0.78440366972477,0.3777777777777778,0.3456495828367099,0.7934009304217317
630,0.1733654668428826,0.7401983939537082,0.790137614678899,0.3777777777777778,0.629916567342073,0.7959023506999937
631,0.3366244266500816,0.9641001417099684,0.8681192660550456,0.5388888888888888,0.2943980929678189,0.3966903219602675
632,0.2639936251263314,0.9667453944260752,0.8566513761467891,0.8388888888888888,0.5041716328963051,0.3970013632821508
633,0.2180867604757832,0.9705243268776568,0.8405963302752291,0.5166666666666666,0.4582836710369489,0.3969895449491074
634,0.3712392132472984,0.9680680207841288,0.8623853211009171,0.5388888888888888,0.3361144219308705,0.3993353509808411
635,0.2970535644872891,0.964194615021258,0.8600917431192658,0.3611111111111111,0.3617401668653159,0.4036710676772305
636,0.365155873435435,0.9647614548889932,0.8727064220183482,0.3999999999999999,0.3486293206197852,0.4127771204999842
637,0.4944802923112804,0.957392536608408,0.8738532110091741,0.261111111111111,0.4052443384982118,0.3962621728784716
638,0.3350112726424629,0.9737364194615026,0.8486238532110089,0.4611111111111111,0.0500595947556612,0.3923945079014293
639,0.2558695483168778,0.9727916863486072,0.8933486238532109,0.3999999999999999,0.2371871275327763,0.3864160432438739
640,0.5224286713830366,0.9562588568729335,0.8704128440366969,0.4611111111111111,0.540524433849821,0.3864283344828083
641,0.4556674181761642,0.9543693906471428,0.8818807339449539,0.3777777777777778,0.6114421930870075,0.3893348675183632
642,0.386476716162637,0.956542276806804,0.8841743119266052,0.4388888888888888,0.4594755661501781,0.3893448861541109
643,0.327178729689808,0.965422768068022,0.8658256880733943,0.3611111111111111,0.3152562574493438,0.391957217631728
644,0.3593057607090103,0.9642890883325456,0.8715596330275228,0.3388888888888888,0.4851013110846245,0.3940786412675292
645,0.1960468009018114,0.9607935758148328,0.8704128440366969,0.4999999999999999,0.2836710369487485,0.3944167666564778
646,0.3563321153696649,0.9653282947567324,0.8692660550458715,0.4777777777777777,0.3337306317044102,0.341569024600959
647,0.3166835108450595,0.9620217288615968,0.8830275229357794,0.3777777777777778,0.3593563766388556,0.2849323598838029
648,0.3810153152452772,0.9580538497874364,0.8841743119266052,0.5388888888888888,0.3831942789034559,0.3081292012571482
649,0.4319171266423074,0.9578649031648574,0.8761467889908254,0.5388888888888888,0.5005959475566146,0.3103416265883653
650,0.4801368265567908,0.9555030703826172,0.8887614678899078,0.3,0.3837902264600719,0.2998420883600604
651,0.365641763196766,0.9641001417099684,0.9013761467889904,0.4611111111111111,0.2693682955899876,0.262316196169327
652,0.5735637098655058,0.9536136041568266,0.8899082568807337,0.4777777777777777,0.6013110846245522,0.2522512418615721
653,0.3947757132861696,0.957770429853568,0.8876146788990824,0.7,0.3784266984505362,0.194228809894868
654,0.4394970069190702,0.9591875295229108,0.8967889908256876,0.5166666666666666,0.4910607866507743,0.181023397080679
655,0.5537005364222966,0.960604629192254,0.8784403669724767,0.2777777777777777,0.4386174016686532,0.1715929344672679
656,0.3504236958718806,0.9705243268776568,0.8715596330275228,0.6388888888888888,0.1096543504171627,0.2035057855086003
657,0.3069462800279873,0.967217760982523,0.9208715596330276,0.6388888888888888,0.3533969010727049,0.22468013416293
658,0.5204268055663531,0.9604156825696748,0.915137614678899,0.3999999999999999,0.5309892729439807,0.1829872066587947
659,0.3317266578558656,0.9590930562116212,0.903669724770642,0.6166666666666667,0.3647199046483904,0.1949045028097461
660,0.2569773769727124,0.9689182805857346,0.8727064220183482,0.4388888888888888,0.2145411203814062,0.207505844555132
661,0.3147593873901889,0.967028814359944,0.9139908256880732,0.3,0.3200238379022644,0.1799530235465295
662,0.4541320065303583,0.9598488427019376,0.9116972477064214,0.3999999999999999,0.3671036948748507,0.1722050200464326
663,0.2465210293088704,0.9902692489371764,0.8956422018348622,0.7,0.1179976162097733,0.1432062728491387
664,0.1164580579958019,0.992347661785546,0.8887614678899078,0.6166666666666667,0.3665077473182356,0.1568941342973129
665,0.1516364767161626,0.9952763344355215,0.8704128440366969,0.4611111111111111,0.3337306317044102,0.2008515303429931
666,0.2754217523128353,0.993764761454889,0.8979357798165135,0.4611111111111111,0.4112038140643617,0.2059991819843149
667,0.2543730078519786,0.9912139820500716,0.8956422018348622,0.6166666666666667,0.2938021454112038,0.2153937684634551
668,0.2519435590453238,0.9895134624468582,0.9116972477064214,0.3166666666666666,0.3087008343265789,0.2309941114458697
669,0.4377866749591853,0.9836561171469054,0.9082568807339446,0.3166666666666666,0.4779499404052445,0.2564145905002076
670,0.2042291844826246,1.0,0.8772935779816513,0.5388888888888888,0.1305125148986889,0.2696844396458401
671,0.1673404338023789,0.9948984411903652,0.9300458715596328,0.261111111111111,0.007747318235995,0.2662573497262241
672,0.4476210837285237,0.9819555975436938,0.9139908256880732,0.6777777777777776,0.6048867699642426,0.2700735120990412
673,0.3006102775402317,0.9800661313179032,0.9220183486238532,0.5166666666666666,0.5500595947556612,0.2883882446282863
674,0.2887740029542097,0.9831837505904596,0.9197247706422016,0.4611111111111111,0.4231227651966622,0.3099518827747311
675,0.2416038249242012,0.9918752952290985,0.8967889908256876,0.7166666666666666,0.1251489868891537,0.2631380219824506
676,0.3325040814739952,0.9914029286726508,0.8956422018348622,0.4999999999999999,0.3808104886769965,0.2666275766307748
677,0.1797014693306382,0.9885687293339648,0.910550458715596,0.3611111111111111,0.2854588796185928,0.2419006958698678
678,0.2720788307548784,0.9914974019839402,0.8979357798165135,0.5166666666666666,0.2687723480333726,0.2558147238136725
679,0.235792583378683,0.9881908360888048,0.9231651376146788,0.7,0.3575685339690104,0.26969046795146
680,0.2954792816605769,0.9836561171469054,0.92545871559633,0.7388888888888889,0.3462455303933249,0.2855383643910062
681,0.3461089947912618,0.9827113840340118,0.9220183486238532,0.4777777777777777,0.4421930870083437,0.2994768457176678
682,0.3658166835108452,0.98308927727917,0.9277522935779814,0.5777777777777777,0.4112038140643617,0.3160181536113351
683,0.3079180595506492,0.9874350495984884,0.9483944954128436,0.3,0.2699642431466036,0.3139605221593746
684,0.4841211225997046,0.9800661313179032,0.9243119266055048,0.6166666666666667,0.7228843861740164,0.3119017932338834
685,0.3083845137215268,0.98308927727917,0.926605504587156,0.7166666666666666,0.4171632896305124,0.3090180678686851
686,0.3275674414988727,0.984695323571092,0.9357798165137612,0.5388888888888888,0.4725864123957088,0.3111729095237157
687,0.3932986084117236,0.9889466225791228,0.9082568807339446,0.3388888888888888,0.5286054827175204,0.3246617409778025
688,0.2322553059161937,0.996787907416156,0.8979357798165135,0.4999999999999999,0.1281287246722287,0.3382233096721392
689,0.2106818005130995,0.991969768540388,0.954128440366972,0.5388888888888888,0.2228843861740164,0.2495350506262631
690,0.4316255927855088,0.9866792631081722,0.954128440366972,0.3,0.599523241954707,0.1510401397976982
691,0.2742750524760943,0.986301369863014,0.943807339449541,0.7777777777777777,0.3134684147794986,0.1553138308211644
692,0.1642501749203141,0.9948984411903652,0.9059633027522932,0.3777777777777778,0.1948748510131106,0.1474779454770762
693,0.3516287024799813,0.9913084553613613,0.9506880733944952,0.3777777777777778,0.317044100119189,0.1633166748433422
694,0.439681645028376,0.9858762399622112,0.9569954128440368,0.3999999999999999,0.5396305125148984,0.1281476716072425
695,0.3222420897146855,0.8717997165800675,0.7993119266055047,0.2388888888888888,0.4022646007151365,0.2175018213074356
696,0.2214685532146466,0.8740670760510163,0.7866972477064218,0.1388888888888889,0.644815256257449,0.2157947379014161
697,0.2394270387934385,0.8768068020784128,0.7815366972477062,0.1,0.6617997616209776,0.212944588522608
698,0.299453859908264,0.8755314123760041,0.7970183486238529,0.1611111111111111,0.6978545887961851,0.2186729380664899
699,0.3299677369198476,0.8736891828058582,0.8033256880733943,0.2388888888888888,0.5685339690107267,0.2173297499359037
700,0.3807820881598384,0.8710911667453942,0.8119266055045871,0.261111111111111,0.5837306317044102,0.2255423282184924
701,0.4246384980175698,0.8656117146906013,0.8130733944954125,0.1166666666666666,0.752979737783074,0.2021187087245643
702,0.2939147166290913,0.8816249409541808,0.7855504587155959,0.1611111111111111,0.4630512514898686,0.2257594610500834
703,0.2555002720982663,0.8763344355219651,0.8337155963302747,0.1611111111111111,0.3930274135876046,0.2212496798082809
704,0.4778434268833087,0.8646669815777059,0.8199541284403669,0.3,0.8504171632896305,0.2221388454290863
705,0.4324418875845448,0.8630136986301373,0.8314220183486238,0.2166666666666666,0.8143623361144221,0.2252240363366762
706,0.374718183938428,0.8661313179026937,0.829701834862385,0.2166666666666666,0.7362932061978547,0.2451715273953524
707,0.3164794371453004,0.8735947094945686,0.7970183486238529,0.3,0.4046483909415967,0.2270771789671813
708,0.372628857964705,0.8726499763816715,0.7975917431192658,0.1777777777777777,0.6185935637663884,0.2119097748565441
709,0.274129285547695,0.8708549834671704,0.8142201834862384,0.1611111111111111,0.5676400476758041,0.2192601368486969
710,0.4259698359636166,0.8732168162494105,0.8010321100917426,0.1777777777777777,0.5610846245530401,0.2208116385308386
711,0.3802087382414678,0.8709022201228152,0.8274082568807337,0.2388888888888888,0.5914779499404053,0.212710997902286
712,0.3932208660499107,0.8660368445914042,0.8233944954128436,0.1777777777777777,0.6424314660309887,0.1914395737815822
713,0.4069035217289901,0.8654700047236652,0.8268348623853208,0.1611111111111111,0.7681764004767584,0.2040416788136693
714,0.4675619995335459,0.8659896079357594,0.8405963302752291,0.1611111111111111,0.7121573301549469,0.2209830972818269
715,0.3057121200342066,0.8688238072744454,0.8383027522935778,0.1999999999999999,0.533969010727056,0.1796040286230933
716,0.5385504936639975,0.8629192253188478,0.8388761467889907,0.3166666666666666,0.9028605482717516,0.1827979464026178
717,0.4990768094534712,0.8663202645252728,0.8417431192660545,0.1388888888888889,0.7058998808104886,0.1895274065223444
718,0.4817208271787297,0.8671232876712338,0.8383027522935778,0.261111111111111,0.6513706793802139,0.2227463204247125
719,0.4261447562776956,0.8709022201228152,0.8113532110091737,0.1777777777777777,0.7541716328963042,0.2148122661230849
720,0.3197348985462178,0.8786490316485605,0.8010321100917426,0.1388888888888889,0.3402860548271751,0.2048563526304035
721,0.4135019046878645,0.8740198393953715,0.8537844036697249,0.1999999999999999,0.5417163289630502,0.1640845163748707
722,0.5104369120733888,0.8689655172413797,0.8577981651376145,0.1777777777777777,0.8113825983313467,0.135971824902871
723,0.3626584000621939,0.8690127538970245,0.8469036697247705,0.2777777777777777,0.536650774731823,0.1616350457213496
724,0.2864417320998212,0.8770902220122814,0.8130733944954125,0.2388888888888888,0.4910607866507743,0.1280441095313641
725,0.4027151519863173,0.8728861596598971,0.8348623853211006,0.1611111111111111,0.51072705601907,0.0819087223406001
726,0.5242070279095079,0.8687765706188006,0.8514908256880731,0.1388888888888889,0.7446364719904639,0.1178606323965254
727,0.5241584389333749,0.7743032593292405,0.8176605504587156,0.0777777777777777,0.8927294398092962,0.2056927207145021
728,0.4309647827100987,0.7774208786017951,0.8176605504587156,0.0388888888888888,0.8057210965435035,0.215586018480454
729,0.3094923423773614,0.7847897968823805,0.7924311926605503,0.061111111111111,0.5208581644815253,0.1863368110311524
730,0.4008590530980331,0.7838450637694852,0.7935779816513762,0.0777777777777777,0.7163289630512515,0.2069360643073081
731,0.3009601181683899,0.7821445441662735,0.8096330275229358,0.1,0.6483909415971394,0.2235724140060867
732,0.4650159371841716,0.7844119036372224,0.8027522935779814,0.0166666666666666,0.6907032181168051,0.2226624060122481
733,0.3926961051076731,0.7821445441662735,0.8199541284403669,0.0388888888888888,0.7115613825983309,0.2390855740496372
734,0.492322941770971,0.777231931979216,0.8199541284403669,0.0777777777777777,0.7282479141835521,0.236244653470773
735,0.5028375962061729,0.7766650921114788,0.8165137614678897,0.0777777777777777,0.8814064362336107,0.2433675835706903
736,0.4553758843193656,0.7773264052905056,0.8268348623853208,0.061111111111111,0.816448152562574,0.2377825590255853
737,0.4394387001477104,0.7801606046291933,0.8417431192660545,0.1166666666666666,0.6054827175208577,0.2376611453330869
738,0.6309764440643707,0.7741143127066614,0.8256880733944949,0.0777777777777777,0.9999999999999996,0.2119214664176224
739,0.5470730000777424,0.7775153519130846,0.830275229357798,0.0777777777777777,0.7955899880810482,0.2640024229321705
740,0.5817266578558656,0.7784600850259817,0.8268348623853208,0.0166666666666666,0.7383790226460074,0.3541760913284671
741,0.4323447096322786,0.7822390174775631,0.801605504587156,0.0388888888888888,0.8283671036948745,0.3297509168930888
742,0.3433491409469019,0.7898913556920171,0.7970183486238529,0.061111111111111,0.4624553039332535,0.2830737405052855
743,0.4566975044701858,0.7855455833726985,0.8532110091743119,0.1,0.6477949940405234,0.2787381008012938
744,0.5807548783332037,0.7802550779404811,0.8440366972477058,0.061111111111111,0.8927294398092962,0.2726360892308424
745,0.3829977454715074,0.7804440245630602,0.8451834862385317,0.1,0.6460071513706791,0.2744559874068765
746,0.3028259348519008,0.7883797827113845,0.8119266055045871,0.061111111111111,0.5971394517282476,0.2735205496869312
747,0.4514110238669051,0.7843174303259328,0.8394495412844032,0.0777777777777777,0.6191895113230035,0.2848518211897401
748,0.5919886496151754,0.7801606046291933,0.8532110091743119,0.0388888888888888,0.8653158522050055,0.2613102340768373
