,Wind_Direction,Wind_Speed_(km/h),vapor_pressure_deficit (kPa),weathercode (wmo code),windgusts_10m (km/h),Yield (mt/ha)
0,0.4615384615384615,0.1369294605809128,0.696969696969697,0.0,0.1611111111111111,0.3693090798373428
1,0.6153846153846154,0.0954356846473029,0.7121212121212122,0.0,0.2777777777777777,0.3700678117080255
2,0.6153846153846154,0.0954356846473029,0.9545454545454548,0.0,0.0777777777777777,0.3585250079068289
3,0.6153846153846154,0.1161825726141079,0.6212121212121213,0.0,0.1,0.3715811205148265
4,0.4615384615384615,0.1161825726141079,0.6212121212121213,0.0,0.1166666666666666,0.3730470149473462
5,0.6153846153846154,0.0954356846473029,0.606060606060606,0.0,0.1611111111111111,0.3762964638255588
6,0.4615384615384615,0.1161825726141079,0.4393939393939394,1.0,0.1388888888888889,0.3827796332298483
7,0.4615384615384615,0.0954356846473029,0.590909090909091,0.0,0.1,0.3917507893983243
8,0.6153846153846154,0.1908713692946058,0.9393939393939396,0.0,0.1166666666666666,0.4015207619363872
9,0.6153846153846154,0.1161825726141079,0.3636363636363637,0.0,0.261111111111111,0.3725012337608601
10,0.6153846153846154,0.0954356846473029,0.4242424242424242,0.0,0.1611111111111111,0.4068723382307331
11,0.4615384615384615,0.0954356846473029,0.4696969696969697,0.0,0.261111111111111,0.4105786672977627
12,0.4615384615384615,0.0954356846473029,0.5454545454545455,0.0,0.1611111111111111,0.4163164991855189
13,0.4615384615384615,0.1161825726141079,0.5303030303030304,0.0,0.1,0.3992391396877581
14,0.4615384615384615,0.1161825726141079,0.606060606060606,0.0,0.0777777777777777,0.4085722248387524
15,0.4615384615384615,0.0954356846473029,0.6363636363636365,0.0,0.1388888888888889,0.3790956545248822
16,0.6153846153846154,0.0954356846473029,0.590909090909091,0.0,0.1166666666666666,0.4013160653682036
17,0.6153846153846154,0.1161825726141079,0.590909090909091,0.0,0.2166666666666666,0.4473040555915722
18,0.6153846153846154,0.0954356846473029,0.5000000000000001,0.0,0.2777777777777777,0.5148412465593661
19,0.4615384615384615,0.1161825726141079,0.5606060606060608,0.0,0.1999999999999999,0.2254793162464058
20,0.6153846153846154,0.1161825726141079,0.6363636363636365,0.0,0.2388888888888888,0.1845052010503492
21,0.6153846153846154,0.1161825726141079,0.3181818181818182,0.0,0.0777777777777777,0.098862220982326
22,0.6153846153846154,0.0829875518672199,0.5454545454545455,0.0,0.0777777777777777,0.0608026606331892
23,0.6153846153846154,0.1369294605809128,0.4545454545454546,0.0,0.2777777777777777,0.0468403090083376
24,0.4615384615384615,0.1369294605809128,0.4090909090909093,0.0,0.1166666666666666,0.0523427134097322
25,0.4615384615384615,0.0954356846473029,0.5454545454545455,0.0,0.0777777777777777,0.0606908932252739
26,0.6153846153846154,0.1161825726141079,0.7878787878787881,0.0,0.2388888888888888,0.0651081667738127
27,0.6153846153846154,0.0954356846473029,0.393939393939394,0.0,0.1166666666666666,0.0611662724969516
28,0.4615384615384615,0.1369294605809128,0.606060606060606,0.0,0.0777777777777777,0.0581875926068168
29,0.6153846153846154,0.1161825726141079,0.7878787878787881,0.0,0.1388888888888889,0.0663303965290109
30,0.6153846153846154,0.1161825726141079,0.7272727272727275,0.0,0.0777777777777777,0.0947329822989078
31,0.6153846153846154,0.0207468879668049,0.4696969696969697,0.0,0.1388888888888889,0.0704186400793041
32,0.4615384615384615,0.1161825726141079,0.7424242424242427,0.0,0.2166666666666666,0.3426417434164636
33,0.4615384615384615,0.3278008298755187,0.7575757575757578,0.0,0.2166666666666666,0.2861083566997877
34,0.4615384615384615,0.2116182572614108,1.0,0.0,0.2777777777777777,0.2658972911279872
35,0.4615384615384615,0.2323651452282158,0.6666666666666667,0.0,0.4388888888888888,0.3472340495570707
36,0.4615384615384615,0.3485477178423237,0.6818181818181819,0.0,0.2777777777777777,0.2926596428048751
37,0.6153846153846154,0.1908713692946058,0.6363636363636365,0.0,0.3166666666666666,0.2862180841410283
38,0.6153846153846154,0.2116182572614108,0.4696969696969697,1.0,0.2166666666666666,0.2488910015868302
39,0.4615384615384615,0.2116182572614108,0.6363636363636365,0.0,0.2388888888888888,0.2870643845762909
40,0.6153846153846154,0.1908713692946058,0.9545454545454548,0.0,0.2777777777777777,0.1496285299834973
41,0.6153846153846154,0.1908713692946058,0.4090909090909093,0.0,0.3166666666666666,0.1482612511971691
42,0.4615384615384615,0.3278008298755187,0.4696969696969697,0.0,0.3388888888888888,0.0807432213804832
43,0.4615384615384615,0.1908713692946058,0.5151515151515152,0.0,0.261111111111111,0.0786993981168095
44,0.4615384615384615,0.1908713692946058,0.606060606060606,0.0,0.261111111111111,0.0779813517503423
45,0.4615384615384615,0.2531120331950208,0.5757575757575759,0.0,0.1999999999999999,0.0686042890064043
46,0.4615384615384615,0.2116182572614108,0.6515151515151516,0.0,0.1611111111111111,0.0661143050859712
47,0.4615384615384615,0.2946058091286307,0.6666666666666667,0.0,0.261111111111111,0.0743419121518408
48,0.4615384615384615,0.1908713692946058,0.6212121212121213,0.0,0.2388888888888888,0.0711803564009881
49,0.4615384615384615,0.1908713692946058,0.6212121212121213,0.0,0.2166666666666666,0.0736202736917854
50,0.6153846153846154,0.1908713692946058,0.5303030303030304,0.0,0.3611111111111111,0.0762911499231048
51,0.4615384615384615,0.2116182572614108,0.6212121212121213,0.0,0.3,0.0726988100920184
52,0.6153846153846154,0.1908713692946058,0.6515151515151516,0.0,0.2777777777777777,0.062507476082115
53,0.4615384615384615,0.2116182572614108,0.3636363636363637,0.0,0.2777777777777777,0.047060850080981
54,0.4615384615384615,0.2116182572614108,0.590909090909091,0.0,0.2166666666666666,0.044995769946409
55,0.4615384615384615,0.1908713692946058,0.5000000000000001,0.0,0.2388888888888888,0.0074310785652033
56,0.4615384615384615,0.3153526970954357,0.4393939393939394,0.0,0.261111111111111,0.0014936860331707
57,0.4615384615384615,0.1908713692946058,0.606060606060606,0.0,0.261111111111111,0.0019557837843854
58,0.4615384615384615,0.1908713692946058,0.803030303030303,0.0,0.3,0.0
59,0.4615384615384615,0.1161825726141079,0.4393939393939394,0.0,0.2388888888888888,0.014028988213177
60,0.4615384615384615,0.4439834024896266,0.6666666666666667,0.0,0.1999999999999999,0.0134758817974068
61,0.4615384615384615,0.1908713692946058,0.8333333333333335,0.0,0.3166666666666666,0.0149139292080237
62,0.6153846153846154,0.1908713692946058,0.7424242424242427,0.0,0.3,0.0158089704771088
63,0.4615384615384615,0.2116182572614108,0.5303030303030304,0.0,0.1999999999999999,0.0156559553877295
64,0.8461538461538463,0.1908713692946058,0.5000000000000001,0.0,0.4166666666666666,0.1361858017098849
65,0.7692307692307693,0.2863070539419087,0.6212121212121213,0.0,0.4611111111111111,0.1461236286263879
66,0.8461538461538463,0.1618257261410788,0.606060606060606,0.0,0.4166666666666666,0.1390286251956813
67,0.4615384615384615,0.1369294605809128,0.5303030303030304,0.0,0.4388888888888888,0.1326504694394575
68,0.7692307692307693,0.2531120331950208,0.5000000000000001,0.0,0.3999999999999999,0.1316356794384738
69,0.6153846153846154,0.2531120331950208,0.4696969696969697,0.0,0.4388888888888888,0.1278548612222834
70,0.5384615384615385,0.1618257261410788,0.3333333333333333,1.0,0.3999999999999999,0.1193580041088712
71,0.6153846153846154,0.1161825726141079,0.5000000000000001,0.0,0.4611111111111111,0.1650961238021745
72,0.6153846153846154,0.1784232365145228,0.606060606060606,0.0,0.5166666666666666,0.1585966340007602
73,0.1538461538461538,0.1991701244813278,0.2878787878787878,1.0,0.4388888888888888,0.1457356778727737
74,0.4615384615384615,0.1908713692946058,0.3181818181818182,1.0,0.3166666666666666,0.2083256005338405
75,0.0,0.1908713692946058,0.3030303030303031,0.0,0.3999999999999999,0.2023493125708385
76,0.3076923076923077,0.0954356846473029,0.5606060606060608,0.0,0.3166666666666666,0.1983993686060549
77,0.3076923076923077,0.1908713692946058,0.5454545454545455,0.0,0.3,0.2399856563295873
78,0.9230769230769232,0.3817427385892117,0.4545454545454546,0.0,0.3999999999999999,0.1969632327308286
79,0.9230769230769232,0.1825726141078838,0.5000000000000001,0.0,0.3166666666666666,0.1919915548472639
80,0.8461538461538463,0.1618257261410788,0.3333333333333333,0.0,0.4166666666666666,0.1950042434741623
81,0.9230769230769232,0.1742738589211618,0.3636363636363637,0.0,0.3,0.1967040892629362
82,0.1538461538461538,0.2406639004149378,0.2878787878787878,1.0,0.3777777777777778,0.1912997439721688
83,1.0,0.3360995850622407,0.3333333333333333,0.0,0.3388888888888888,0.1895588005043608
84,0.1538461538461538,0.1825726141078838,0.5151515151515152,0.0,0.261111111111111,0.1843930500079006
85,0.8461538461538463,0.1327800829875519,0.2727272727272727,0.0,0.3611111111111111,0.1809111630722847
86,0.7692307692307693,0.1908713692946058,0.3030303030303031,0.0,0.3999999999999999,0.1752214175829707
87,0.8461538461538463,0.1618257261410788,0.3181818181818182,0.0,0.3999999999999999,0.1700408261381307
88,0.8461538461538463,0.1618257261410788,0.4090909090909093,0.0,0.3611111111111111,0.166241573884381
89,0.8461538461538463,0.1327800829875519,0.5454545454545455,0.0,0.3999999999999999,0.1661274137385895
90,0.8461538461538463,0.1327800829875519,0.5454545454545455,0.0,0.3999999999999999,0.1609902035274751
91,0.9230769230769232,0.2489626556016598,0.3181818181818182,0.0,0.3388888888888888,0.161458260224779
92,0.4615384615384615,0.1161825726141079,0.393939393939394,0.0,0.3166666666666666,0.1747134044861828
93,0.7692307692307693,0.1908713692946058,0.6666666666666667,0.0,0.3,0.1694380602895866
94,0.8461538461538463,0.1327800829875519,0.5606060606060608,0.0,0.3999999999999999,0.1733252159584735
95,0.4615384615384615,0.1576763485477178,0.3636363636363637,0.0,0.3,0.1564009621489048
96,0.0769230769230769,0.1410788381742738,0.3459595959595961,0.0,0.2777777777777777,0.1438892830285701
97,0.0769230769230769,0.2282157676348548,0.2777777777777777,0.0,0.3,0.1435920840769434
98,0.0769230769230769,0.2157676348547718,0.4444444444444445,0.0,0.1999999999999999,0.135790258908505
99,0.0769230769230769,0.1078838174273859,0.2323232323232322,0.0,0.1777777777777777,0.1328074967619743
100,0.0769230769230769,0.4481327800829876,0.2247474747474747,0.0,0.2166666666666666,0.1325574569813797
101,0.0769230769230769,0.5020746887966806,0.2323232323232322,0.0,0.061111111111111,0.131913696663438
102,0.3076923076923077,0.1161825726141079,0.1212121212121212,1.0,0.2388888888888888,0.1312539962642671
103,0.3076923076923077,0.1369294605809128,0.1944444444444444,0.0,0.1388888888888889,0.1259201813195921
104,0.0769230769230769,0.1825726141078838,0.4722222222222223,0.0,0.0777777777777777,0.1259831435121112
105,0.3846153846153846,0.1410788381742738,0.0732323232323232,0.02,0.0777777777777777,0.12630582528805
106,0.3846153846153846,0.1410788381742738,0.0909090909090909,0.0,0.1166666666666666,0.126426211530276
107,0.0769230769230769,0.1825726141078838,0.1186868686868686,0.0,0.1777777777777777,0.1387301233468421
108,0.0769230769230769,0.2157676348547718,0.2323232323232322,0.0,0.3388888888888888,0.145097166976153
109,0.3076923076923077,0.1576763485477178,0.202020202020202,0.02,0.1388888888888889,0.1413717590602336
110,0.0769230769230769,0.1618257261410788,0.2196969696969697,0.0,0.2388888888888888,0.1411050036327485
111,0.0769230769230769,0.1078838174273859,0.2702020202020202,0.02,0.1777777777777777,0.1414418792226901
112,0.0769230769230769,0.3360995850622407,0.1717171717171717,0.0,0.1999999999999999,0.1500303234392317
113,0.3076923076923077,0.1908713692946058,0.1792929292929294,0.0,0.3166666666666666,0.1505320885365753
114,0.3076923076923077,0.1369294605809128,0.1136363636363636,0.0,0.2166666666666666,0.147991504681407
115,0.3076923076923077,0.1161825726141079,0.1313131313131313,0.0,0.1388888888888889,0.1416400447116225
116,0.0769230769230769,0.1078838174273859,0.2550505050505051,0.0,0.1611111111111111,0.1631626724592083
117,0.3076923076923077,0.1161825726141079,0.0555555555555554,0.02,0.1,0.1607658785439769
118,0.3076923076923077,0.0954356846473029,0.1035353535353534,0.0,0.3388888888888888,0.1380885201434906
119,0.3076923076923077,0.1576763485477178,0.1085858585858584,0.02,0.1777777777777777,0.1432508454738455
120,0.3076923076923077,0.1576763485477178,0.1212121212121212,0.0,0.1166666666666666,0.1475650746540074
121,0.0769230769230769,0.2157676348547718,0.2373737373737374,0.0,0.3611111111111111,0.1485237922864727
122,0.0769230769230769,0.2157676348547718,0.3333333333333333,0.0,0.261111111111111,0.1545710878156872
123,0.3076923076923077,0.1908713692946058,0.0883838383838383,1.0,0.0166666666666666,0.1584059583455484
124,0.0769230769230769,0.1078838174273859,0.2449494949494949,0.0,0.1388888888888889,0.1619753375170743
125,0.0769230769230769,0.1078838174273859,0.3484848484848486,0.0,0.061111111111111,0.1655373423434761
126,0.0769230769230769,0.1535269709543568,0.3030303030303031,0.0,0.061111111111111,0.1563692638477992
127,0.3076923076923077,0.1161825726141079,0.0934343434343434,0.0,0.0777777777777777,0.1789214946681906
128,0.3076923076923077,0.3278008298755187,0.5151515151515152,0.0,0.7,0.7060463177589503
129,0.3076923076923077,0.5062240663900416,0.5606060606060608,0.0,0.4166666666666666,0.5948672246837371
130,0.3076923076923077,0.1908713692946058,0.6363636363636365,0.0,0.3166666666666666,0.5776266137582078
131,0.3076923076923077,0.0954356846473029,0.5606060606060608,0.0,0.3999999999999999,0.5268669420326982
132,0.3076923076923077,0.4024896265560166,0.5303030303030304,0.0,0.6388888888888888,0.327587165027346
133,0.3076923076923077,0.3900414937759336,0.5151515151515152,0.0,0.3,0.455543753782515
134,0.3076923076923077,0.3278008298755187,0.5000000000000001,1.0,0.261111111111111,1.0
135,0.3076923076923077,0.4647302904564316,0.5757575757575759,0.0,0.3611111111111111,0.6675935124332677
136,0.3076923076923077,0.1161825726141079,0.6515151515151516,0.0,0.2777777777777777,0.6655910314322362
137,0.3076923076923077,0.0954356846473029,0.5454545454545455,0.0,0.3388888888888888,0.5698049228918498
138,0.3076923076923077,0.0954356846473029,0.5606060606060608,0.0,0.3388888888888888,0.4053350579072882
139,0.3076923076923077,0.3900414937759336,0.5454545454545455,0.0,0.3611111111111111,0.4812356718579086
140,0.3076923076923077,0.3692946058091286,0.5454545454545455,0.0,0.6777777777777776,0.2710276204754231
141,0.3076923076923077,0.4439834024896266,0.5000000000000001,0.0,0.261111111111111,0.2657638921749626
142,0.3076923076923077,0.3485477178423237,0.5151515151515152,0.0,0.3,0.2637412584138391
143,0.3076923076923077,0.2531120331950208,0.5454545454545455,0.0,0.3777777777777778,0.225155546620986
144,0.3076923076923077,0.2116182572614108,0.5757575757575759,0.0,0.3166666666666666,0.2062039402791622
145,0.3076923076923077,0.3278008298755187,0.5757575757575759,0.0,0.3611111111111111,0.2034933406167345
146,0.3076923076923077,0.1908713692946058,0.5454545454545455,0.0,0.2777777777777777,0.1925070435076296
147,0.3076923076923077,0.2116182572614108,0.5606060606060608,0.0,0.4999999999999999,0.1700923951151125
148,0.3076923076923077,0.3900414937759336,0.590909090909091,0.0,0.261111111111111,0.1546391627016486
149,0.3076923076923077,0.2738589211618258,0.4848484848484848,0.0,0.3166666666666666,0.1346813851931517
150,0.3076923076923077,0.2323651452282158,0.5757575757575759,0.0,0.3166666666666666,0.1176957309420272
151,0.3076923076923077,0.3568464730290457,0.5454545454545455,0.0,0.3611111111111111,0.1133831049958014
152,0.3076923076923077,0.3485477178423237,0.5151515151515152,0.0,0.3,0.1038964940170656
153,0.3076923076923077,0.3278008298755187,0.5606060606060608,0.0,0.7777777777777777,0.100932790475734
154,0.3076923076923077,0.2116182572614108,0.5757575757575759,0.0,0.3777777777777778,0.0726639458104221
155,0.3076923076923077,0.3485477178423237,0.5000000000000001,0.0,0.2777777777777777,0.0707174741237901
156,0.3076923076923077,0.3278008298755187,0.606060606060606,0.0,0.3999999999999999,0.0688046776508196
157,0.3076923076923077,0.4439834024896266,0.6515151515151516,0.0,0.3999999999999999,0.0669221753632883
158,0.3076923076923077,0.1369294605809128,0.5606060606060608,0.0,0.3777777777777778,0.0599521365675592
159,0.3076923076923077,0.1908713692946058,0.5606060606060608,0.0,0.3166666666666666,0.0625660414113719
160,0.0769230769230769,0.1535269709543568,0.5757575757575759,0.0,0.2777777777777777,0.1616473386196028
161,0.0769230769230769,0.1825726141078838,0.5568181818181819,0.0,0.2777777777777777,0.1598939758134402
162,0.0,0.0705394190871369,0.6742424242424243,0.0,0.2388888888888888,0.1684305125519413
163,0.0,0.0871369294605809,0.4318181818181817,0.0,0.2388888888888888,0.1773387908212991
164,0.0769230769230769,0.1535269709543568,0.4545454545454546,0.0,0.1999999999999999,0.176299785383791
165,0.0769230769230769,0.1410788381742738,0.4545454545454547,0.0,0.1611111111111111,0.1674126358859111
166,0.2307692307692307,0.0871369294605809,0.3409090909090909,1.0,0.061111111111111,0.1402140286905977
167,0.0769230769230769,0.1410788381742738,0.4583333333333335,0.0,0.2388888888888888,0.1678584912279901
168,0.0,0.0580912863070539,0.7575757575757578,0.0,0.1777777777777777,0.1624583128188832
169,0.0,0.1327800829875519,0.2537878787878789,1.0,0.1611111111111111,0.2774468211443395
170,0.0769230769230769,0.1078838174273859,0.2803030303030303,1.0,0.261111111111111,0.136968522685992
171,0.0769230769230769,0.1078838174273859,0.3371212121212121,0.0,0.1388888888888889,0.1149392534346339
172,0.0769230769230769,0.1410788381742738,0.4962121212121213,0.0,0.261111111111111,0.1121883207073284
173,0.0769230769230769,0.1078838174273859,0.4053030303030304,0.0,0.1166666666666666,0.1391970855573894
174,0.8461538461538463,0.0414937759336099,0.4696969696969697,0.0,0.0777777777777777,0.1560800140293688
175,0.0769230769230769,0.0124481327800829,0.4772727272727273,0.0,0.0777777777777777,0.3082859172914365
176,0.0769230769230769,0.1078838174273859,0.4204545454545455,0.0,0.1166666666666666,0.290855087023397
177,0.0,0.0705394190871369,0.4280303030303031,0.0,0.2166666666666666,0.2425359943250682
178,0.0,0.0705394190871369,0.3446969696969698,0.0,0.0777777777777777,0.2284942144223719
179,0.8461538461538463,0.1618257261410788,0.3939393939393939,0.0,0.1611111111111111,0.2860601418700615
180,0.0,0.0705394190871369,0.5151515151515152,0.0,0.1,0.2947450213877397
181,0.0769230769230769,0.1078838174273859,0.2803030303030303,1.0,0.1,0.3011066891556283
182,0.0769230769230769,0.1078838174273859,0.3446969696969698,0.0,0.2166666666666666,0.3042054612566773
183,0.0,0.0705394190871369,0.3371212121212121,1.0,0.1166666666666666,0.3105045640729952
184,0.8461538461538463,0.1327800829875519,0.3863636363636364,0.0,0.1777777777777777,0.3122215224177442
185,0.0769230769230769,0.1535269709543568,0.5568181818181819,0.0,0.2166666666666666,0.3143130743307018
186,0.0,0.0580912863070539,0.696969696969697,0.0,0.1166666666666666,0.2178715633589992
187,0.0769230769230769,0.1078838174273859,0.3295454545454547,1.0,0.1388888888888889,0.2242777715608075
188,0.0769230769230769,0.1535269709543568,0.5265151515151517,0.0,0.4166666666666666,0.2096969980815807
189,0.0769230769230769,0.1825726141078838,0.6553030303030305,0.0,0.261111111111111,0.2015874127284825
190,0.0,0.0414937759336099,0.571969696969697,0.0,0.0777777777777777,0.1950252829742826
191,0.0,0.0871369294605809,0.3636363636363637,0.0,0.061111111111111,0.1806050114313815
192,0.8461538461538463,0.1327800829875519,0.393939393939394,0.0,0.4166666666666666,0.4069834140345245
193,0.0769230769230769,0.1078838174273859,0.3333333333333333,0.0,0.4388888888888888,0.4116325939946861
194,0.0,0.1327800829875519,0.5151515151515152,0.0,0.5777777777777777,0.3641452936426147
195,0.0,0.1327800829875519,0.2878787878787878,0.0,0.1611111111111111,0.3726130413242932
196,0.8461538461538463,0.1327800829875519,0.3181818181818182,0.0,0.4777777777777777,0.3847990734657872
197,0.0769230769230769,0.1078838174273859,0.2727272727272727,0.0,0.2166666666666666,0.3742866867992561
198,0.2307692307692307,0.0580912863070539,0.2272727272727273,1.0,0.1999999999999999,0.3804549705715991
199,0.0769230769230769,0.1410788381742738,0.2878787878787878,0.0,0.3777777777777778,0.38347829145038
200,0.0,0.1327800829875519,0.5303030303030304,0.0,0.2388888888888888,0.3802383026811681
201,0.0,0.1327800829875519,0.1818181818181817,1.0,0.2166666666666666,0.3845817445027003
202,0.8461538461538463,0.1327800829875519,0.1666666666666667,0.0,0.261111111111111,0.3916654867996552
203,0.8461538461538463,0.1327800829875519,0.2424242424242424,0.0,0.4166666666666666,0.3687354260754426
204,0.8461538461538463,0.1327800829875519,0.3181818181818182,0.0,0.7,0.377031688788894
205,0.8461538461538463,0.1327800829875519,0.2575757575757577,0.0,0.6000000000000001,0.3801191622555839
206,0.8461538461538463,0.1327800829875519,0.3484848484848486,0.0,0.3,0.3748148748910092
207,0.8461538461538463,0.1618257261410788,0.3484848484848486,0.0,0.261111111111111,0.3856072407611901
208,0.8461538461538463,0.1618257261410788,0.3030303030303031,0.0,0.3999999999999999,0.384001518178576
209,0.0,0.1327800829875519,0.2878787878787878,0.0,0.4777777777777777,0.2240320035308288
210,0.0,0.1327800829875519,0.2121212121212121,0.0,0.1999999999999999,0.209982244295332
211,0.8461538461538463,0.1618257261410788,0.2575757575757577,0.0,0.3,0.1825148775471474
212,0.0,0.1327800829875519,0.3484848484848486,0.0,0.2777777777777777,0.1804138459452258
213,0.8461538461538463,0.1327800829875519,0.1818181818181817,1.0,0.3166666666666666,0.1715759281077035
214,0.8461538461538463,0.1618257261410788,0.2272727272727273,0.0,0.3777777777777778,0.1571652036221144
215,0.0,0.1327800829875519,0.2272727272727273,0.0,0.261111111111111,0.1527366586520467
216,0.8461538461538463,0.1327800829875519,0.2727272727272727,0.0,0.1777777777777777,0.148645184739689
217,0.3076923076923077,0.1161825726141079,0.3484848484848486,0.0,0.5166666666666666,0.1764407943052257
218,0.0,0.0871369294605809,0.4545454545454546,0.0,0.3777777777777778,0.1724249309097519
219,0.8461538461538463,0.1327800829875519,0.2121212121212121,1.0,0.3,0.1918244949507205
220,0.8461538461538463,0.1618257261410788,0.3636363636363637,0.0,0.4166666666666666,0.1850722049257639
221,0.3076923076923077,0.1369294605809128,0.393939393939394,0.0,0.6000000000000001,0.1827050915798369
222,0.0,0.1327800829875519,0.3636363636363637,0.0,0.2166666666666666,0.1896645767754
223,0.0,0.1327800829875519,0.2272727272727273,0.0,0.2388888888888888,0.197473633255672
224,0.0769230769230769,0.1078838174273859,0.0,0.0399999999999999,0.3777777777777778,0.3141292413748335
225,0.0769230769230769,0.1078838174273859,0.0303030303030303,0.0399999999999999,0.4611111111111111,0.3680431549052803
226,0.3076923076923077,0.1161825726141079,0.0909090909090909,0.0399999999999999,0.661111111111111,0.4022801734640976
227,0.3076923076923077,0.1161825726141079,0.1363636363636363,0.0399999999999999,0.7,0.3763316135100085
228,0.3076923076923077,0.0954356846473029,0.0909090909090909,0.0399999999999999,0.5611111111111111,0.3685513332702321
229,0.3076923076923077,0.0954356846473029,0.1666666666666667,0.0399999999999999,0.3999999999999999,0.3214056193145033
230,0.3076923076923077,0.1908713692946058,0.106060606060606,0.0399999999999999,0.3,0.3313408301488041
231,0.3076923076923077,0.0954356846473029,0.106060606060606,0.0399999999999999,0.6777777777777776,0.3383309165038059
232,0.3076923076923077,0.1161825726141079,0.0909090909090909,0.0399999999999999,0.7166666666666666,0.3234282225441586
233,0.0769230769230769,0.1078838174273859,0.0303030303030303,0.0399999999999999,0.3166666666666666,0.3263326505677375
234,0.8461538461538463,0.0580912863070539,0.1363636363636363,0.0399999999999999,0.4999999999999999,0.3277600713681561
235,0.3076923076923077,0.1369294605809128,0.0606060606060606,0.0399999999999999,0.2777777777777777,0.3242581584444134
236,0.3076923076923077,0.1161825726141079,0.0303030303030303,0.0399999999999999,0.5777777777777777,0.2758920798079473
237,0.3076923076923077,0.1161825726141079,0.0909090909090909,0.0399999999999999,0.7777777777777777,0.2430640944729189
238,0.3076923076923077,0.2116182572614108,0.0606060606060606,0.0399999999999999,0.6000000000000001,0.0763914730084603
239,0.3076923076923077,0.1369294605809128,0.0909090909090909,0.0399999999999999,0.3611111111111111,0.0542560461745763
240,0.3076923076923077,0.1576763485477178,0.1363636363636363,0.0399999999999999,0.8999999999999999,0.0836111878620778
241,0.3076923076923077,0.1369294605809128,0.1515151515151516,0.0399999999999999,0.4388888888888888,0.0840146950623881
242,0.3076923076923077,0.0954356846473029,0.0303030303030303,0.0399999999999999,0.3,0.080304858527035
243,0.3076923076923077,0.0954356846473029,0.196969696969697,0.0399999999999999,0.6388888888888888,0.0834865285417808
244,0.3076923076923077,0.1369294605809128,0.1818181818181817,0.0399999999999999,0.4611111111111111,0.0838517263825626
245,0.3076923076923077,0.0954356846473029,0.0909090909090909,0.0399999999999999,0.4777777777777777,0.082017190358784
246,0.3076923076923077,0.0954356846473029,0.0757575757575758,0.0399999999999999,0.3611111111111111,0.0717994220711024
247,0.2307692307692307,0.3858921161825727,0.590909090909091,0.0,0.7777777777777777,0.3098578451894273
248,0.2307692307692307,0.4024896265560166,0.5757575757575759,0.0,0.6388888888888888,0.317349985363264
249,0.2307692307692307,0.1327800829875519,0.8636363636363638,0.0,0.7999999999999998,0.3172039487055155
250,0.2307692307692307,0.1618257261410788,0.5454545454545455,0.0,0.0388888888888888,0.3128231771863425
251,0.2307692307692307,0.2987551867219917,0.5606060606060608,0.0,0.7388888888888889,0.336134540105139
252,0.2307692307692307,0.3568464730290457,0.5000000000000001,0.0,0.6777777777777776,0.339547581898953
253,0.0,0.1327800829875519,0.4393939393939394,0.0,0.0,0.3311221724031298
254,0.2307692307692307,0.2821576763485477,0.590909090909091,0.0,0.6777777777777776,0.3144429475628949
255,0.2307692307692307,0.2821576763485477,0.8787878787878789,0.0,0.7388888888888889,0.306750056017528
256,0.2307692307692307,0.1327800829875519,0.3484848484848486,0.0,0.061111111111111,0.3209134666516368
257,0.2307692307692307,0.1327800829875519,0.3636363636363637,0.0,0.0388888888888888,0.3542359250411029
258,0.2307692307692307,0.2821576763485477,0.5303030303030304,0.0,0.0,0.3483223563463308
259,0.2307692307692307,0.3858921161825727,0.5151515151515152,0.0,0.0388888888888888,0.3399537370403886
260,0.2307692307692307,0.1327800829875519,0.4848484848484848,0.0,0.0777777777777777,0.3529266533891485
261,0.2307692307692307,0.2365145228215768,0.6515151515151516,0.0,0.1166666666666666,0.3508285594454348
262,0.2307692307692307,0.1327800829875519,0.7121212121212122,0.0,0.0388888888888888,0.3466521436703402
263,0.2307692307692307,0.2987551867219917,0.5151515151515152,0.0,0.0,0.3402109162065489
264,0.2307692307692307,0.2987551867219917,0.5606060606060608,0.0,0.5611111111111111,0.3407603591780176
265,0.2307692307692307,0.1327800829875519,0.4545454545454546,0.0,0.061111111111111,0.3385218284460313
266,0.2307692307692307,0.1327800829875519,0.5303030303030304,0.0,0.0777777777777777,0.3334486978127935
267,0.2307692307692307,0.2987551867219917,0.590909090909091,0.0,0.0166666666666666,0.3370885396302001
268,0.2307692307692307,0.2821576763485477,0.393939393939394,0.0,0.0388888888888888,0.3383866241540267
269,0.2307692307692307,0.3568464730290457,0.4696969696969697,0.0,0.6166666666666667,0.3377065509690756
270,0.2307692307692307,0.2821576763485477,0.4696969696969697,0.0,0.0166666666666666,0.3278909259215558
271,0.2307692307692307,0.1327800829875519,0.4696969696969697,0.0,0.061111111111111,0.3123587500832344
272,0.2307692307692307,0.2821576763485477,0.606060606060606,0.0,0.7611111111111108,0.3140244962045683
273,0.2307692307692307,0.2074688796680498,0.6818181818181819,0.0,0.0166666666666666,0.3135857039193848
274,0.2307692307692307,0.2821576763485477,0.4393939393939394,0.0,0.061111111111111,0.312484927680339
275,0.2307692307692307,0.2821576763485477,0.7424242424242427,0.0,0.1166666666666666,0.3126469707920734
276,0.2307692307692307,0.3858921161825727,0.803030303030303,0.0,0.1166666666666666,0.3243490035001238
277,0.2307692307692307,0.1327800829875519,0.6818181818181819,0.0,0.0388888888888888,0.3181703138069983
278,0.2307692307692307,0.1327800829875519,0.5151515151515152,0.0,0.0166666666666666,0.308192228163105
279,0.8461538461538463,0.1327800829875519,0.5871212121212122,0.0,0.261111111111111,0.4627450704398617
280,0.0769230769230769,0.1078838174273859,0.5681818181818183,0.0,0.3388888888888888,0.4428848296883976
281,0.0,0.1327800829875519,0.7083333333333333,0.0,0.3777777777777778,0.4494968515118834
282,0.0,0.1327800829875519,0.4280303030303031,0.0,0.3,0.4254957472205432
283,0.8461538461538463,0.1327800829875519,0.4621212121212121,0.0,0.261111111111111,0.4457175708205999
284,0.0,0.1327800829875519,0.4924242424242424,0.0,0.1999999999999999,0.4958362954374571
285,0.2307692307692307,0.0414937759336099,0.3106060606060606,1.0,0.3388888888888888,0.416239415193438
286,0.0,0.1327800829875519,0.4204545454545455,0.0,0.3166666666666666,0.4291255100029935
287,0.0,0.1327800829875519,0.715909090909091,0.0,0.3166666666666666,0.4083653578814274
288,0.0,0.1327800829875519,0.2348484848484848,0.0,0.3,0.4136731543736445
289,0.0,0.1327800829875519,0.2499999999999999,0.0,0.2166666666666666,0.2771538946070562
290,0.8461538461538463,0.1327800829875519,0.3068181818181819,0.0,0.2166666666666666,0.3264226726012659
291,0.0,0.1327800829875519,0.5037878787878789,0.0,0.4388888888888888,0.3781149512486511
292,0.8461538461538463,0.1327800829875519,0.3901515151515151,0.0,0.5388888888888888,0.370882491166444
293,0.8461538461538463,0.2074688796680498,0.4545454545454546,0.0,0.3166666666666666,0.3605358807473434
294,0.0,0.1327800829875519,0.4962121212121213,0.0,0.1777777777777777,0.3594186251484207
295,0.0,0.1327800829875519,0.3977272727272728,0.0,0.3388888888888888,0.345799072550175
296,0.0,0.1327800829875519,0.4015151515151515,0.0,0.4388888888888888,0.3427972106473361
297,0.0,0.1327800829875519,0.2954545454545455,0.0,0.1777777777777777,0.3330189849888517
298,0.8461538461538463,0.1327800829875519,0.3484848484848486,0.0,0.3777777777777778,0.3343215735679423
299,0.0,0.1327800829875519,0.5113636363636364,0.0,0.2388888888888888,0.302757330496875
300,0.8461538461538463,0.1327800829875519,0.231060606060606,0.02,0.2166666666666666,0.3051254623327523
301,0.0,0.1327800829875519,0.3143939393939394,0.0,0.3388888888888888,0.306633722827685
302,0.0,0.1327800829875519,0.3219696969696969,0.0,0.3999999999999999,0.3077980347198671
303,0.8461538461538463,0.1327800829875519,0.3560606060606062,0.0,0.3,0.3176345426278015
304,0.0,0.1327800829875519,0.5795454545454546,0.0,0.3388888888888888,0.3284728288215123
305,0.0,0.1327800829875519,0.715909090909091,0.0,0.2777777777777777,0.3196662916914551
306,0.0,0.1327800829875519,0.284090909090909,0.0,0.2777777777777777,0.306334443422002
307,0.0,0.1327800829875519,0.5000000000000001,0.0,0.3611111111111111,0.3133790848643059
308,0.0,0.1327800829875519,0.6363636363636365,0.0,0.261111111111111,0.3114656847311138
309,0.0,0.1327800829875519,0.5340909090909091,0.0,0.2388888888888888,0.3512011243303374
310,0.0,0.0414937759336099,0.3143939393939394,0.0,0.1388888888888889,0.3749464276858086
311,0.3846153846153846,0.5560165975103735,0.4393939393939394,0.0,0.8611111111111109,0.3378447563052708
312,0.3846153846153846,0.4398340248962656,0.4242424242424242,0.0,0.7999999999999998,0.3374861068006569
313,0.3846153846153846,0.3817427385892117,0.5151515151515152,0.0,0.8777777777777778,0.3440027284061455
314,0.3846153846153846,0.3692946058091286,0.3636363636363637,0.0,0.961111111111111,0.3374026586568077
315,0.3846153846153846,0.3817427385892117,0.4242424242424242,0.0,0.961111111111111,0.3306329182385449
316,0.3846153846153846,0.3817427385892117,0.4242424242424242,0.0,0.7777777777777777,0.3257992545376363
317,0.0769230769230769,0.3817427385892117,0.3333333333333333,1.0,0.6166666666666667,0.3019311476441432
318,0.3846153846153846,0.3817427385892117,0.3787878787878789,0.0,0.9777777777777776,0.2815538485166193
319,0.3846153846153846,0.3817427385892117,0.606060606060606,0.0,0.6777777777777776,0.2824206246154348
320,0.3846153846153846,0.3153526970954357,0.3484848484848486,0.0,0.9777777777777776,0.2864562382202316
321,0.3846153846153846,0.3817427385892117,0.3636363636363637,0.0,0.6000000000000001,0.2894309005674084
322,0.3846153846153846,0.3817427385892117,0.393939393939394,0.0,0.5777777777777777,0.2942056856596488
323,0.3846153846153846,0.3817427385892117,0.4393939393939394,0.0,0.8777777777777778,0.2911041799966185
324,0.3846153846153846,0.3817427385892117,0.3636363636363637,0.0,0.4166666666666666,0.2924931238462981
325,0.3846153846153846,0.3692946058091286,0.393939393939394,0.0,0.7166666666666666,0.2935113917797286
326,0.3846153846153846,0.3817427385892117,0.4393939393939394,0.0,0.6777777777777776,0.2942428019688771
327,0.3846153846153846,0.3817427385892117,0.4393939393939394,0.0,0.8777777777777778,0.2940351554635256
328,0.3846153846153846,0.4024896265560166,0.4242424242424242,0.0,0.8999999999999999,0.2886946196135155
329,0.3846153846153846,0.3817427385892117,0.3787878787878789,0.0,0.7999999999999998,0.287075010190898
330,0.3846153846153846,0.3817427385892117,0.4090909090909093,0.0,0.5166666666666666,0.2804221956711947
331,0.3846153846153846,0.3817427385892117,0.5000000000000001,0.0,0.7777777777777777,0.2764908865215592
332,0.3846153846153846,0.3817427385892117,0.3484848484848486,0.0,0.8611111111111109,0.2724407107339604
333,0.3846153846153846,0.4149377593360996,0.4242424242424242,0.0,0.7166666666666666,0.265995380106355
334,0.3846153846153846,0.2821576763485477,0.4090909090909093,0.0,0.7611111111111108,0.33227885574253
335,0.3846153846153846,0.3817427385892117,0.3636363636363637,0.0,0.5166666666666666,0.3151919432139093
336,0.3846153846153846,0.4688796680497926,0.4393939393939394,0.0,0.8777777777777778,0.3083218299307235
337,0.3846153846153846,0.3692946058091286,0.5454545454545455,0.0,0.7,0.3060498755378234
338,0.3846153846153846,0.3360995850622407,0.3787878787878789,1.0,0.5166666666666666,0.2973093285254422
339,0.3846153846153846,0.3817427385892117,0.4696969696969697,0.0,0.5777777777777777,0.2971764512622845
340,0.3846153846153846,0.5228215767634856,0.4696969696969697,0.0,0.9999999999999998,0.2911511420405634
341,0.3846153846153846,0.4107883817427386,0.5000000000000001,0.0,0.7166666666666666,0.285314302575488
342,0.3846153846153846,0.4024896265560166,0.393939393939394,0.0,0.2388888888888888,0.2791369028368874
343,0.6153846153846154,0.1161825726141079,0.1818181818181817,0.0,0.1777777777777777,0.0609374955608033
344,0.6153846153846154,0.0954356846473029,0.1818181818181817,0.0,0.261111111111111,0.0595640178908708
345,0.6153846153846154,0.1161825726141079,0.2272727272727273,0.0,0.1777777777777777,0.0586679856765294
346,0.6153846153846154,0.1161825726141079,0.1212121212121212,0.0,0.1999999999999999,0.0589500698921554
347,0.6153846153846154,0.0954356846473029,0.1515151515151516,0.0,0.1999999999999999,0.0594950250696854
348,0.6153846153846154,0.0954356846473029,0.0909090909090909,0.0,0.1611111111111111,0.060315951200093
349,0.4615384615384615,0.0954356846473029,0.0757575757575758,0.0,0.1166666666666666,0.1261673139734469
350,0.6153846153846154,0.0954356846473029,0.1666666666666667,0.0,0.1611111111111111,0.0994416880021146
351,0.6153846153846154,0.1161825726141079,0.2575757575757577,0.0,0.261111111111111,0.0975705410976493
352,0.6153846153846154,0.1369294605809128,0.0757575757575758,0.0,0.1777777777777777,0.2196551068531872
353,0.6153846153846154,0.1161825726141079,0.106060606060606,0.0,0.261111111111111,0.1545331717147417
354,0.6153846153846154,0.0954356846473029,0.1212121212121212,0.0,0.2777777777777777,0.1630584357042588
355,0.6153846153846154,0.1369294605809128,0.1363636363636363,0.0,0.261111111111111,0.1302251919875874
356,0.6153846153846154,0.1161825726141079,0.106060606060606,0.0,0.1166666666666666,0.1303138709683856
357,0.6153846153846154,0.1161825726141079,0.1515151515151516,0.0,0.1166666666666666,0.1297716709239828
358,0.6153846153846154,0.0954356846473029,0.1212121212121212,0.0,0.2166666666666666,0.0818396575049739
359,0.6153846153846154,0.1161825726141079,0.1515151515151516,0.0,0.1777777777777777,0.0805695613770217
360,0.6153846153846154,0.1369294605809128,0.1212121212121212,0.0,0.1611111111111111,0.0859941002471263
361,0.6153846153846154,0.1161825726141079,0.106060606060606,0.0,0.1999999999999999,0.0858648021348693
362,0.6153846153846154,0.1369294605809128,0.1515151515151516,0.0,0.1999999999999999,0.0880992964076619
363,0.6153846153846154,0.1161825726141079,0.1212121212121212,0.0,0.1999999999999999,0.0856992840774621
364,0.6153846153846154,0.0954356846473029,0.0909090909090909,0.0,0.261111111111111,0.0814702964330332
365,0.6153846153846154,0.1161825726141079,0.1363636363636363,0.0,0.1777777777777777,0.0767613066544281
366,0.6153846153846154,0.1161825726141079,0.106060606060606,0.0,0.1388888888888889,0.0738481881139615
367,0.6153846153846154,0.0954356846473029,0.106060606060606,0.0,0.1611111111111111,0.0768371179489008
368,0.6153846153846154,0.0954356846473029,0.1818181818181817,0.0,0.2388888888888888,0.0756112605906896
369,0.6153846153846154,0.1161825726141079,0.196969696969697,0.0,0.2166666666666666,0.0801425008084343
370,0.6153846153846154,0.0954356846473029,0.0909090909090909,0.0,0.2166666666666666,0.0842224729857977
371,0.6153846153846154,0.0954356846473029,0.1818181818181817,0.0,0.2388888888888888,0.0835718039276197
372,0.6153846153846154,0.1161825726141079,0.2575757575757577,0.0,0.1999999999999999,0.0899663965651562
373,0.6153846153846154,0.0954356846473029,0.1212121212121212,0.0,0.1999999999999999,0.0938524451364627
374,0.6153846153846154,0.0954356846473029,0.1363636363636363,0.0,0.1611111111111111,0.0975998954448549
375,0.8461538461538463,0.0705394190871369,0.2575757575757577,0.0,0.1388888888888889,0.0390339827714091
376,0.8461538461538463,0.1327800829875519,0.2424242424242424,0.0,0.1611111111111111,0.0434669465077486
377,0.8461538461538463,0.1327800829875519,0.2575757575757577,0.0,0.1611111111111111,0.0406443882838665
378,0.8461538461538463,0.0580912863070539,0.2121212121212121,0.0,0.1166666666666666,0.0414061789430379
379,0.8461538461538463,0.1327800829875519,0.2121212121212121,0.0,0.1,0.0418475617569122
380,1.0,0.0456431535269709,0.2121212121212121,0.0,0.1166666666666666,0.0419837171705192
381,0.6923076923076923,0.0539419087136929,0.1818181818181817,1.0,0.0166666666666666,0.0364738737105628
382,0.8461538461538463,0.0705394190871369,0.2424242424242424,0.0,0.1611111111111111,0.0455969176271469
383,1.0,0.1078838174273859,0.3787878787878789,0.0,0.061111111111111,0.0396951629511889
384,0.8461538461538463,0.0871369294605809,0.1818181818181817,0.0,0.1611111111111111,0.0357397322824794
385,0.8461538461538463,0.0705394190871369,0.196969696969697,0.0,0.1,0.02840237901876
386,0.8461538461538463,0.1327800829875519,0.2121212121212121,0.0,0.1,0.0243920776602908
387,0.8461538461538463,0.1327800829875519,0.2575757575757577,0.0,0.1777777777777777,0.0296662211737198
388,0.8461538461538463,0.0580912863070539,0.196969696969697,0.0,0.1388888888888889,0.03498243671825
389,0.8461538461538463,0.1327800829875519,0.1818181818181817,0.0,0.1,0.0333735846601613
390,0.8461538461538463,0.1327800829875519,0.2121212121212121,0.0,0.1,0.0347843993287379
391,0.8461538461538463,0.1327800829875519,0.2121212121212121,0.0,0.1388888888888889,0.0357855769410668
392,0.8461538461538463,0.1327800829875519,0.2121212121212121,0.0,0.1166666666666666,0.0330119231598521
393,0.8461538461538463,0.0580912863070539,0.2121212121212121,0.0,0.0777777777777777,0.031567159489993
394,0.8461538461538463,0.1327800829875519,0.2121212121212121,0.0,0.1777777777777777,0.0341321900907426
395,1.0,0.0622406639004149,0.2878787878787878,0.0,0.0388888888888888,0.0326457167850335
396,0.8461538461538463,0.0871369294605809,0.1666666666666667,0.0,0.1166666666666666,0.0332638130810375
397,0.8461538461538463,0.1327800829875519,0.2121212121212121,0.0,0.1,0.0334795245400455
398,0.8461538461538463,0.1327800829875519,0.2121212121212121,0.0,0.1,0.034685296174649
399,0.8461538461538463,0.1327800829875519,0.196969696969697,0.0,0.1611111111111111,0.0349203665755799
400,0.8461538461538463,0.0871369294605809,0.2424242424242424,0.0,0.1,0.0321254575827859
401,0.8461538461538463,0.1327800829875519,0.2575757575757577,0.0,0.1388888888888889,0.0326539350597579
402,0.8461538461538463,0.0705394190871369,0.196969696969697,0.0,0.1,0.0324147425787773
403,0.8461538461538463,0.1327800829875519,0.2575757575757577,0.0,0.1611111111111111,0.0338248507093597
404,0.8461538461538463,0.1327800829875519,0.2727272727272727,0.0,0.1611111111111111,0.0339588486765129
405,0.8461538461538463,0.1327800829875519,0.2575757575757577,0.0,0.1,0.0339788856161445
406,0.8461538461538463,0.1327800829875519,0.2121212121212121,0.0,0.1,0.0339559827008821
407,0.7692307692307693,0.0954356846473029,0.2424242424242424,0.0,0.3388888888888888,0.2426597138071315
408,0.7692307692307693,0.1161825726141079,0.2272727272727273,0.0,0.2388888888888888,0.2329145610295421
409,0.7692307692307693,0.1161825726141079,0.2575757575757577,1.0,0.3166666666666666,0.1991304220416365
410,0.7692307692307693,0.0954356846473029,0.1666666666666667,1.0,0.2166666666666666,0.2308063107266107
411,0.7692307692307693,0.0954356846473029,0.1818181818181817,1.0,0.2777777777777777,0.2313955451612633
412,0.7692307692307693,0.0954356846473029,0.1666666666666667,1.0,0.261111111111111,0.3139034140439893
413,0.7692307692307693,0.1161825726141079,0.1212121212121212,1.0,0.1777777777777777,0.3189505514464165
414,0.7692307692307693,0.1161825726141079,0.196969696969697,1.0,0.2388888888888888,0.325397580221
415,0.3076923076923077,0.0954356846473029,0.3636363636363637,1.0,0.3166666666666666,0.3149652951839295
416,0.7692307692307693,0.1161825726141079,0.0909090909090909,1.0,0.3166666666666666,0.3072127634025123
417,0.7692307692307693,0.1908713692946058,0.1212121212121212,1.0,0.2777777777777777,0.3179738706911001
418,0.7692307692307693,0.0622406639004149,0.1363636363636363,1.0,0.3,0.28318356916498
419,0.7692307692307693,0.1369294605809128,0.2121212121212121,0.0,0.2777777777777777,0.2828076162827159
420,0.8461538461538463,0.0705394190871369,0.1666666666666667,1.0,0.2166666666666666,0.2630627685509972
421,0.7692307692307693,0.1161825726141079,0.1666666666666667,1.0,0.2388888888888888,0.2613535008175576
422,0.7692307692307693,0.0954356846473029,0.1818181818181817,1.0,0.2388888888888888,0.2977699235974471
423,0.7692307692307693,0.1161825726141079,0.1666666666666667,1.0,0.2777777777777777,0.2969093211605884
424,0.7692307692307693,0.0207468879668049,0.1515151515151516,1.0,0.3999999999999999,0.2720678856678518
425,0.7692307692307693,0.0954356846473029,0.1212121212121212,1.0,0.2388888888888888,0.2721935916865207
426,0.7692307692307693,0.0954356846473029,0.1666666666666667,0.0,0.2388888888888888,0.2723539880901635
427,0.3076923076923077,0.0954356846473029,0.2121212121212121,1.0,0.3166666666666666,0.272289169119778
428,0.7692307692307693,0.1369294605809128,0.106060606060606,1.0,0.3,0.2719016010051057
429,0.7692307692307693,0.1908713692946058,0.1363636363636363,1.0,0.3166666666666666,0.2734232472257294
430,0.7692307692307693,0.0207468879668049,0.1363636363636363,1.0,0.2777777777777777,0.2738106630149252
431,0.8461538461538463,0.1618257261410788,0.1363636363636363,1.0,0.3611111111111111,0.2737913405780186
432,0.7692307692307693,0.1161825726141079,0.2272727272727273,0.0,0.2388888888888888,0.2819009899808269
433,0.7692307692307693,0.1161825726141079,0.3030303030303031,1.0,0.2777777777777777,0.2802948923921379
434,0.7692307692307693,0.0207468879668049,0.1212121212121212,1.0,0.3999999999999999,0.2568800759169201
435,0.7692307692307693,0.1161825726141079,0.196969696969697,0.0,0.261111111111111,0.2640244865639254
436,0.7692307692307693,0.0954356846473029,0.2575757575757577,0.0,0.2166666666666666,0.2900980463305529
437,0.7692307692307693,0.1161825726141079,0.2575757575757577,1.0,0.3166666666666666,0.3011749903726897
438,0.7692307692307693,0.0954356846473029,0.1818181818181817,1.0,0.261111111111111,0.3071309500196586
439,0.3076923076923077,0.5809128630705396,0.3030303030303031,0.0,0.7,0.0226418831576654
440,0.3076923076923077,0.6016597510373445,0.3333333333333333,0.0,0.6166666666666667,0.0143166799311459
441,0.3076923076923077,0.5809128630705396,0.3787878787878789,0.0,0.4611111111111111,0.0135442381038562
442,0.3076923076923077,0.5062240663900416,0.2878787878787878,0.0,0.4611111111111111,0.0248315871031095
443,0.3076923076923077,0.6348547717842326,0.3030303030303031,0.0,0.6166666666666667,0.0248315871031095
444,0.3076923076923077,0.6016597510373445,0.2575757575757577,0.0,0.3166666666666666,0.0221981935586348
445,0.3076923076923077,0.6016597510373445,0.2575757575757577,1.0,0.3166666666666666,0.0219070849711553
446,0.3076923076923077,0.6016597510373445,0.3181818181818182,0.0,0.5388888888888888,0.019228886165462
447,0.3076923076923077,0.5601659751037346,0.3636363636363637,0.0,0.261111111111111,0.0186949930034137
448,0.3076923076923077,0.4315352697095436,0.2575757575757577,0.0,0.6777777777777776,0.0112612442622116
449,0.3076923076923077,0.6016597510373445,0.3030303030303031,0.0,0.5166666666666666,0.0148655587341833
450,0.3076923076923077,0.5809128630705396,0.2878787878787878,0.0,0.4611111111111111,0.0114442824043194
451,0.3076923076923077,0.5601659751037346,0.3030303030303031,0.0,0.7166666666666666,0.0074071767399539
452,0.3076923076923077,0.5809128630705396,0.2727272727272727,0.0,0.4999999999999999,0.005320198241791
453,0.3076923076923077,0.6016597510373445,0.2878787878787878,0.0,0.3611111111111111,0.004716153058363
454,0.3076923076923077,0.4647302904564316,0.2878787878787878,0.0,0.5166666666666666,0.0074922198211446
455,0.3076923076923077,0.5062240663900416,0.3030303030303031,0.0,0.7,0.0070181288446728
456,0.3076923076923077,0.5601659751037346,0.3030303030303031,0.0,0.7388888888888889,0.0068950067174191
457,0.3076923076923077,0.5062240663900416,0.2727272727272727,0.0,0.4777777777777777,0.0191856131193298
458,0.3076923076923077,0.5601659751037346,0.2878787878787878,0.0,0.5777777777777777,0.021517628883421
459,0.3076923076923077,0.5809128630705396,0.2878787878787878,0.0,0.3,0.02680951084792
460,0.3076923076923077,0.5062240663900416,0.2424242424242424,0.0,0.6166666666666667,0.0312044639021357
461,0.3076923076923077,0.5062240663900416,0.2878787878787878,0.0,0.7166666666666666,0.0371241959710874
462,0.3076923076923077,0.5062240663900416,0.2878787878787878,0.0,0.5388888888888888,0.0486945819668879
463,0.3076923076923077,0.3278008298755187,0.2878787878787878,0.0,0.3388888888888888,0.061610361659977
464,0.3076923076923077,0.6348547717842326,0.3484848484848486,0.0,0.4999999999999999,0.0731807476557775
465,0.3076923076923077,0.4439834024896266,0.3484848484848486,0.0,0.5388888888888888,0.0730013620064664
466,0.3076923076923077,0.6016597510373445,0.2727272727272727,0.0,0.3,0.0718859499108587
467,0.3076923076923077,0.5601659751037346,0.3333333333333333,0.0,0.7777777777777777,0.0704989295436658
468,0.3076923076923077,0.7178423236514524,0.4090909090909093,0.0,0.3777777777777778,0.056530481249255
469,0.3076923076923077,0.5809128630705396,0.3333333333333333,0.0,0.3777777777777778,0.0657698706346422
470,0.3076923076923077,0.5601659751037346,0.3181818181818182,0.0,0.3999999999999999,0.0784221773649247
471,0.2307692307692307,0.1908713692946058,0.393939393939394,0.0,0.1388888888888889,0.2111281404024629
472,0.2307692307692307,0.1327800829875519,0.3333333333333333,0.0,0.0777777777777777,0.2656179401424788
473,0.2307692307692307,0.1327800829875519,0.4545454545454546,0.0,0.1166666666666666,0.2656434249579736
474,0.2307692307692307,0.1327800829875519,0.2727272727272727,0.0,0.1777777777777777,0.2658478211894334
475,0.2307692307692307,0.1327800829875519,0.3030303030303031,0.0,0.1388888888888889,0.238576967912269
476,0.2307692307692307,0.1327800829875519,0.2424242424242423,0.0,0.1611111111111111,0.2657658329143661
477,0.0,0.1327800829875519,0.2196969696969697,1.0,0.0388888888888888,0.2657687440234714
478,0.2307692307692307,0.1327800829875519,0.2878787878787878,0.0,0.061111111111111,0.2382686867014697
479,0.2307692307692307,0.2365145228215768,0.5227272727272728,0.0,0.1,0.2657683889292234
480,0.2307692307692307,0.1327800829875519,0.2196969696969697,0.0,0.0777777777777777,0.2657624737891537
481,0.2307692307692307,0.1327800829875519,0.2500000000000001,0.0,0.0777777777777777,0.2657624737891537
482,0.2307692307692307,0.1908713692946058,0.2727272727272727,0.0,0.1166666666666666,0.2620270983445091
483,0.2307692307692307,0.1327800829875519,0.3030303030303031,0.0,0.1,0.267540923506135
484,0.2307692307692307,0.1908713692946058,0.2424242424242424,1.0,0.1777777777777777,0.2850190825275998
485,0.2307692307692307,0.2821576763485477,0.2651515151515152,0.0,0.1166666666666666,0.2650647089459261
486,0.2307692307692307,0.1908713692946058,0.2727272727272727,0.0,0.1388888888888889,0.2546663105197468
487,0.2307692307692307,0.1327800829875519,0.3257575757575758,0.0,0.0777777777777777,0.2517986669416132
488,0.2307692307692307,0.1327800829875519,0.3106060606060606,0.0,0.0388888888888888,0.2578943355995783
489,0.2307692307692307,0.1327800829875519,0.2878787878787878,0.0,0.1777777777777777,0.2607930263620752
490,0.2307692307692307,0.1327800829875519,0.3257575757575758,0.0,0.1166666666666666,0.285972127280557
491,0.2307692307692307,0.1327800829875519,0.3030303030303031,0.0,0.1388888888888889,0.3029141988566397
492,0.2307692307692307,0.1327800829875519,0.2651515151515152,0.0,0.1611111111111111,0.2911799438345702
493,0.2307692307692307,0.1618257261410788,0.3257575757575758,0.0,0.0777777777777777,0.1911774292694993
494,0.2307692307692307,0.1327800829875519,0.2954545454545455,0.0,0.0777777777777777,0.2043069647483228
495,0.2307692307692307,0.1327800829875519,0.2727272727272727,0.0,0.1388888888888889,0.1977259585821407
496,0.2307692307692307,0.1618257261410788,0.3787878787878789,0.0,0.0777777777777777,0.1984484758174938
497,0.2307692307692307,0.1618257261410788,0.4545454545454547,0.0,0.1166666666666666,0.2012564612389328
498,0.2307692307692307,0.1618257261410788,0.2727272727272727,0.0,0.1388888888888889,0.2088861270919369
499,0.2307692307692307,0.1618257261410788,0.3863636363636364,0.0,0.0777777777777777,0.2074901921998026
500,0.2307692307692307,0.1908713692946058,0.4621212121212121,0.0,0.1,0.2101240317692018
501,0.2307692307692307,0.1327800829875519,0.3712121212121211,0.0,0.1611111111111111,0.2112881886809972
502,0.2307692307692307,0.1327800829875519,0.3484848484848486,0.0,0.1388888888888889,0.2103979511401724
503,0.0,0.1327800829875519,0.5303030303030304,0.0,0.1166666666666666,0.3133310343071523
504,0.0,0.1327800829875519,0.5303030303030304,0.0,0.1611111111111111,0.2794420406339332
505,0.0,0.0580912863070539,0.6515151515151516,0.0,0.0777777777777777,0.2625923270805481
506,0.0,0.1327800829875519,0.3636363636363637,0.0,0.1,0.253203769902619
507,0.0,0.0580912863070539,0.4393939393939394,0.0,0.1999999999999999,0.1913480480732526
508,0.0,0.0580912863070539,0.4242424242424242,0.0,0.1166666666666666,0.2366797189256724
509,0.4615384615384615,0.0954356846473029,0.2272727272727273,1.0,0.0166666666666666,0.3793811456541054
510,0.1538461538461538,0.1078838174273859,0.3787878787878789,0.0,0.1777777777777777,0.3579021842112347
511,0.0,0.1327800829875519,0.4848484848484848,0.0,0.1999999999999999,0.4797238478096731
512,0.6153846153846154,0.0207468879668049,0.1515151515151516,0.02,0.1166666666666666,0.4802078157160572
513,0.6153846153846154,0.0207468879668049,0.1515151515151516,0.0,0.0777777777777777,0.3473931643027832
514,0.6153846153846154,0.0207468879668049,0.2272727272727273,0.02,0.1,0.393577540893343
515,0.0,0.0871369294605809,0.4696969696969697,0.0,0.1388888888888889,0.3911807469781117
516,0.0,0.0414937759336099,0.3636363636363637,0.0,0.1388888888888889,0.2739452563457052
517,0.9230769230769232,0.0,0.393939393939394,0.0,0.1999999999999999,0.2145133826308952
518,0.0,0.0580912863070539,0.4696969696969697,0.0,0.0777777777777777,0.2010320174482003
519,0.6153846153846154,0.0414937759336099,0.3030303030303031,0.0,0.1166666666666666,0.2199482530842949
520,0.6153846153846154,0.0954356846473029,0.3030303030303031,0.0,0.1,0.2250397616701126
521,0.6153846153846154,0.0414937759336099,0.1818181818181817,0.0,0.0777777777777777,0.2316330816419662
522,0.9230769230769232,0.1825726141078838,0.2878787878787878,0.0,0.0777777777777777,0.2335561333695618
523,0.0,0.0580912863070539,0.4090909090909093,0.0,0.1611111111111111,0.2293419929789245
524,0.6153846153846154,0.0207468879668049,0.1666666666666667,0.02,0.1,0.2284767955561251
525,0.6153846153846154,0.0954356846473029,0.2121212121212121,0.0,0.0777777777777777,0.2289894139266309
526,0.6153846153846154,0.0746887966804979,0.2272727272727273,0.0,0.1,0.1802628758004779
527,0.9230769230769232,0.0,0.3030303030303031,0.0,0.0777777777777777,0.1303852575230384
528,0.4615384615384615,0.0954356846473029,0.5606060606060608,0.0,0.0777777777777777,0.1295405135289184
529,0.0,0.0414937759336099,0.606060606060606,0.0,0.0777777777777777,0.1319253354581748
530,0.8461538461538463,0.0414937759336099,0.196969696969697,0.0,0.061111111111111,0.1334340781511843
531,0.4615384615384615,0.0207468879668049,0.4924242424242424,0.0,0.1388888888888889,0.1242608624041452
532,0.4615384615384615,0.0954356846473029,0.6818181818181819,0.0,0.1,0.1270263938192688
533,0.0,0.0414937759336099,0.4545454545454546,0.0,0.0777777777777777,0.1257819046326836
534,0.6153846153846154,0.0622406639004149,0.2196969696969697,0.0,0.0777777777777777,0.1261922007704045
535,0.3076923076923077,0.0954356846473029,0.4015151515151515,0.0,0.1,0.4663846225401856
536,0.3076923076923077,0.0954356846473029,0.446969696969697,0.0,0.1611111111111111,0.4001940053772931
537,0.3076923076923077,0.0954356846473029,0.5984848484848486,0.0,0.0777777777777777,0.5417697000420556
538,0.6923076923076923,0.0663900414937759,0.265151515151515,0.0,0.0388888888888888,0.5333659410075773
539,0.6923076923076923,0.0539419087136929,0.2727272727272727,0.0,0.1166666666666666,0.5311482141524253
540,0.3076923076923077,0.0954356846473029,0.3106060606060606,0.0,0.0777777777777777,0.513444226804525
541,1.0,0.0539419087136929,0.1515151515151516,1.0,0.0166666666666666,0.5601656522498465
542,0.6923076923076923,0.0788381742738589,0.2727272727272727,0.0,0.0777777777777777,0.5314736029412428
543,0.0769230769230769,0.1078838174273859,0.5833333333333335,0.0,0.1166666666666666,0.4669395940304169
544,0.6923076923076923,0.0539419087136929,0.0984848484848485,0.02,0.061111111111111,0.4726241504976185
545,0.6923076923076923,0.0539419087136929,0.106060606060606,0.0,0.061111111111111,0.5252990983822858
546,0.7692307692307693,0.0622406639004149,0.1515151515151516,0.0,0.1166666666666666,0.5557635554958359
547,0.6923076923076923,0.0539419087136929,0.3030303030303031,0.0,0.061111111111111,0.566704288703114
548,0.3846153846153846,0.1078838174273859,0.2121212121212121,0.0,0.1388888888888889,0.633226462011369
549,0.6923076923076923,0.0456431535269709,0.2499999999999999,0.0,0.0388888888888888,0.5514981315310703
550,0.3076923076923077,0.0954356846473029,0.3409090909090909,0.0,0.0777777777777777,0.4770090178796023
551,0.3076923076923077,0.1161825726141079,0.196969696969697,0.0,0.0777777777777777,0.4471643233501111
552,0.3076923076923077,0.0954356846473029,0.2121212121212121,0.0,0.1,0.3893822178429345
553,0.6923076923076923,0.0539419087136929,0.1363636363636363,0.0,0.1,0.3377036153020504
554,0.6923076923076923,0.0788381742738589,0.196969696969697,0.0,0.0388888888888888,0.2919128414371945
555,0.3076923076923077,0.0954356846473029,0.3257575757575758,0.0,0.0388888888888888,0.2688642870899109
556,0.6923076923076923,0.0663900414937759,0.106060606060606,0.02,0.1166666666666666,0.2820939395666805
557,0.6923076923076923,0.0539419087136929,0.1515151515151516,0.0,0.0777777777777777,0.2849656063294566
558,0.7692307692307693,0.0622406639004149,0.143939393939394,0.0,0.1166666666666666,0.2848362561145856
559,0.6923076923076923,0.1078838174273859,0.1893939393939394,0.0,0.061111111111111,0.2816503342610509
560,0.3846153846153846,0.1078838174273859,0.3712121212121213,0.0,0.061111111111111,0.2787563035297962
561,0.3076923076923077,0.0954356846473029,0.5530303030303032,0.0,0.1166666666666666,0.1562583473386238
562,0.6923076923076923,0.0331950207468879,0.1212121212121212,0.0,0.061111111111111,0.1606033678361721
563,0.2307692307692307,0.0705394190871369,0.4015151515151515,0.0,0.0777777777777777,0.163591663479422
564,0.3076923076923077,0.1161825726141079,0.6515151515151516,0.0,0.061111111111111,0.1586816628118083
565,0.3076923076923077,0.0954356846473029,0.4924242424242424,0.0,0.061111111111111,0.1563933302774851
566,0.6923076923076923,0.0622406639004149,0.1818181818181817,0.0,0.0388888888888888,0.1525881028163208
567,0.7692307692307693,0.0954356846473029,0.2045454545454545,0.0,0.3388888888888888,0.3153848456751056
568,1.0,0.1078838174273859,0.2045454545454545,0.0,0.2388888888888888,0.2826050393285149
569,0.7692307692307693,0.1161825726141079,0.1704545454545453,1.0,0.1777777777777777,0.3220725297862256
570,0.7692307692307693,0.0954356846473029,0.1287878787878787,1.0,0.1999999999999999,0.3006863302442765
571,0.8461538461538463,0.0414937759336099,0.1363636363636363,0.0,0.1611111111111111,0.3264292435041711
572,0.3076923076923077,0.0954356846473029,0.1477272727272728,1.0,0.2777777777777777,0.363119601252629
573,0.3076923076923077,0.0954356846473029,0.0871212121212121,1.0,0.261111111111111,0.3150728731434471
574,0.7692307692307693,0.0954356846473029,0.1628787878787879,1.0,0.261111111111111,0.39330270723765
575,0.3076923076923077,0.0954356846473029,0.2575757575757577,1.0,0.3999999999999999,0.2371346899021452
576,0.3076923076923077,0.0414937759336099,0.0909090909090909,1.0,0.1999999999999999,0.1299864671026772
577,0.3076923076923077,0.0954356846473029,0.0795454545454545,1.0,0.2388888888888888,0.1552301493770758
578,0.7692307692307693,0.0207468879668049,0.1212121212121212,1.0,0.3388888888888888,0.1788970641839347
579,0.7692307692307693,0.0829875518672199,0.1742424242424243,0.0,0.3388888888888888,0.1789175956006031
580,0.7692307692307693,0.0414937759336099,0.125,1.0,0.2166666666666666,0.1815350513868949
581,1.0,0.1078838174273859,0.1287878787878787,1.0,0.1166666666666666,0.2356181981898006
582,0.7692307692307693,0.0207468879668049,0.1553030303030301,1.0,0.2388888888888888,0.3263260763461945
583,0.7692307692307693,0.0746887966804979,0.1287878787878787,0.0,0.3388888888888888,0.33900940304801
584,0.3076923076923077,0.0954356846473029,0.1477272727272726,1.0,0.2166666666666666,0.3560288964535048
585,0.3076923076923077,0.0954356846473029,0.0795454545454545,1.0,0.1999999999999999,0.3637048606228876
586,0.8461538461538463,0.0871369294605809,0.1212121212121212,1.0,0.2777777777777777,0.3547563939812614
587,0.3076923076923077,0.0954356846473029,0.1628787878787879,1.0,0.2388888888888888,0.3278034456327421
588,0.7692307692307693,0.0954356846473029,0.0909090909090909,1.0,0.261111111111111,0.3207218053609892
589,0.3076923076923077,0.0954356846473029,0.1515151515151516,1.0,0.2777777777777777,0.32855955943004
590,0.8461538461538463,0.0414937759336099,0.1022727272727272,1.0,0.2166666666666666,0.3478232129728736
591,0.6923076923076923,0.1078838174273859,0.1098484848484848,1.0,0.2166666666666666,0.3170079844690563
592,0.7692307692307693,0.0954356846473029,0.1780303030303029,0.0,0.261111111111111,0.2994993686488986
593,0.7692307692307693,0.0954356846473029,0.2121212121212121,1.0,0.2777777777777777,0.2922226123845161
594,0.7692307692307693,0.0954356846473029,0.0909090909090909,1.0,0.2777777777777777,0.2645491651961724
595,0.6923076923076923,0.1825726141078838,0.1704545454545455,0.0,0.2166666666666666,0.2294708656418116
596,0.7692307692307693,0.0622406639004149,0.2083333333333333,1.0,0.2777777777777777,0.2415619266651799
597,0.5384615384615385,0.0705394190871369,0.2083333333333333,1.0,0.1777777777777777,0.2365485879297414
598,0.7692307692307693,0.0954356846473029,0.1742424242424243,1.0,0.261111111111111,0.2526032710155771
599,0.2307692307692307,0.1327800829875519,0.4393939393939394,0.0,0.5611111111111111,0.8595622108261991
600,0.3846153846153846,0.3360995850622407,0.4545454545454546,0.0,0.3388888888888888,0.8556691187779603
601,0.2307692307692307,0.3568464730290457,0.4848484848484848,0.0,0.5166666666666666,0.8095780115080463
602,0.2307692307692307,0.5062240663900416,0.4696969696969697,0.0,0.5166666666666666,0.8265770315730347
603,0.3846153846153846,0.3070539419087137,0.4545454545454546,0.0,0.5611111111111111,0.7931280073058378
604,0.3846153846153846,0.3278008298755187,0.4393939393939394,0.0,0.3388888888888888,0.7197108916617375
605,0.0769230769230769,0.8672199170124483,0.393939393939394,0.0,0.5388888888888888,0.7197043459804799
606,0.3846153846153846,0.3817427385892117,0.5000000000000001,0.0,0.4777777777777777,0.7192788796855064
607,0.6153846153846154,0.5809128630705396,0.4545454545454546,0.0,0.7,0.7181170292270034
608,0.6153846153846154,0.5892116182572615,0.3787878787878789,0.0,0.4999999999999999,0.7172595506239349
609,0.6153846153846154,0.2199170124481328,0.393939393939394,0.0,0.5166666666666666,0.8218336301750336
610,0.6923076923076923,0.5477178423236515,0.4090909090909093,0.0,0.4611111111111111,0.795101430314022
611,0.3846153846153846,0.4024896265560166,0.5303030303030304,0.0,0.5611111111111111,0.7611581679519457
612,0.3846153846153846,0.9419087136929462,0.4545454545454546,0.0,0.4166666666666666,0.769118348229897
613,0.2307692307692307,0.3112033195020747,0.4545454545454546,0.0,0.6777777777777776,0.7901158022044714
614,0.2307692307692307,0.3568464730290457,0.4848484848484848,0.0,0.5388888888888888,0.7924235720005702
615,0.6923076923076923,0.2946058091286307,0.4696969696969697,0.0,0.4388888888888888,0.7945525707590839
616,0.6153846153846154,0.5601659751037346,0.4696969696969697,0.0,0.4388888888888888,0.8217387476645379
617,0.6153846153846154,0.5601659751037346,0.393939393939394,0.0,0.4999999999999999,0.8317800191771402
618,0.3846153846153846,0.5477178423236515,0.4393939393939394,0.0,0.4777777777777777,0.7955315161528562
619,0.1538461538461538,0.4149377593360996,0.4393939393939394,0.0,0.3611111111111111,0.8122048653448115
620,0.6923076923076923,0.6141078838174274,0.393939393939394,0.0,0.661111111111111,0.8455540308040855
621,0.6923076923076923,0.4688796680497926,0.393939393939394,0.0,0.6777777777777776,0.8123516978119117
622,0.2307692307692307,1.0,0.4090909090909093,0.0,0.5388888888888888,0.8171729199395924
623,0.2307692307692307,0.7302904564315353,0.4545454545454546,0.0,0.4999999999999999,0.790343852027071
624,0.2307692307692307,0.5809128630705396,0.5151515151515152,0.0,0.4999999999999999,0.800412295882505
625,0.2307692307692307,0.2821576763485477,0.4545454545454546,0.0,0.3,0.7860121246652181
626,0.3846153846153846,0.7759336099585064,0.4090909090909093,0.0,0.5388888888888888,0.7943067283916179
627,0.2307692307692307,0.8049792531120333,0.4696969696969697,0.0,0.5777777777777777,0.8049992693039817
628,0.3846153846153846,0.3817427385892117,0.5606060606060608,0.0,0.3611111111111111,0.8008429196725315
629,0.2307692307692307,0.4190871369294606,0.5303030303030304,0.0,0.3777777777777778,0.7934009304217317
630,0.2307692307692307,0.1618257261410788,0.4545454545454546,0.0,0.3777777777777778,0.7959023506999937
631,0.3076923076923077,0.5601659751037346,0.3333333333333333,0.0,0.5388888888888888,0.3966903219602675
632,0.3076923076923077,0.5062240663900416,0.3484848484848486,0.0,0.8388888888888888,0.3970013632821508
633,0.3076923076923077,0.5062240663900416,0.3636363636363637,0.0,0.5166666666666666,0.3969895449491074
634,0.3076923076923077,0.6763485477178425,0.3030303030303031,0.0,0.5388888888888888,0.3993353509808411
635,0.3076923076923077,0.5062240663900416,0.3636363636363637,0.0,0.3611111111111111,0.4036710676772305
636,0.3076923076923077,0.5601659751037346,0.2878787878787878,1.0,0.3999999999999999,0.4127771204999842
637,0.3076923076923077,0.5062240663900416,0.3030303030303031,1.0,0.261111111111111,0.3962621728784716
638,0.3076923076923077,0.5062240663900416,0.3636363636363637,0.0,0.4611111111111111,0.3923945079014293
639,0.0769230769230769,0.4024896265560166,0.3333333333333333,1.0,0.3999999999999999,0.3864160432438739
640,0.0769230769230769,0.4149377593360996,0.3030303030303031,1.0,0.4611111111111111,0.3864283344828083
641,0.0769230769230769,0.3692946058091286,0.3030303030303031,1.0,0.3777777777777778,0.3893348675183632
642,0.3076923076923077,0.5601659751037346,0.3333333333333333,0.0,0.4388888888888888,0.3893448861541109
643,0.3076923076923077,0.5809128630705396,0.3484848484848486,1.0,0.3611111111111111,0.391957217631728
644,0.3076923076923077,0.6016597510373445,0.3333333333333333,0.0,0.3388888888888888,0.3940786412675292
645,0.3076923076923077,0.3900414937759336,0.4090909090909093,0.0,0.4999999999999999,0.3944167666564778
646,0.3076923076923077,0.3692946058091286,0.3484848484848486,0.0,0.4777777777777777,0.341569024600959
647,0.3076923076923077,0.5062240663900416,0.3333333333333333,1.0,0.3777777777777778,0.2849323598838029
648,0.3076923076923077,0.5601659751037346,0.3333333333333333,1.0,0.5388888888888888,0.3081292012571482
649,0.3076923076923077,0.3278008298755187,0.3030303030303031,1.0,0.5388888888888888,0.3103416265883653
650,0.3076923076923077,0.2738589211618258,0.3787878787878789,0.0,0.3,0.2998420883600604
651,0.3076923076923077,0.4522821576763486,0.3333333333333333,1.0,0.4611111111111111,0.262316196169327
652,0.3076923076923077,0.3485477178423237,0.3030303030303031,1.0,0.4777777777777777,0.2522512418615721
653,0.3076923076923077,0.3983402489626557,0.3333333333333333,1.0,0.7,0.194228809894868
654,0.3076923076923077,0.4854771784232365,0.3333333333333333,1.0,0.5166666666666666,0.181023397080679
655,0.3076923076923077,0.3485477178423237,0.3787878787878789,0.0,0.2777777777777777,0.1715929344672679
656,0.3076923076923077,0.4024896265560166,0.3787878787878789,1.0,0.6388888888888888,0.2035057855086003
657,0.3076923076923077,0.3278008298755187,0.3636363636363637,0.0,0.6388888888888888,0.22468013416293
658,0.3076923076923077,0.4647302904564316,0.3181818181818182,1.0,0.3999999999999999,0.1829872066587947
659,0.3076923076923077,0.3900414937759336,0.4090909090909093,0.0,0.6166666666666667,0.1949045028097461
660,0.3076923076923077,0.5601659751037346,0.4696969696969697,0.0,0.4388888888888888,0.207505844555132
661,0.3076923076923077,0.5601659751037346,0.3484848484848486,1.0,0.3,0.1799530235465295
662,0.3076923076923077,0.5062240663900416,0.3636363636363637,1.0,0.3999999999999999,0.1722050200464326
663,0.3076923076923077,0.5809128630705396,0.3636363636363637,0.0,0.7,0.1432062728491387
664,0.3076923076923077,0.6016597510373445,0.3484848484848486,0.0,0.6166666666666667,0.1568941342973129
665,0.3076923076923077,0.5809128630705396,0.393939393939394,0.0,0.4611111111111111,0.2008515303429931
666,0.3076923076923077,0.5062240663900416,0.3030303030303031,0.0,0.4611111111111111,0.2059991819843149
667,0.3076923076923077,0.6348547717842326,0.3181818181818182,0.0,0.6166666666666667,0.2153937684634551
668,0.3076923076923077,0.6016597510373445,0.3030303030303031,0.0,0.3166666666666666,0.2309941114458697
669,0.3076923076923077,0.6016597510373445,0.2727272727272727,1.0,0.3166666666666666,0.2564145905002076
670,0.3076923076923077,0.6016597510373445,0.3636363636363637,0.0,0.5388888888888888,0.2696844396458401
671,0.3076923076923077,0.5601659751037346,0.4242424242424242,0.0,0.261111111111111,0.2662573497262241
672,0.3076923076923077,0.4315352697095436,0.2727272727272727,0.0,0.6777777777777776,0.2700735120990412
673,0.3076923076923077,0.6016597510373445,0.3030303030303031,0.0,0.5166666666666666,0.2883882446282863
674,0.3076923076923077,0.5809128630705396,0.3181818181818182,0.0,0.4611111111111111,0.3099518827747311
675,0.3076923076923077,0.5601659751037346,0.3484848484848486,0.0,0.7166666666666666,0.2631380219824506
676,0.3076923076923077,0.5809128630705396,0.3181818181818182,0.0,0.4999999999999999,0.2666275766307748
677,0.3076923076923077,0.6016597510373445,0.3181818181818182,0.0,0.3611111111111111,0.2419006958698678
678,0.3076923076923077,0.4647302904564316,0.3484848484848486,0.0,0.5166666666666666,0.2558147238136725
679,0.3076923076923077,0.5062240663900416,0.3181818181818182,0.0,0.7,0.26969046795146
680,0.3076923076923077,0.5601659751037346,0.3333333333333333,0.0,0.7388888888888889,0.2855383643910062
681,0.3076923076923077,0.5062240663900416,0.2878787878787878,0.0,0.4777777777777777,0.2994768457176678
682,0.3076923076923077,0.5601659751037346,0.3106060606060606,0.0,0.5777777777777777,0.3160181536113351
683,0.3076923076923077,0.5809128630705396,0.3333333333333333,0.0,0.3,0.3139605221593746
684,0.3076923076923077,0.5062240663900416,0.2727272727272727,0.0,0.6166666666666667,0.3119017932338834
685,0.3076923076923077,0.5062240663900416,0.3181818181818182,0.0,0.7166666666666666,0.3090180678686851
686,0.3076923076923077,0.5062240663900416,0.3030303030303031,0.0,0.5388888888888888,0.3111729095237157
687,0.3076923076923077,0.3278008298755187,0.3030303030303031,0.0,0.3388888888888888,0.3246617409778025
688,0.3076923076923077,0.6348547717842326,0.4015151515151516,0.0,0.4999999999999999,0.3382233096721392
689,0.3076923076923077,0.4439834024896266,0.3787878787878789,0.0,0.5388888888888888,0.2495350506262631
690,0.3076923076923077,0.6016597510373445,0.2878787878787878,0.0,0.3,0.1510401397976982
691,0.3076923076923077,0.5601659751037346,0.3636363636363637,0.0,0.7777777777777777,0.1553138308211644
692,0.3076923076923077,0.7178423236514524,0.4545454545454546,0.0,0.3777777777777778,0.1474779454770762
693,0.3076923076923077,0.5809128630705396,0.3636363636363637,0.0,0.3777777777777778,0.1633166748433422
694,0.3076923076923077,0.5601659751037346,0.3333333333333333,0.0,0.3999999999999999,0.1281476716072425
695,0.3846153846153846,0.2157676348547718,0.5454545454545455,0.0,0.2388888888888888,0.2175018213074356
696,0.3846153846153846,0.2074688796680498,0.5303030303030304,0.0,0.1388888888888889,0.2157947379014161
697,0.3846153846153846,0.2821576763485477,0.5303030303030304,0.0,0.1,0.212944588522608
698,0.3846153846153846,0.1825726141078838,0.4545454545454547,0.0,0.1611111111111111,0.2186729380664899
699,0.3846153846153846,0.2406639004149378,0.4166666666666666,0.0,0.2388888888888888,0.2173297499359037
700,0.3846153846153846,0.1825726141078838,0.4545454545454547,0.0,0.261111111111111,0.2255423282184924
701,0.0769230769230769,0.1825726141078838,0.3787878787878789,1.0,0.1166666666666666,0.2021187087245643
702,0.3846153846153846,0.2282157676348548,0.4696969696969699,0.0,0.1611111111111111,0.2257594610500834
703,0.5384615384615385,0.1327800829875519,0.5757575757575759,0.0,0.1611111111111111,0.2212496798082809
704,0.3846153846153846,0.1825726141078838,0.3333333333333333,1.0,0.3,0.2221388454290863
705,0.3846153846153846,0.1825726141078838,0.3333333333333333,0.0,0.2166666666666666,0.2252240363366762
706,0.3846153846153846,0.1825726141078838,0.3712121212121211,0.0,0.2166666666666666,0.2451715273953524
707,0.3846153846153846,0.2157676348547718,0.5227272727272728,0.0,0.3,0.2270771789671813
708,0.3846153846153846,0.1825726141078838,0.5000000000000001,0.0,0.1777777777777777,0.2119097748565441
709,0.3846153846153846,0.1618257261410788,0.4772727272727273,0.0,0.1611111111111111,0.2192601368486969
710,0.3846153846153846,0.1825726141078838,0.5151515151515152,0.0,0.1777777777777777,0.2208116385308386
711,0.3846153846153846,0.2282157676348548,0.4166666666666666,0.0,0.2388888888888888,0.212710997902286
712,0.3846153846153846,0.2614107883817427,0.446969696969697,0.0,0.1777777777777777,0.1914395737815822
713,0.3846153846153846,0.1825726141078838,0.3560606060606062,1.0,0.1611111111111111,0.2040416788136693
714,0.3846153846153846,0.1825726141078838,0.3787878787878789,0.0,0.1611111111111111,0.2209830972818269
715,0.3846153846153846,0.1078838174273859,0.5303030303030304,0.0,0.1999999999999999,0.1796040286230933
716,0.3846153846153846,0.1825726141078838,0.3257575757575758,1.0,0.3166666666666666,0.1827979464026178
717,0.3846153846153846,0.1825726141078838,0.3484848484848486,0.0,0.1388888888888889,0.1895274065223444
718,0.3846153846153846,0.2157676348547718,0.4015151515151515,0.0,0.261111111111111,0.2227463204247125
719,0.3846153846153846,0.1825726141078838,0.446969696969697,0.0,0.1777777777777777,0.2148122661230849
720,0.3846153846153846,0.1742738589211618,0.5454545454545455,0.0,0.1388888888888889,0.2048563526304035
721,0.3846153846153846,0.2157676348547718,0.5681818181818183,0.0,0.1999999999999999,0.1640845163748707
722,0.3846153846153846,0.1825726141078838,0.3863636363636363,0.0,0.1777777777777777,0.135971824902871
723,0.3846153846153846,0.1825726141078838,0.4696969696969699,0.0,0.2777777777777777,0.1616350457213496
724,0.3846153846153846,0.2157676348547718,0.5833333333333335,0.0,0.2388888888888888,0.1280441095313641
725,0.3846153846153846,0.1078838174273859,0.5833333333333335,0.0,0.1611111111111111,0.0819087223406001
726,0.3846153846153846,0.1618257261410788,0.446969696969697,0.0,0.1388888888888889,0.1178606323965254
727,0.5384615384615385,0.1327800829875519,0.196969696969697,0.0,0.0777777777777777,0.2056927207145021
728,0.5384615384615385,0.0705394190871369,0.2272727272727273,0.0,0.0388888888888888,0.215586018480454
729,0.3846153846153846,0.1659751037344398,0.3333333333333333,0.0,0.061111111111111,0.1863368110311524
730,0.3846153846153846,0.1535269709543568,0.3030303030303031,0.0,0.0777777777777777,0.2069360643073081
731,0.3846153846153846,0.1825726141078838,0.2727272727272727,0.0,0.1,0.2235724140060867
732,0.3846153846153846,0.1825726141078838,0.3030303030303031,0.0,0.0166666666666666,0.2226624060122481
733,0.5384615384615385,0.0705394190871369,0.2424242424242424,0.0,0.0388888888888888,0.2390855740496372
734,0.5384615384615385,0.1908713692946058,0.2575757575757577,0.0,0.0777777777777777,0.236244653470773
735,0.5384615384615385,0.0414937759336099,0.2121212121212121,0.0,0.0777777777777777,0.2433675835706903
736,0.3846153846153846,0.1078838174273859,0.2424242424242424,0.0,0.061111111111111,0.2377825590255853
737,0.3846153846153846,0.1825726141078838,0.3333333333333333,0.0,0.1166666666666666,0.2376611453330869
738,0.5384615384615385,0.0871369294605809,0.1818181818181817,1.0,0.0777777777777777,0.2119214664176224
739,0.5384615384615385,0.1327800829875519,0.2121212121212121,0.0,0.0777777777777777,0.2640024229321705
740,0.3846153846153846,0.1825726141078838,0.2575757575757577,0.0,0.0166666666666666,0.3541760913284671
741,0.2307692307692307,0.1327800829875519,0.3030303030303031,0.0,0.0388888888888888,0.3297509168930888
742,0.3846153846153846,0.1825726141078838,0.3787878787878789,0.0,0.061111111111111,0.2830737405052855
743,0.5384615384615385,0.1327800829875519,0.3787878787878789,0.0,0.1,0.2787381008012938
744,0.5384615384615385,0.1327800829875519,0.2424242424242424,0.0,0.061111111111111,0.2726360892308424
745,0.5384615384615385,0.1327800829875519,0.2878787878787878,0.0,0.1,0.2744559874068765
746,0.5384615384615385,0.1327800829875519,0.4242424242424242,0.0,0.061111111111111,0.2735205496869312
747,0.5384615384615385,0.0705394190871369,0.393939393939394,0.0,0.0777777777777777,0.2848518211897401
748,0.3846153846153846,0.1825726141078838,0.2575757575757577,0.0,0.0388888888888888,0.2613102340768373
