,rain (mm),dewpoint_2m (°C),relativehumidity_2m (%),soil_temperature_28_to_100cm (°C),Yield (mt/ha)
0,0.3651255707762557,20.89923515981735,86.20045662100456,25.227020547945205,0.4520879120879121
1,0.2924429223744292,20.8562100456621,86.40399543378996,25.07466894977169,0.4933333333333333
2,0.3205601092896175,20.6640141165756,86.11122495446266,25.086202185792352,0.6257894736842106
3,0.4130821917808219,20.931312785388126,88.17157534246576,24.70076484018265,0.64130081300813
4,0.3914269406392694,20.990673515981733,88.40114155251142,24.679965753424657,0.669609375
5,0.4176141552511416,21.116278538812782,88.1398401826484,24.924566210045665,0.7166176470588235
6,0.4792805100182149,21.0845514571949,88.93966302367942,24.67290528233151,0.7932167832167832
7,0.3607648401826484,20.78318493150685,87.11210045662101,24.721826484018266,0.8332026143790849
8,0.3533333333333333,21.03824200913242,84.42214611872146,26.01801369863013,0.8228758169934641
9,0.5214155251141553,21.09251141552512,88.90970319634704,24.68159817351598,0.834375
10,0.4483606557377049,21.16392304189436,88.71220400728598,24.768886612021856,0.8895625
11,0.4100228310502283,21.1827397260274,88.58356164383562,24.83937214611872,0.9545398773006136
12,0.3467237442922374,20.985091324200912,87.34646118721462,24.821438356164386,0.8134763948497854
13,0.3967351598173516,20.99579908675799,87.64942922374429,24.89420091324201,0.823991416309013
14,0.340459927140255,21.107912112932603,88.06215846994536,24.808151183970853,0.7494822888283379
15,0.3961073059360731,20.922054794520548,86.75342465753425,25.051118721461187,0.7914092140921408
16,0.3923173515981735,21.215011415525115,88.33630136986301,24.79670091324201,0.8332207792207793
17,0.4311529680365297,21.233527397260275,88.23333333333333,24.936232876712328,0.880975
18,0.4697404371584699,21.18566712204008,88.87613843351548,24.765050091074684,0.9229756097560976
19,0.4636643835616438,21.287842465753425,88.7851598173516,24.786392694063924,0.972819277108434
20,0.4354566210045662,21.372237442922373,87.50833333333334,25.309863013698628,0.9666190476190476
21,0.5505365296803653,21.29126712328767,89.2763698630137,24.69114155251141,0.960415512465374
22,0.4836293260473588,21.264093806921675,88.6120218579235,24.83158014571949,0.9517260273972604
23,0.4897602739726027,21.3381392694064,88.79292237442922,24.8328196347032,0.9582191780821918
24,0.4467465753424657,21.13239726027397,88.64748858447489,24.6427397260274,0.9988648648648648
25,0.3509246575342465,21.06013698630137,87.02865296803652,24.965605022831053,1.0397297297297297
26,0.4319785974499089,21.40510018214936,86.56045081967213,25.588274134790527,0.7724867724867724
27,0.528310502283105,21.517568493150684,88.87625570776255,25.039086757990862,0.4756935817805383
28,0.4123059360730594,21.37982876712329,87.64566210045662,25.174600456621004,0.4885714285714285
29,0.3113356164383561,20.99704337899544,85.47191780821917,25.258961187214613,0.4649596774193548
30,0.4806693989071038,21.34362477231329,86.71892076502732,25.4235883424408,0.512686274509804
31,0.5442237442922374,21.49214611872146,88.82111872146119,25.00587899543379,0.4067120622568093
32,0.563716814159292,21.494776302851523,88.92453294001966,24.943018682399213,0.0
33,0.2778082191780822,21.456278538812786,83.29509132420091,26.5088698630137,0.6759615384615385
34,0.2370091324200913,21.372248858447488,83.51095890410959,26.36195205479452,0.6708176100628931
35,0.2482126593806922,21.3333674863388,83.68693078324226,26.336703096539164,0.6622292993630573
36,0.3026940639269406,21.55218036529681,85.59509132420091,25.81904109589041,0.6794904458598726
37,0.3026369863013698,21.6104794520548,86.15787671232877,25.68543378995433,0.6754430379746835
38,0.3444406392694064,21.6830593607306,85.59223744292237,26.01051369863013,0.7001898734177215
39,0.3515596539162113,21.678187613843352,86.48998178506375,25.63153460837887,0.6296078431372549
40,0.2854566210045662,21.450730593607304,85.27111872146119,25.677682648401827,0.7008441558441559
41,0.2650684931506849,21.7425,82.76027397260275,27.188093607305937,0.6872549019607843
42,0.4095091324200913,21.746381278538813,87.38538812785389,25.547374429223744,0.6899342105263159
43,0.3714025500910747,21.837739071038254,87.42725409836065,25.592395264116576,0.6992307692307692
44,0.3340296803652968,21.828607305936075,86.91837899543378,25.684315068493152,0.7593382352941176
45,0.2908219178082191,21.53602739726028,84.53915525114155,25.944349315068493,0.7048148148148149
46,0.3446232876712329,21.541997716894976,84.76358447488585,26.04704337899544,0.6591111111111111
47,0.2920765027322404,21.69614071038251,85.49521857923497,25.83835382513661,0.681259842519685
48,0.3497602739726027,21.58673515981735,84.78230593607306,26.13095890410959,0.6859349593495936
49,0.3229908675799087,21.807408675799085,86.26506849315068,25.680844748858448,0.6615254237288136
50,0.3463812785388128,21.7953196347032,85.87922374429223,25.90724885844749,0.5974285714285714
51,0.3732126593806922,21.80457650273224,87.08230874316939,25.61057604735884,0.6354022988505748
52,0.3770776255707762,21.90945205479452,86.77260273972603,25.66386986301369,0.6864516129032259
53,0.3272716894977169,21.903150684931507,84.66438356164383,26.34328767123288,0.5617647058823529
54,0.4379109589041096,21.92740867579909,87.63424657534246,25.54965753424657,0.571388888888889
55,0.40492941712204,21.92455601092896,87.21265938069217,25.67478369763206,0.5916666666666667
56,0.400079908675799,21.904954337899543,86.47454337899543,25.71192922374429,0.691764705882353
57,0.3718607305936073,21.67655251141553,85.65262557077625,25.637020547945205,0.6678571428571428
58,0.2734474885844749,21.53094748858448,83.78972602739726,26.08285388127853,0.6378571428571428
59,0.3545195810564663,21.962841530054646,83.65266393442623,26.80966530054645,0.515
60,0.4293493150684931,22.083390410958906,86.68127853881279,25.87519406392694,0.4302884615384615
61,0.3309474885844748,21.99466894977169,85.71472602739726,26.01103881278539,0.5076190476190476
62,0.2489383561643835,21.62719178082192,83.29189497716895,26.39899543378996,0.4064
63,0.3421334244080146,21.79072176684882,83.49464936247723,26.617736794171226,0.2673809523809524
64,0.4632077625570776,22.000513698630137,86.19429223744292,25.830125570776254,0.3757142857142857
65,0.4423180924287119,21.96842428711897,86.25934119960668,25.80229842674533,0.0
66,0.257568493150685,23.61553652968037,81.19052511415525,29.659155251141552,0.0
67,0.2293264840182648,23.49856164383561,81.12625570776255,29.62450913242009,0.0
68,0.2220969945355191,23.45777550091075,81.36771402550092,29.573235428051,0.0
69,0.2685388127853881,23.54883561643836,82.15787671232877,29.21663242009133,0.0
70,0.2886986301369863,23.570456621004567,82.3167808219178,29.00730593607306,0.0
71,0.3514383561643835,23.659794520547944,82.15490867579909,29.387157534246576,0.0
72,0.3535405282331512,23.596846539162115,82.53494990892531,28.863000910746813,0.0
73,0.2638584474885845,23.420433789954338,81.27591324200914,29.03509132420092,0.0
74,0.2858561643835616,23.90615296803653,81.0425799086758,30.28231735159817,0.0
75,0.4196575342465753,23.637568493150685,83.07043378995434,28.70341324200913,0.0
76,0.3861566484517304,23.746322859745,83.18237704918033,28.79076730418944,0.640377358490566
77,0.3324771689497717,23.75723744292237,82.83367579908676,28.913504566210044,0.670188679245283
78,0.2611301369863014,23.547214611872143,81.07248858447488,29.2810502283105,0.5820524946795933
79,0.3147945205479452,23.55601598173516,81.45102739726028,29.3938698630137,0.6441239063608418
80,0.2554189435336976,23.698224043715847,82.08162568306011,29.19639116575592,0.6942539607472216
81,0.3524771689497716,23.581746575342468,81.32922374429224,29.439623287671232,0.6915118478139949
82,0.31,23.79124429223744,82.66278538812786,28.90664383561644,0.7409995262908574
83,0.3685159817351598,23.75554794520548,82.02477168949771,29.20980593607306,0.7324390243902439
84,0.3736680327868852,23.6932718579235,82.75739981785064,28.808321948998177,0.7539024390243902
85,0.3468150684931507,23.843002283105022,82.55114155251141,28.933527397260274,0.7370731707317073
86,0.3374543378995434,23.912305936073057,81.34680365296803,29.726301369863013,0.7367073170731707
87,0.4499543378995433,23.80543378995434,83.29155251141553,28.71688356164384,0.6591463414634146
88,0.3995787795992714,23.818203551912568,82.79656193078324,28.875,0.8160810810810811
89,0.4210273972602739,23.83165525114155,82.40559360730593,28.89922374429224,1.0878
90,0.3332876712328767,23.60228310502283,81.43801369863014,29.00349315068493,1.0142
91,0.2810159817351598,23.614794520547942,81.06038812785388,29.33828767123288,0.8735483870967742
92,0.346641621129326,24.071379781420767,81.19774590163935,30.10004553734062,0.8604838709677419
93,0.4204566210045662,23.984132420091324,82.57340182648402,29.0698401826484,0.8420967741935484
94,0.3043036529680365,23.921666666666667,81.38447488584475,29.340102739726024,0.8475806451612903
95,0.2572146118721461,23.742956621004566,80.6013698630137,29.64095890410959,0.8447619047619047
96,0.3435450819672131,23.985382513661204,80.53620218579235,29.90157103825137,0.87890625
97,0.4270547945205479,24.02618721461187,81.36929223744292,29.206107305936072,0.80796875
98,0.4470870206489675,23.978343166175023,81.41752704031465,29.197750737463124,0.0
99,0.2361529680365296,23.96122146118721,82.83413242009132,30.20478310502284,0.7
100,0.1630479452054794,23.850536529680365,82.5263698630137,30.54708904109589,0.65
101,0.1944672131147541,23.70733151183971,81.95002276867031,30.77980418943533,0.7000000000000001
102,0.2264383561643835,23.81672374429224,83.2337899543379,29.876712328767123,0.65
103,0.2662671232876712,23.89601598173516,83.65650684931506,29.488150684931508,0.699787226856699
104,0.2813013698630137,23.98417808219178,83.98949771689497,29.753276255707764,0.75
105,0.2969489981785064,23.89689207650273,84.27128870673953,29.037192622950823,0.8602530155928214
106,0.1826255707762557,23.721598173515986,82.32842465753424,29.735890410958906,0.9
107,0.2487100456621004,24.14070776255708,82.23915525114155,31.171849315068496,0.85
108,0.3624086757990867,23.924246575342465,84.75319634703196,28.67045662100457,0.7
109,0.3074795081967213,24.01961520947177,84.58765938069217,28.827356557377048,0.7
110,0.3014840182648401,24.0629794520548,84.50753424657535,28.92415525114156,0.8
111,0.197579908675799,23.86871004566209,82.34760273972603,29.86380136986301,1.446375
112,0.2446575342465753,23.88576484018265,83.08550228310503,30.100970319634705,1.19125
113,0.1999772313296903,23.97241575591985,83.4509335154827,29.833048724954462,1.228235294117647
114,0.2827054794520548,23.93434931506849,83.23230593607306,30.089132420091325,1.7228571428571429
115,0.2473173515981735,24.080091324200914,84.00890410958904,29.160102739726028,1.708157894736842
116,0.3027054794520548,24.074452054794524,84.05776255707762,29.41842465753425,1.4223684210526315
117,0.3270491803278689,24.00706967213115,84.86999089253187,28.73217213114754,1.391315789473684
118,0.2568036529680365,24.20267123287671,84.42933789954338,28.9860502283105,1.5261764705882352
119,0.301837899543379,24.23964611872146,83.23458904109589,30.098162100456623,1.5
120,0.3963584474885844,24.126438356164385,85.27579908675798,28.647762557077623,1.2597058823529412
121,0.3137750455373406,24.13941256830601,84.67292805100182,28.83459699453552,0.8538235294117648
122,0.3597488584474886,24.175262557077623,84.54406392694064,28.89972602739726,0.9625
123,0.2683789954337899,23.98485159817352,83.53230593607306,29.261312785388128,1.145
124,0.2145776255707762,23.94391552511416,82.3802511415525,29.970102739726023,0.8028571428571428
125,0.3046903460837887,24.41626821493625,83.0620446265938,30.60187841530055,0.7910714285714285
126,0.3680479452054794,24.308858447488586,84.51563926940639,29.08881278538813,0.7760714285714286
127,0.2394178082191781,24.30219178082192,83.52591324200914,29.510228310502285,0.7333333333333333
128,0.2153538812785388,24.081780821917807,81.6337899543379,30.52267123287671,0.6029411764705882
129,0.3392645719489982,24.275774134790527,82.26923952641165,30.22760701275045,0.6070588235294118
130,0.3476712328767123,24.31410958904109,83.64383561643835,29.13880136986301,0.6797222222222222
131,0.3913470993117011,24.26289331366765,83.62008357915438,29.15632989183874,0.0
132,0.2853767123287671,17.304440639269405,85.54874429223744,21.49352739726028,0.4541460163111669
133,0.2533904109589041,17.31747716894977,86.64600456621005,21.274360730593607,0.4532504705144291
134,0.2809881602914389,16.883071493624772,84.34164389799636,21.489776867030965,0.4297413522012579
135,0.3245776255707763,17.445171232876714,88.12705479452055,21.060673515981737,0.4207534408179316
136,0.2826598173515982,17.380262557077625,87.63550228310503,21.0796803652968,0.42
137,0.4005593607305936,17.642990867579908,88.125,21.268150684931506,0.4180601668492458
138,0.3834585610200364,17.73237704918033,89.39332877959927,21.048804644808744,0.4160723017813482
139,0.3311301369863013,17.469303652968037,88.45456621004566,21.0031392694064,0.4
140,0.3203424657534246,17.249954337899545,82.82602739726028,22.33898401826484,0.400189723320158
141,0.4722716894977169,17.727659817351597,90.01004566210045,20.939566210045665,0.4011620553359683
142,0.4019125683060109,17.671516393442623,89.50398451730419,20.91062158469945,0.4015248133509003
143,0.3561187214611872,17.69470319634703,89.28915525114155,20.98270547945205,0.4386
144,0.2920433789954338,17.50986301369863,87.81803652968037,21.096792237442923,0.4577857142857143
145,0.3686187214611872,17.716141552511417,88.96335616438355,21.148310502283103,0.44656
146,0.2913934426229508,17.67337204007286,88.41746357012751,21.17957650273224,0.4457561904761904
147,0.3518264840182648,17.66320776255708,88.53801369863014,21.20697488584475,0.4467712918660287
148,0.3265525114155251,17.665867579908674,88.49383561643836,21.10293378995434,0.4726507177033492
149,0.3684360730593607,17.81861872146119,88.96586757990868,21.211952054794523,0.4741626794258373
150,0.4147199453551912,17.69219034608379,89.33822859744991,20.987397540983604,0.4665071770334928
151,0.4005593607305936,17.778093607305937,88.93778538812785,21.08889269406393,0.4473684210526316
152,0.3264497716894977,17.909851598173514,87.83287671232877,21.579646118721463,0.5122222222222222
153,0.4572945205479452,17.979920091324203,90.3675799086758,21.008561643835616,0.505
154,0.4024248633879781,17.798554189435336,88.90107012750455,21.09389799635701,0.4366666666666666
155,0.415810502283105,17.987899543378994,89.47283105022831,21.206883561643835,0.4522222222222222
156,0.4021118721461187,17.89829908675799,89.91974885844749,21.05067351598173,0.4652222222222222
157,0.3197831050228311,17.76304794520548,88.08253424657535,21.32560502283105,0.4681111111111111
158,0.3494877049180327,17.917042349726774,86.23007741347905,21.988353825136613,0.4863333333333333
159,0.4803881278538812,18.25738584474886,90.1464611872146,21.33680365296804,0.4978888888888889
160,0.3148401826484018,17.860707762557077,88.17659817351598,21.409486301369864,0.5086444444444445
161,0.2993378995433789,17.668333333333333,86.63561643835617,21.5585502283105,0.5193777777777777
162,0.385985883424408,18.216791894353367,87.46789617486338,21.95733151183971,0.4917517491491752
163,0.4767465753424658,18.32805936073059,89.66301369863014,21.528310502283105,0.5597080373001777
164,0.4962512291052114,18.368780727630284,89.97123893805309,21.43228859390364,0.0
165,0.1413356164383561,23.67134703196347,82.18219178082192,28.228013698630136,2.148085106382979
166,0.0969406392694064,23.497682648401828,81.37134703196347,28.349440639269407,1.8130708661417323
167,0.1003870673952641,23.309915755919853,80.22654826958106,28.73175091074681,1.7611199999999998
168,0.2044406392694064,23.56076484018265,81.5466894977169,28.190376712328767,1.6081666666666663
169,0.1876027397260274,23.575936073059363,81.83915525114155,27.8703196347032,1.00768
170,0.1902853881278539,23.69485159817352,82.15821917808219,28.197888127853883,1.3932496075353218
171,0.2577641165755919,23.66999089253188,82.49112021857924,27.74921448087432,2.31127331862763
172,0.1415753424657534,23.42720319634703,81.23641552511415,27.9321803652968,2.03221586263287
173,0.1046461187214611,23.82687214611872,80.3541095890411,29.06433789954338,2.026181818181818
174,0.2583561643835616,23.651244292237443,81.77191780821917,27.78328767123288,1.7375510204081632
175,0.2290642076502732,23.72241575591985,81.55851548269581,27.855498633879783,1.2419565217391304
176,0.2356164383561644,23.770821917808217,81.8708904109589,27.94051369863013,1.4706666666666666
177,0.1840525114155251,23.57880136986301,81.67203196347032,27.74453196347032,0.83725
178,0.2439383561643835,23.671780821917807,82.57716894977169,27.858744292237443,0.821388888888889
179,0.166905737704918,23.76827185792349,82.36760018214936,27.859744990892533,0.8152941176470588
180,0.211107305936073,23.65146118721461,81.7898401826484,28.049805936073057,0.6990243902439024
181,0.1778196347031963,23.76952054794521,81.51449771689498,27.99542237442922,0.6419178082191781
182,0.1993036529680365,23.76275114155252,81.38424657534246,28.23035388127854,0.63375
183,0.2227459016393442,23.71326275045537,81.82081056466302,27.86444672131148,0.6006451612903226
184,0.2476940639269406,23.792477168949773,81.79646118721462,28.00996575342465,0.5331034482758621
185,0.1670890410958904,23.955776255707764,81.34383561643835,28.475673515981736,0.4865384615384615
186,0.293162100456621,23.836826484018264,82.80456621004566,27.626278538812787,0.4264
187,0.1546903460837887,23.749521857923497,81.43214936247723,28.090892531876136,0.3752173913043478
188,0.2272146118721461,23.842979452054795,81.89006849315068,27.92704337899543,0.3622222222222222
189,0.4038356164383561,23.70236301369863,82.32454337899543,27.585753424657536,0.3336363636363636
190,0.1852168949771689,23.668458904109592,81.63162100456621,27.987020547945203,0.3247058823529412
191,0.1684312386156648,24.095241347905283,81.65482695810564,28.592816484517304,0.2395238095238095
192,0.2805365296803653,24.10510273972603,82.77705479452055,27.88559360730593,0.2336585365853658
193,0.1889497716894977,23.932397260273973,81.18116438356165,28.301712328767124,0.2278947368421052
194,0.1357648401826484,23.65203196347032,80.1593607305936,28.49267123287671,0.2222222222222222
195,0.1881261384335154,24.00792349726776,81.71482240437159,28.481853369763208,0.2012195121951219
196,0.3082990867579908,23.97924657534247,81.85456621004566,28.01697488584475,0.209095951192457
197,0.2729351032448378,23.974569813176007,82.07890855457227,27.77745821042281,0.0
198,0.2917465753424657,20.33568493150685,82.2236301369863,25.012614155251143,0.204188679245283
199,0.2620433789954338,20.26082191780822,82.36438356164383,24.82562785388128,0.2000499999999999
200,0.257035519125683,20.00159380692168,80.96436703096539,25.09093806921676,0.19735
201,0.3303538812785388,20.49624429223744,84.32020547945206,24.65361872146119,0.1982
202,0.2996461187214612,20.392568493150684,84.27294520547945,24.544212328767124,0.1998421052631578
203,0.346324200913242,20.534406392694063,83.58493150684932,24.886952054794524,0.2023157894736842
204,0.4072062841530054,20.72453324225865,86.01411657559198,24.58197859744991,0.4007446808510638
205,0.2839155251141552,20.508744292237445,84.36735159817351,24.64093607305936,0.3202127659574468
206,0.2556506849315068,20.131655251141552,78.32442922374429,26.15695205479452,0.3145744680851063
207,0.4079337899543379,20.7807191780822,87.57945205479452,24.47656392694064,0.68245
208,0.3872153916211293,20.78703324225865,87.1245446265938,24.465744535519125,0.4862190812720848
209,0.3706050228310502,20.782990867579908,86.31917808219178,24.5474200913242,0.5119081272084806
210,0.3105479452054794,20.51461187214612,83.71267123287672,24.69358447488584,0.4129722222222222
211,0.385445205479452,20.70743150684932,84.85114155251142,24.718687214611872,0.4132394366197183
212,0.3240209471766848,20.757912112932605,85.08811475409836,24.71475409836065,0.4116056338028169
213,0.3784018264840182,20.66882420091324,84.23698630136987,24.84681506849315,0.2671728395061728
214,0.334486301369863,20.645867579908675,84.70764840182649,24.57404109589041,0.2633456790123457
215,0.3812100456621005,20.735,84.5818493150685,24.76585616438356,0.2796913580246913
216,0.3815573770491803,20.674419398907105,85.52493169398907,24.52990664845173,0.2793017456359102
217,0.427865296803653,20.916906392694063,86.2568493150685,24.60818493150685,0.2860349127182044
218,0.2945091324200913,20.682248858447487,81.80764840182648,25.26208904109589,0.2788029925187032
219,0.4235045662100457,20.98059360730593,87.37054794520547,24.508561643835616,0.2660598503740648
220,0.4259107468123861,20.77801684881603,86.04496812386157,24.51524362477232,0.2518703241895262
221,0.4503652968036529,20.95920091324201,86.71940639269407,24.608812785388128,0.2430922693266833
222,0.415,20.967534246575344,86.67545662100457,24.61913242009133,0.2520987654320987
223,0.3777511415525114,20.720947488584475,84.37260273972603,24.84610730593608,0.2484049079754601
224,0.3687044626593806,20.807741347905285,81.89367030965391,25.55379098360656,0.2620588235294118
225,0.4479680365296803,21.267933789954338,87.30285388127854,24.83168949771689,0.2743529411764706
226,0.3375456621004566,20.97140410958904,84.72659817351598,25.003481735159816,0.2723922902494331
227,0.3020205479452054,20.670296803652967,82.8574200913242,25.02913242009133,0.2916610169491525
228,0.3780623861566484,20.96848816029144,83.57445355191257,25.327242714025505,0.3033707865168539
229,0.4244063926940639,21.1437100456621,86.46232876712328,24.870890410958904,0.3146629213483146
230,0.4621312684365782,21.095366273353,86.20452310717798,24.8382005899705,0.0
231,0.2619977168949771,20.2578196347032,86.00251141552512,24.394337899543377,0.0887931034482758
232,0.2067579908675799,20.243949771689497,86.32888127853882,24.196495433789952,0.0637068965517241
233,0.2239071038251366,19.876616575591985,84.51821493624772,24.45396174863388,0.0613793103448275
234,0.2854908675799087,20.27405251141553,87.3337899543379,23.938698630136987,0.0953913043478261
235,0.2772374429223744,20.34196347031964,88.03047945205479,23.85678082191781,0.0953913043478261
236,0.341541095890411,20.501164383561644,87.65502283105023,24.151244292237443,0.0874561403508772
237,0.4075250455373406,20.466564207650272,88.56352459016394,23.833435792349725,0.086578947368421
238,0.2572488584474885,20.18052511415525,87.11723744292237,23.86163242009132,0.0785087719298245
239,0.3334931506849315,20.32787671232877,83.76723744292238,25.19859589041096,0.0769
240,0.4765182648401826,20.467568493150683,88.97191780821917,23.791666666666668,0.0545
241,0.4437272313296903,20.5126252276867,88.38035063752277,23.88897996357013,0.065360824742268
242,0.3252397260273972,20.524452054794523,88.30205479452054,23.946666666666665,0.0550515463917525
243,0.2629337899543379,20.34942922374429,87.32420091324201,23.92934931506849,0.0428865979381443
244,0.301689497716895,20.3501598173516,87.2816210045662,24.084269406392696,0.0365979381443298
245,0.2623747723132968,20.420935792349727,87.33276411657559,24.04460382513661,0.0347777777777777
246,0.3449200913242009,20.30640410958904,86.60045662100457,24.251198630136987,0.0431428571428571
247,0.3059360730593607,20.48414383561644,87.59075342465754,24.007625570776256,0.0417142857142857
248,0.3665296803652968,20.55969178082192,87.85593607305935,24.10065068493151,0.0413432835820895
249,0.4247267759562841,20.52408925318761,88.48258196721312,23.894512750455373,0.0783783783783783
250,0.3580479452054794,20.62820776255708,88.66221461187214,23.92093607305936,0.0854054054054054
251,0.3912214611872146,20.7375,86.84474885844749,24.56769406392694,0.1013513513513513
252,0.4416666666666666,20.65480593607306,89.3115296803653,23.78898401826484,0.1145945945945946
253,0.3916780510018215,20.58892304189436,88.49886156648452,23.927766393442624,0.1324324324324324
254,0.4059360730593607,20.68646118721461,88.45799086757991,24.013641552511416,0.1672972972972973
255,0.3807648401826484,20.457488584474888,88.20673515981736,23.807454337899543,0.2062162162162162
256,0.2533447488584475,20.28654109589041,86.05034246575343,24.23303652968037,0.2410810810810811
257,0.3252504553734062,20.681420765027323,85.62067395264117,24.86986566484517,0.2405405405405405
258,0.4477283105022831,20.84439497716895,88.55844748858448,24.15304794520548,0.2371794871794871
259,0.2870319634703196,20.672134703196345,87.3804794520548,24.281335616438355,0.233
260,0.2411986301369863,20.287100456621005,85.25993150684931,24.41223744292237,0.1909090909090909
261,0.371379781420765,20.635348360655737,86.15664845173042,24.662978142076504,0.21875
262,0.4324200913242009,20.79271689497717,88.49486301369863,24.130947488584475,0.256875
263,0.5208087512291052,20.78113323500492,88.64712389380531,24.05667404129793,0.0
264,0.1941894977168949,24.79353881278539,85.52248858447489,27.259817351598173,0.6567558239861949
265,0.1490296803652968,24.86140410958904,85.80810502283104,27.20480593607306,0.8209490940465919
266,0.1570469034608378,24.608526867030964,84.65232240437159,27.31943306010929,0.821025886864813
267,0.2279908675799087,24.816746575342467,86.00308219178082,27.0537899543379,0.8216417910447762
268,0.2004223744292237,24.80857305936073,85.9296803652968,27.177614155251145,0.7394669509594882
269,0.2825114155251141,24.83020547945205,86.98755707762557,27.12708904109589,0.8213947368421053
270,0.3354166666666667,24.758333333333336,86.8690801457195,27.08252504553734,0.8214035087719299
271,0.2043949771689497,24.54712328767123,85.66609589041096,27.079166666666666,0.7385380116959065
272,0.2161986301369863,24.979326484018262,84.85079908675799,27.729166666666668,0.8214024390243903
273,0.3577511415525114,24.73493150684932,86.45296803652968,27.0903196347032,0.8213846153846153
274,0.302037795992714,24.90239071038252,86.21459471766849,27.153973132969035,0.8213846153846153
275,0.2301712328767123,24.995376712328767,85.76963470319635,27.19728310502284,0.8101288659793814
276,0.1953767123287671,25.049326484018263,85.83470319634704,27.16535388127853,0.8267435897435897
277,0.25662100456621,25.12599315068493,86.7189497716895,27.13078767123288,0.8794102564102565
278,0.1885359744990892,25.18941256830601,86.23201275045537,27.25997267759563,0.8192820512820512
279,0.2392123287671232,25.17777397260274,85.92465753424658,27.24964611872146,0.787948717948718
280,0.2023858447488584,25.238344748858445,85.01301369863013,27.343881278538813,0.7793076923076924
281,0.2476141552511415,25.2606392694064,85.24554794520547,27.344406392694065,0.7976756756756757
282,0.2929986338797814,25.147836976320583,85.26593806921676,27.22818761384335,0.8064102564102564
283,0.3027625570776255,25.171061643835618,84.67351598173516,27.337294520547943,0.8822820512820512
284,0.3019406392694064,25.52641552511416,86.04383561643836,27.72923515981736,0.9333333333333332
285,0.3406278538812785,25.27595890410959,85.55114155251141,27.24657534246576,0.8979746835443038
286,0.2721880692167577,25.291211293260474,85.19193989071039,27.32700364298725,0.5966386554621849
287,0.3015867579908676,25.457534246575342,85.55993150684931,27.373173515981737,0.6362016806722689
288,0.3157762557077625,25.248299086757992,85.56518264840183,27.22205479452055,0.6163712374581939
289,0.1869063926940639,25.166792237442923,83.74691780821918,27.72485159817352,0.6185483870967742
290,0.2176457194899818,25.475648907103825,84.12295081967213,27.86968351548269,0.6270096463022508
291,0.3539611872146118,25.446278538812784,85.37739726027397,27.56533105022831,0.65
292,0.2090068493150685,25.20981735159817,83.82043378995434,27.653470319634703,0.6457936507936508
293,0.1678652968036529,24.93090182648402,82.47283105022831,27.709098173515983,0.6537301587301587
294,0.3232012750455373,25.36395719489981,84.73941256830601,27.749510473588344,0.6572380952380953
295,0.3439954337899543,25.28336757990868,84.09828767123288,27.65433789954338,0.6545555555555556
296,0.3617994100294985,25.387868731563422,84.47295968534907,27.54092920353982,0.0
297,0.3614269406392694,20.8088698630137,85.78356164383561,24.5122602739726,0.0
298,0.4069863013698629,20.746164383561645,86.05171232876712,24.36244292237443,0.0
299,0.3782445355191257,20.49050546448088,84.5959699453552,24.45182149362477,0.0
300,0.4840867579908676,20.83172374429224,87.26769406392694,24.21989726027397,0.0
301,0.3773173515981735,20.72922374429224,85.83675799086758,24.413858447488582,0.0
302,0.5729109589041096,21.031038812785383,88.5865296803653,24.23533105022831,0.0
303,0.628620218579235,21.03986794171221,88.5846994535519,24.27602459016393,0.0
304,0.4704109589041096,20.76267123287672,86.71449771689498,24.24586757990868,0.0
305,0.6298173515981735,21.06431506849315,86.73744292237443,24.72625570776256,0.0
306,0.6402651706953,21.066940639269404,89.66244292237442,24.096449771689496,0.9671274467159634
307,0.6402651706953,21.093647540983607,89.11293260473589,24.13344717668488,1.1295854077253218
308,0.5047374429223744,21.08349315068493,87.7033105022831,24.38028538812785,1.2327512864493997
309,0.4110958904109589,20.87527397260273,86.72111872146118,24.31851598173516,1.1545608919382504
310,0.5427397260273972,20.99271689497717,87.625799086758,24.301198630136987,1.1311166941003206
311,0.4371470856102004,20.9933970856102,86.21140710382514,24.54966985428051,0.9890532441587768
312,0.58162100456621,21.015662100456623,87.43150684931507,24.427066210045663,1.018990860624524
313,0.5153310502283105,21.03982876712329,86.98824200913242,24.410890410958903,1.040053979782118
314,0.5875114155251142,21.135650684931505,87.87271689497717,24.42942922374429,0.9951479230999104
315,0.6402651706953,21.089321493624773,88.93602003642987,24.23385701275045,1.0038997908158185
316,0.563093607305936,21.116940639269405,86.55228310502284,24.5177397260274,1.008201016037454
317,0.6402651706953,21.30779680365297,88.65479452054795,24.537248858447487,0.9976487562189056
318,0.6296689497716894,21.224121004566207,88.95867579908676,24.28826484018265,0.851908
319,0.6139685792349727,21.136737249544627,87.72848360655738,24.401707650273224,0.7529879396984924
320,0.6402651706953,21.24689497716895,88.38116438356164,24.398013698630137,0.2507559098405717
321,0.5353082191780822,21.18222602739726,87.84726027397261,24.42391552511416,0.184055571147909
322,0.4491780821917808,21.02980593607306,86.76506849315068,24.554703196347035,0.2725109649122807
323,0.5751821493624771,21.401263661202183,86.84995446265938,24.903904826958104,0.2737268466860075
324,0.6402651706953,21.534965753424657,89.25696347031963,24.55187214611872,0.2625480543834974
325,0.4468835616438356,21.21638127853881,85.6222602739726,24.90262557077625,0.2721353313041442
326,0.4503310502283105,21.02126712328767,85.50502283105023,24.758424657534245,0.2732357761648326
327,0.63158014571949,21.560872040072866,88.52037795992715,24.790562386156648,0.2677077967689066
328,0.6402651706953,21.54511415525114,88.41506849315068,24.742465753424657,0.2369187543900726
329,0.6402651706953,21.498824200913244,89.21084474885845,24.518196347031964,0.0
330,0.2975570776255707,19.868972602739728,84.18070776255708,24.4154794520548,0.9542565146579804
331,0.2770776255707762,19.821780821917805,84.70650684931506,24.11558219178082,0.9768324649951156
332,0.2518442622950819,19.345582877959927,81.62659380692168,24.559915755919853,0.9763924153645832
333,0.3506164383561644,19.924600456621004,85.45422374429224,24.090970319634703,0.9631919044135576
334,0.2908561643835616,19.862968036529683,85.36107305936073,24.06747716894977,1.03343567251462
335,0.3783219178082191,20.109360730593608,85.96107305936073,24.22529680365297,1.043720139282533
336,0.4106898907103825,20.1254553734062,86.62408925318762,24.16608606557377,1.0183319831497084
337,0.3415867579908676,19.859235159817352,85.04737442922375,24.11840182648402,0.968072733098366
338,0.2989497716894977,19.90148401826484,82.0667808219178,25.08165525114155,0.944891861582826
339,0.451175799086758,20.15962328767123,87.55445205479452,23.99918949771689,0.9875702479338844
340,0.41150956284153,20.21308060109289,87.57274590163935,23.986202185792347,1.0879802955665026
341,0.3502283105022831,20.198938356164383,86.67922374429224,24.11146118721461,1.0701610305958134
342,0.2924543378995434,19.960890410958903,85.08036529680365,24.136666666666667,1.044944
343,0.3830479452054794,20.16062785388128,86.06221461187215,24.16834474885845,1.0840350877192984
344,0.2996812386156648,20.09961293260473,85.0561247723133,24.319615209471767,1.0777129337539433
345,0.3373515981735159,20.02259132420092,84.6892694063927,24.351883561643834,1.0651282051282052
346,0.3389155251141552,20.151929223744293,85.86769406392695,24.15538812785388,1.045718954248366
347,0.3917123287671233,20.20441780821918,85.79714611872146,24.26955479452055,1.0473745819397997
348,0.4182718579234972,20.18469945355191,86.88991347905282,24.10573770491803,1.0406292517006803
349,0.4098059360730594,20.25941780821918,86.2574200913242,24.187283105022832,1.0253424657534245
350,0.3557534246575342,20.3139497716895,85.15342465753425,24.51624429223744,1.036310344827586
351,0.4490867579908675,20.366038812785387,87.6810502283105,24.082534246575342,1.0402218430034131
352,0.4014913479052823,20.25900500910747,86.88000910746813,24.08101092896175,1.0381725888324873
353,0.4323972602739726,20.377100456621005,87.01894977168949,24.14246575342466,1.0085953177257525
354,0.4198173515981735,20.26228310502283,86.1654109589041,24.22300228310502,0.9617924528301888
355,0.3179794520547945,20.08171232876712,84.99783105022831,24.380045662100457,0.9668118195956452
356,0.3629667577413479,20.32386156648452,83.69649362477232,24.92592213114754,0.9654896142433236
357,0.5215753424657534,20.620353881278536,87.13595890410959,24.389292237442923,0.9621726618705037
358,0.3226712328767123,20.27196347031964,84.56575342465753,24.54280821917808,0.9626609442060086
359,0.3217922374429224,20.020342465753423,83.52865296803652,24.49679223744292,0.9979224976195286
360,0.3769808743169399,20.370628415300548,83.92133424408014,24.86316029143898,0.979304347826087
361,0.4981164383561643,20.537454337899543,86.34155251141553,24.4762100456621,0.9492375366568916
362,0.4810502283105022,20.51852739726027,86.76061643835617,24.30841324200913,0.0
363,0.2100228310502283,21.41049086757991,82.80936073059361,26.179828767123286,1.4149492242595203
364,0.1692123287671232,21.31650684931507,82.8925799086758,25.88651826484018,1.355104667609618
365,0.1896516393442623,21.03802367941712,81.34767759562841,26.28993624772313,1.3750285714285717
366,0.2595776255707763,21.506004566210045,84.83584474885845,25.599246575342463,1.3027064150943397
367,0.1973059360730593,21.45490867579909,84.08276255707763,25.718664383561645,1.3636405228758168
368,0.2293264840182648,21.579109589041096,84.52762557077625,25.812705479452053,1.5146625
369,0.2523907103825136,21.76219262295082,86.22199453551913,25.54446721311476,1.274814453125
370,0.224634703196347,21.53889269406393,85.02694063926941,25.589086757990867,1.313643923240938
371,0.1388356164383561,21.45859589041096,81.13481735159817,26.72085616438356,1.2510876777251183
372,0.2683333333333333,21.79793378995434,86.98732876712329,25.35908675799087,1.2670815789473684
373,0.2646516393442623,21.87059426229508,87.26263661202186,25.32218806921676,0.8557102069950037
374,0.2228424657534246,21.849817351598173,86.01392694063927,25.589908675799087,1.004171052631579
375,0.2013812785388127,21.52069634703196,83.81438356164384,25.78351598173516,1.159934595524957
376,0.2468036529680365,21.692865296803653,84.75616438356164,25.824109589041097,1.1381411359724614
377,0.1577527322404371,21.642725409836068,83.25056921675774,25.96160063752277,1.1069638554216867
378,0.2167465753424657,21.55155251141553,83.3046803652968,26.08845890410959,1.1035972461273666
379,0.2059360730593607,21.68843607305936,84.19280821917808,25.73321917808219,1.0625576592082615
380,0.251175799086758,21.755867579908674,84.77397260273973,25.79357305936073,1.0535121951219513
381,0.2469148451730419,21.791336520947176,86.31409380692168,25.490346083788708,1.024047619047619
382,0.2948972602739726,21.97493150684932,85.79006849315068,25.699052511415527,1.0279726890756302
383,0.1658675799086758,21.736324200913245,82.94474885844748,26.13372146118721,0.9328606442577032
384,0.2964840182648401,22.014520547945207,87.13675799086758,25.492066210045664,0.9399964985994398
385,0.2578438069216758,21.888433515482696,86.17816484517304,25.552652550091075,0.9445413165266108
386,0.2429680365296803,21.961826484018264,85.74623287671233,25.63559360730593,0.9480497198879552
387,0.2886529680365297,21.935582191780824,85.462899543379,25.73530821917808,0.9776899171270718
388,0.204783105022831,21.65593607305936,83.30707762557077,26.046152968036527,1.0103487569060772
389,0.211577868852459,21.841939890710385,81.8690801457195,26.67910974499089,0.9838121546961326
390,0.304634703196347,22.246038812785383,86.37248858447488,25.79851598173516,0.943639502762431
391,0.1991894977168949,21.909383561643835,83.28299086757991,26.174828767123287,0.96486701208981
392,0.2292009132420091,21.66522831050228,82.82853881278538,26.14711187214612,0.9591013928410964
393,0.2270036429872495,21.88447176684882,83.22620673952642,26.34240664845173,1.078835578094642
394,0.3139269406392694,22.19425799086758,86.53356164383561,25.812785388127853,1.1503869331840486
395,0.2669520547945205,22.075993150684933,86.36860730593607,25.63670091324201,0.0
396,0.1893150684931507,18.5162899543379,86.54851598173516,22.79707762557077,0.0
397,0.1711415525114155,18.3580593607306,86.36940639269406,22.71466894977169,0.0
398,0.1847449908925318,18.10570355191257,84.78415300546447,23.01610883424408,0.0
399,0.2389954337899543,18.49134703196347,87.84554794520548,22.43857305936073,0.0
400,0.2079566210045662,18.45775114155251,87.49006849315069,22.437328767123287,0.0
401,0.2693721461187214,18.6397602739726,87.96826484018266,22.548002283105024,0.0
402,0.3167008196721311,18.69910063752277,88.99556010928961,22.355578324225863,0.0
403,0.1940525114155251,18.453162100456623,87.55479452054794,22.461084474885844,0.0
404,0.2584246575342466,18.850490867579907,87.59006849315068,22.903869863013696,0.0
405,0.3790753424657534,18.723584474885847,89.71084474885845,22.15020547945205,0.0
406,0.3197518214936247,18.79379553734062,89.83857012750455,22.15561247723133,0.0
407,0.2807191780821917,18.7428196347032,88.67579908675799,22.39247716894977,0.0
408,0.208013698630137,18.50181506849315,87.03013698630137,22.558664383561645,0.0
409,0.2761872146118722,18.656986301369862,87.95102739726028,22.552317351598173,0.0
410,0.2098588342440801,18.734631147540984,87.92281420765028,22.6434995446266,0.0
411,0.256472602739726,18.611712328767123,87.39874429223744,22.69662100456621,0.0
412,0.2438127853881278,18.74070776255708,88.45216894977169,22.406118721461187,0.0
413,0.2965867579908676,18.780125570776256,88.42340182648402,22.50912100456621,0.0
414,0.3421334244080146,18.73571265938069,89.4372723132969,22.23523451730419,0.0
415,0.2594977168949771,18.864874429223743,88.35719178082192,22.545410958904107,0.0
416,0.2667465753424657,18.89149543378996,87.96278538812786,22.76623287671233,0.0
417,0.3740068493150685,18.866598173515985,89.56712328767124,22.29601598173516,0.0
418,0.2955601092896174,18.769467213114755,88.94353369763206,22.291780510018214,0.0
419,0.3523972602739726,18.849714611872145,88.96849315068494,22.330376712328768,0.0
420,0.281324200913242,18.812157534246577,88.14600456621005,22.574212328767125,0.0
421,0.2107534246575342,18.52014840182649,86.06997716894978,22.80218036529681,0.0
422,0.3095969945355191,18.851263661202186,85.54348816029145,23.333834244080144,0.0
423,0.3585958904109589,19.108504566210044,89.31541095890411,22.55302511415525,0.0
424,0.2260958904109589,18.8673401826484,87.40182648401826,22.837545662100457,0.0
425,0.2144292237442922,18.5623401826484,85.81712328767124,22.89148401826484,0.9591025902508667
426,0.2986111111111111,18.958754553734064,87.41290983606558,22.918146630236794,1.0242344879545089
427,0.3421803652968037,18.979075342465755,88.70091324200914,22.62219178082192,1.037506726457399
428,0.3731278538812785,18.880045662100457,89.07511415525114,22.35535388127854,0.0
429,0.3317579908675799,23.852408675799087,85.26997716894977,27.467534246575344,1.0385890410958905
430,0.3181278538812785,23.71922374429224,85.54006849315068,27.20255707762557,1.037508327781479
431,0.3398451730418943,23.489993169398907,84.23747723132969,27.443112477231328,1.0571447631754505
432,0.3339383561643836,23.774771689497715,86.0648401826484,27.081358447488583,1.0372568745808182
433,0.3757077625570776,23.830388127853883,85.58595890410959,27.231415525114155,1.016857720836143
434,0.3430593607305935,23.852214611872142,86.00913242009132,27.21433789954338,1.0022925170068029
435,0.425523679417122,23.96370673952641,86.66165755919855,27.111133879781423,0.9303711201079622
436,0.3521689497716895,23.7151598173516,85.61118721461187,27.148082191780823,0.8689685197588747
437,0.2582648401826484,23.812990867579902,84.57328767123288,27.60821917808219,0.8715803631472764
438,0.426837899543379,23.982488584474886,87.03082191780823,27.01950913242009,0.8837408149632598
439,0.4158925318761384,24.0424408014572,87.11589253187614,26.980646630236794,0.8927043189368771
440,0.4388127853881278,24.06020547945205,86.2810502283105,27.20724885844749,0.907092105263158
441,0.3718264840182648,23.844189497716897,85.26746575342466,27.253242009132418,0.8977463863337712
442,0.4484246575342465,23.97662100456621,86.60045662100457,27.13743150684932,0.9019316688567676
443,0.3104508196721312,24.056807832422585,85.7860883424408,27.453859289617487,0.905
444,0.37324200913242,23.896780821917808,85.43173515981735,27.48607305936073,0.9072039473684212
445,0.3771803652968036,23.98837899543379,85.60296803652967,27.26769406392694,0.90657824933687
446,0.4032534246575342,24.01655251141553,85.9154109589041,27.32205479452055,0.8904856952761145
447,0.3487932604735884,23.95203779599272,86.49988615664846,27.06818078324226,0.8856053511705686
448,0.4946004566210045,24.239246575342463,86.22477168949771,27.33646118721461,0.8655585284280937
449,0.2763470319634703,24.025799086757992,85.33287671232877,27.520764840182647,0.8537123745819397
450,0.4766666666666667,24.153424657534245,86.85342465753425,27.139680365296805,0.8415080428954423
451,0.4160974499089253,24.07740209471767,86.1540300546448,27.223827413479054,0.8220864280891289
452,0.4696118721461187,24.16673515981736,86.41655251141553,27.245981735159816,1.021817398794143
453,0.4695890410958904,24.13325342465753,86.20456621004566,27.33202054794521,0.9703296703296704
454,0.3541095890410959,23.86461187214612,84.90034246575343,27.48230593607306,0.9496280642434488
455,0.3506147540983607,24.218306010928963,84.82468123861567,27.874499089253188,0.9427820186598812
456,0.4644178082191781,24.38925799086758,87.01609589041095,27.356118721461183,0.9164442636289666
457,0.3355707762557077,24.290365296803653,85.30228310502284,27.70813926940639,0.9160438667749796
458,0.3238470319634703,23.96660958904109,84.67180365296804,27.595844748858447,0.8978878960194963
459,0.3092326958105647,24.196948998178502,85.23861566484517,27.71771402550091,0.8802998379254456
460,0.3954566210045662,24.39599315068493,86.37191780821918,27.52162100456621,0.8616855753646677
461,0.4158904109589041,24.29407534246576,86.44075342465753,27.38230593607306,0.0
462,0.1091095890410958,22.8228196347032,80.71712328767123,27.757054794520545,1.246923487544484
463,0.1197716894977169,22.690034246575344,80.52043378995434,27.55980593607305,1.2609327895016846
464,0.1094489981785063,22.53401639344262,79.99419398907104,28.03164845173042,1.1178400425607378
465,0.1647031963470319,22.839303652968034,82.3818493150685,27.102305936073066,1.143355776045358
466,0.1255707762557077,22.814954337899543,81.42956621004566,27.270924657534245,1.1800757575757577
467,0.1852054794520548,22.886130136986303,82.15399543378996,27.36649543378996,1.1483989455184536
468,0.2309426229508196,23.046857923497267,83.70617030965391,27.010644353369763,1.1669857397504455
469,0.1685958904109589,22.8136301369863,82.27351598173516,27.055513698630136,1.1760958660014256
470,0.1943949771689498,22.980776255707763,80.66050228310502,28.07033105022831,1.1663328581610837
471,0.2719634703196347,23.04825342465753,84.25513698630137,26.817511415525114,1.1794208838203848
472,0.2185450819672131,23.119171220400727,84.40903916211293,26.78085154826958,1.2007662152530292
473,0.1576141552511415,23.11269406392694,83.09041095890412,27.063858447488585,1.131671418389166
474,0.1231506849315068,22.811004566210045,81.07888127853882,27.30638127853881,1.1566704183080097
475,0.1643036529680365,22.92324200913242,81.86723744292237,27.36401826484018,1.1659738537324744
476,0.1231898907103825,22.940277777777776,80.5129781420765,27.543602003642988,1.1499905267146646
477,0.1800114155251141,22.8328196347032,80.75707762557077,27.75101598173516,1.1825109963664182
478,0.1470091324200913,23.00442922374429,81.53321917808219,27.24101598173516,1.177672496636556
479,0.1968264840182648,23.04012557077625,82.24703196347032,27.25722602739726,0.6956388349514563
480,0.2055100182149362,23.0533014571949,83.72244990892531,26.93118169398907,0.6533029126213593
481,0.1825570776255707,23.21044520547945,82.66986301369863,27.177842465753425,0.5705359223300971
482,0.2265753424657534,23.07938356164384,81.36312785388128,27.47488584474885,0.5642049162497281
483,0.2145205479452054,23.223767123287672,84.18219178082192,26.93351598173516,0.537573755015341
484,0.1773337887067395,23.131523224043715,83.16359289617486,27.042770947176685,0.4941501416430594
485,0.2219406392694064,23.19656392694064,82.97317351598174,27.103641552511416,0.4808056758056758
486,0.1955136986301369,23.16700913242009,82.70239726027397,27.196940639269407,0.4684769008662175
487,0.1593264840182648,22.953584474885844,81.10422374429224,27.551050228310505,0.5522329812206572
488,0.1520036429872495,23.25523679417122,80.45696721311475,28.158128415300546,0.5401320422535211
489,0.2693949771689498,23.43980593607306,83.65856164383561,27.200422374429227,0.5985884476534296
490,0.1250684931506849,23.209486301369864,80.5642694063927,27.6631392694064,0.5782418772563177
491,0.1680479452054794,23.01633561643836,80.67294520547945,27.585490867579907,0.5711090909090909
492,0.1992486338797814,23.23070355191257,80.8917349726776,27.82824453551913,0.59208
493,0.2377853881278538,23.45947488584475,83.29372146118722,27.30675799086758,0.6156109090909091
494,0.2466780821917808,23.363230593607305,83.07180365296804,27.144965753424657,0.0
495,0.1660844748858447,23.36162100456621,82.68527397260274,28.35909817351598,0.5076560900716479
496,0.1451940639269406,23.20602739726027,82.52214611872147,28.192682648401824,0.5023727087576375
497,0.1535974499089253,23.069489981785065,81.91120218579235,28.391450364298723,0.5280957230142567
498,0.1823287671232877,23.377123287671232,84.17203196347032,27.970171232876712,0.554938900203666
499,0.174269406392694,23.32735159817352,83.97146118721462,27.83866438356165,0.5518080808080807
500,0.2144520547945205,23.407020547945205,83.43698630136986,28.219657534246576,0.5250285714285714
501,0.2525500910746812,23.481102003642988,84.99328324225866,27.83011156648452,0.4430714285714285
502,0.1497602739726027,23.29644977168949,83.52694063926941,27.96365296803653,0.5263720598717035
503,0.177945205479452,23.323070776255708,80.44942922374429,29.25107305936073,0.5100997861724875
504,0.2846461187214611,23.45659817351598,85.3681506849315,27.71898401826484,0.8565928777670837
505,0.2422700364298725,23.505122950819672,84.98884335154827,27.77011612021858,0.4332917964693665
506,0.2342009132420091,23.54156392694064,84.77351598173516,27.87115296803653,0.3669113402061855
507,0.1699429223744292,23.351198630136988,82.85924657534247,28.08384703196347,0.3586219972631197
508,0.2190410958904109,23.46452054794521,83.91735159817351,28.069657534246577,0.4400070895091751
509,0.184733606557377,23.563592896174864,84.32843806921676,28.01390027322405,0.4908801571709233
510,0.2372146118721461,23.442922374429223,83.47180365296803,28.186347031963468,0.9495198487712664
511,0.1981164383561643,23.504235159817352,84.14577625570776,27.86642694063927,0.8969957983193277
512,0.243458904109589,23.58989726027397,84.22477168949771,28.0305593607306,0.7513966244725738
513,0.2367486338797814,23.445412112932605,84.50147996357013,27.811612021857925,0.7090847457627119
514,0.2481164383561643,23.66583333333333,84.64440639269407,27.919269406392694,0.8825472636815921
515,0.2084931506849315,23.623584474885845,82.50399543378995,28.59212328767123,0.908717277486911
516,0.2746689497716895,23.627214611872144,85.37123287671233,27.757488584474885,0.9278867924528302
517,0.2700591985428051,23.51065573770492,84.45560109289617,27.78238843351548,0.9372242744063324
518,0.2981506849315068,23.632214611872147,84.73344748858447,27.8275799086758,0.9562052631578948
519,0.2382648401826483,23.60892694063927,84.61575342465754,27.857317351598173,0.961378947368421
520,0.2381849315068493,23.45187214611872,83.09440639269407,28.15665525114155,0.9676813880126184
521,0.2342554644808743,23.76459471766849,82.23337887067396,28.865004553734064,0.6770756756756756
522,0.2804566210045662,23.82938356164384,84.74931506849315,28.062408675799087,0.696379403794038
523,0.1885273972602739,23.76599315068493,83.57591324200914,28.29769406392694,0.6524433849821215
524,0.168607305936073,23.528812785388126,82.37465753424658,28.34525114155251,0.6280068965517241
525,0.259927140255009,23.631648451730417,82.43989071038251,28.62729963570128,0.6082333333333333
526,0.2652625570776255,23.739463470319635,84.39303652968036,28.082557077625573,0.5647809523809524
527,0.2942123287671233,23.69721461187215,84.43664383561644,28.01891552511416,0.0
528,0.2245547945205479,20.25004566210045,86.57545662100456,24.39135844748858,0.964722222222222
529,0.1953881278538812,20.031324200913243,85.61449771689497,24.4249200913242,0.8626050420168068
530,0.2126821493624772,19.829086976320585,84.89139344262296,24.44341985428051,0.8118320610687022
531,0.2565525114155251,20.21686073059361,87.93664383561644,24.07601598173516,0.7835416666666667
532,0.2359931506849315,20.160285388127853,87.35011415525115,24.06607305936073,0.5971527777777778
533,0.2956963470319635,20.2927397260274,87.450799086758,24.26769406392694,0.73375
534,0.3285405282331512,20.39053961748634,88.77037795992715,23.999635701275043,1.16375
535,0.2146803652968036,20.160913242009133,87.40958904109588,24.072922374429226,1.0990277777777775
536,0.2960616438356164,19.98060502283105,83.49509132420091,25.03770547945205,1.4661111111111111
537,0.3605365296803653,20.365342465753425,89.26735159817352,23.82552511415525,1.4675694444444445
538,0.3212659380692167,20.41989981785064,89.24601548269581,23.83853597449909,1.067361111111111
539,0.285,20.415570776255706,88.56815068493151,24.007454337899546,1.206527777777778
540,0.2345890410958904,20.25231735159817,87.19828767123288,24.188995433789955,1.1993055555555554
541,0.3009132420091324,20.412979452054795,88.35045662100457,24.12778538812785,0.8460416666666667
542,0.2505122950819672,20.451810109289617,88.24453551912568,24.187317850637523,0.6669565217391304
543,0.2769520547945205,20.386929223744293,87.88915525114155,24.249828767123287,0.6263333333333333
544,0.26412100456621,20.40961187214612,88.13276255707763,24.05211187214612,0.6833333333333333
545,0.3052283105022831,20.498242009132422,88.26358447488585,24.205616438356166,0.6986754966887417
546,0.3567964480874316,20.37152777777778,88.90015938069217,23.915698998178502,0.7185430463576159
547,0.2827625570776256,20.581381278538814,88.1689497716895,24.192066210045663,0.7243377483443708
548,0.29912100456621,20.5314497716895,86.91769406392694,24.57578767123288,0.7116393442622951
549,0.3671689497716895,20.58344748858448,89.55787671232876,23.93286529680365,0.7090322580645162
550,0.317042349726776,20.443738615664845,88.36703096539162,23.986190801457195,0.710576923076923
551,0.3822146118721461,20.553150684931506,88.56027397260274,24.06238584474886,0.56375
552,0.3019634703196346,20.59230593607306,88.43892694063926,24.20437214611872,0.4134545454545454
553,0.244486301369863,20.41618721461187,87.39063926940639,24.30716894977169,0.4109090909090909
554,0.3156420765027322,20.658765938069216,86.0033014571949,24.864890710382515,0.4180952380952381
555,0.3757534246575342,20.83707762557077,89.0994292237443,24.264098173515983,0.4226415094339623
556,0.2384931506849315,20.65285388127854,87.44611872146119,24.48188356164384,0.395
557,0.2053652968036529,20.47857305936073,86.89029680365297,24.443070776255706,0.4033333333333333
558,0.3078438069216758,20.72566029143898,87.30316484517304,24.62268897996357,0.3995833333333333
559,0.3422374429223744,20.74407534246576,88.4,24.33399543378995,0.4008196721311475
560,0.3674429223744292,20.688550228310504,88.61335616438356,24.180399543379,0.0
561,0.3010958904109589,20.57947488584475,81.24897260273973,25.69154109589041,0.9709109403254974
562,0.2740068493150685,20.341518264840182,79.80410958904109,25.5775799086758,0.8721360567768738
563,0.2929758652094718,20.194615209471767,79.60815118397086,25.62251821493625,0.991062835381686
564,0.3436187214611872,20.61522831050228,82.75216894977169,25.28464611872146,0.926620130989314
565,0.3077054794520548,20.644680365296804,83.47819634703197,25.18916666666667,1.0041908531222516
566,0.4040981735159817,20.777762557077622,83.36312785388128,25.48147260273973,1.114749340369393
567,0.437431693989071,20.992190346083788,86.4113160291439,25.09795081967213,0.9699708778255444
568,0.3013013698630137,20.654246575342466,83.16598173515982,25.245045662100456,1.205699625572043
569,0.4267237442922374,20.407614155251142,79.03116438356165,26.380673515981737,0.7351209567817343
570,0.4688584474885844,21.03025114155251,87.69954337899543,24.939497716894977,0.4122528758042503
571,0.4097677595628415,21.059357923497267,87.29269125683061,24.95609061930783,0.4883192725909261
572,0.373310502283105,21.066529680365296,86.51552511415525,25.09404109589041,0.5596344206974129
573,0.3101141552511415,20.71704337899543,82.86038812785388,25.33519406392693,0.5596962879640045
574,0.3795091324200913,20.89415525114155,84.16723744292237,25.31917808219178,0.567583427071616
575,0.3461407103825136,20.821004098360657,83.09585610200364,25.42451047358834,0.7305513361462729
576,0.383310502283105,20.71926940639269,82.47305936073059,25.57270547945205,1.0038799812470698
577,0.351107305936073,20.85436073059361,83.85353881278539,25.19920091324201,1.0420984528832629
578,0.4076027397260274,20.935148401826485,83.8681506849315,25.36764840182649,1.0933830285982185
579,0.4738957194899817,21.00256147540984,86.33208105646631,25.03685109289617,1.116512892639475
580,0.3540867579908676,21.115616438356163,85.15102739726028,25.26769406392694,1.0895486173059767
581,0.455958904109589,20.95649543378996,82.0843607305936,25.70551369863013,1.008331715210356
582,0.4710273972602739,21.201598173515983,87.15958904109588,25.054737442922374,0.986992718446602
583,0.4170309653916211,21.07808515482696,86.25751366120218,25.03111338797814,1.010610101010101
584,0.5042922374429224,21.18599315068493,86.22945205479452,25.131552511415524,1.0686569696969697
585,0.3957420091324201,21.16835616438356,85.52534246575343,25.27102739726028,0.9758019193857964
586,0.3379566210045662,20.74337899543379,81.51358447488585,25.5250799086758,0.9230434782608696
587,0.4286429872495446,20.9708674863388,80.57229052823315,26.14108606557377,0.9011165413533836
588,0.5058904109589042,21.47770547945205,86.8845890410959,25.38351598173516,0.8177285714285715
589,0.3599657534246575,20.977066210045663,81.64075342465753,25.657226027397257,0.7120276738967838
590,0.3322260273972603,20.54328767123288,78.28767123287672,25.803447488584474,0.7484614809274496
591,0.4476548269581056,21.319877049180327,79.69011839708561,26.29570810564663,0.7333548650302577
592,0.457648401826484,21.669988584474886,84.09851598173516,25.83655251141553,0.7817321925714673
593,0.4921461187214612,21.52648401826484,84.03915525114155,25.67961187214612,0.0
594,0.1500570776255707,22.478778538812787,83.3730593607306,27.196986301369865,1.425916230366492
595,0.1125342465753424,22.321906392694064,82.46358447488585,27.076849315068493,1.2264650677789364
596,0.1420309653916211,21.9514116575592,80.39287340619308,27.61950136612021,1.653072916666667
597,0.1740410958904109,22.601438356164383,85.75502283105023,26.67418949771689,1.62775
598,0.1725570776255707,22.520559360730594,85.68538812785388,26.639406392694067,1.6210673575129533
599,0.2120205479452054,22.67357305936073,85.54977168949772,26.93251141552512,1.5677202072538858
600,0.2322176684881602,22.81001821493625,88.38342440801458,26.53500683060109,1.7085051546391752
601,0.1391552511415525,22.562899543379,85.81301369863014,26.702420091324203,1.6220478468899522
602,0.1784246575342465,22.26541095890411,80.96198630136986,28.055022831050227,1.4275885167464115
603,0.2943036529680365,22.78974885844749,89.21780821917808,26.371278538812785,1.4447177033492824
604,0.2468465391621129,22.81867030965392,89.06716757741349,26.359096083788707,1.6034423076923077
605,0.2111187214611872,22.841906392694064,88.31164383561644,26.51946347031964,1.6952403846153845
606,0.1594748858447488,22.63922374429224,85.47979452054794,26.777328767123286,1.7282079268708643
607,0.224851598173516,22.812020547945203,86.93344748858448,26.70679223744292,1.9286581622211607
608,0.1633765938069216,22.773178506375228,85.90050091074681,26.84896402550091,1.682387448840382
609,0.1843607305936073,22.568892694063926,84.35296803652967,27.13586757990868,1.4579305555555555
610,0.1795091324200913,22.81672374429224,86.89509132420092,26.598367579908675,1.368
611,0.2027054794520548,22.91079908675799,86.99417808219178,26.74624429223744,1.193886075949367
612,0.2522085610200364,22.840573770491805,88.43476775956285,26.472131147540985,1.0381637426900585
613,0.1978196347031963,22.98488584474886,87.46084474885845,26.707180365296804,0.9001831129196338
614,0.1594634703196347,23.00656392694064,85.51940639269407,27.10567351598173,0.8307312614259599
615,0.2711529680365297,22.999155251141552,89.22591324200913,26.484657534246576,0.8705959684487292
616,0.2284949908925318,22.92386156648452,88.3254781420765,26.50136612021858,0.8792491166077738
617,0.288162100456621,23.027773972602738,88.4947488584475,26.558036529680365,0.8788593481989708
618,0.2295205479452054,23.02829908675799,87.75479452054795,26.73221461187215,0.8692592592592593
619,0.1577625570776255,22.7378196347032,84.30091324200913,27.01594748858448,0.8605387205387206
620,0.2154713114754098,22.7635587431694,81.75193533697632,27.921163479052822,0.4914175257731958
621,0.2815525114155251,23.294988584474886,88.97819634703197,26.820730593607305,0.5045103092783505
622,0.1354908675799087,22.87660958904109,83.52168949771689,27.10904109589041,0.5135148936170213
623,0.1114497716894977,22.296130136986303,78.56004566210045,27.542420091324203,0.4987196652719665
624,0.1970059198542805,22.863080601092896,82.26081511839709,27.73726092896175,0.4918242677824267
625,0.2395433789954338,23.326792237442923,87.93481735159817,26.98043378995434,0.4803580349708576
626,0.2746004566210046,23.251552511415525,88.25844748858448,26.803504566210048,0.0
627,0.1725342465753424,22.49966894977169,79.11712328767123,27.2049200913242,1.1334
628,0.1608219178082191,22.36472602739726,78.69885844748859,27.043664383561644,1.135686274509804
629,0.1266393442622951,21.84908925318761,76.44264591789951,28.18212659380692,1.1009045226130654
630,0.2055365296803653,22.55114155251141,80.3115296803653,26.872363013698628,1.1402463054187193
631,0.1978310502283105,22.55519406392694,80.08116438356164,26.90384703196348,1.1446634615384617
632,0.2527397260273972,22.64607305936073,80.88287671232877,26.967534246575344,1.1544549763033176
633,0.3332194899817851,22.8852572859745,83.44512750455374,26.52341757741348,1.1739906103286386
634,0.1863470319634703,22.500867579908675,80.60353881278539,26.7703196347032,1.2010232558139535
635,0.184486301369863,22.378664383561645,76.52534246575343,28.2475,1.2304629629629629
636,0.3284474885844748,22.938915525114155,84.30342465753425,26.458242009132423,1.1430188679245283
637,0.2948998178506375,22.91193078324226,83.38296903460838,26.463194444444447,1.246588785046729
638,0.2617009132420091,22.95118721461187,82.57328767123288,26.613664383561645,1.2577570093457946
639,0.2013470319634703,22.706929223744293,81.21906392694063,26.595650684931503,1.2750467289719627
640,0.2396004566210045,22.78381278538813,81.68618721461188,26.778949771689497,1.223587786259542
641,0.177037795992714,22.794433060109288,80.63217213114754,26.91260245901639,1.2517110266159694
642,0.2648744292237443,22.678744292237443,80.35502283105023,27.027214611872147,1.162889733840304
643,0.2098287671232876,22.80165525114156,80.9615296803653,26.750593607305937,1.2298461538461538
644,0.2394292237442922,22.81486301369863,81.02808219178083,26.88609589041096,1.368421052631579
645,0.2843351548269581,22.78892304189436,82.3294626593807,26.52008196721312,1.5719298245614035
646,0.2925684931506849,22.9047602739726,81.32534246575342,26.93744292237443,0.7
647,0.2412785388127853,22.90626712328767,80.63230593607305,27.04013698630137,0.5765333333333333
648,0.354634703196347,23.22970319634703,84.96666666666667,26.50571917808219,0.3184666666666667
649,0.2168829690346083,22.85655737704918,81.36987704918033,26.7424635701275,0.2037823834196891
650,0.301689497716895,23.08986301369864,83.07340182648402,26.665890410958905,0.1617098445595855
651,0.4280022831050228,23.06985159817352,83.83675799086758,26.432625570776253,0.1782901554404145
652,0.2493721461187214,22.863710045662103,81.39372146118721,26.865045662100457,0.2034455958549222
653,0.2095742258652095,22.9248747723133,78.85086520947176,27.66797586520947,0.2167560975609756
654,0.3264155251141553,23.390399543379,84.09486301369863,26.7687100456621,0.2048780487804878
655,0.2290410958904109,23.048013698630136,80.71198630136986,27.161438356164386,0.1959024390243902
656,0.1723630136986301,22.61030821917808,77.86552511415525,27.44150684931507,0.2204390243902439
657,0.2205373406193078,23.007251821493625,79.62260928961749,27.55687613843352,0.3060240963855422
658,0.3573630136986301,23.323812785388128,82.7041095890411,26.933801369863016,0.232758064516129
659,0.3633447488584475,23.39896118721461,83.77853881278538,26.747568493150688,0.0
660,0.2335273972602739,23.07574200913242,84.92283105022831,26.71390410958904,1.0530437284234753
661,0.188458904109589,22.928493150684933,84.14554794520548,26.672488584474888,0.882692548528491
662,0.1610428051001821,22.62781193078324,81.99533242258651,27.086350182149364,0.8217908578584847
663,0.2398515981735159,23.06551369863013,85.74737442922374,26.509828767123288,1.0668816530995615
664,0.2252397260273972,22.9227397260274,84.36506849315069,26.673858447488584,0.902433438305182
665,0.2943721461187214,23.25102739726028,87.09623287671234,26.46954337899544,0.8830231892356142
666,0.3779257741347905,23.215653460837885,86.92087887067396,26.44919171220401,0.7705460693958228
667,0.2355022831050228,22.91148401826484,84.76769406392694,26.507636986301367,0.8855733333333332
668,0.2395319634703196,23.310981735159817,85.05388127853881,27.0301598173516,0.4714399999999999
669,0.4255251141552511,23.20711187214612,87.74817351598173,26.290102739726027,0.46732
670,0.3569444444444444,23.298599726775954,87.55840163934427,26.33002049180328,0.2638689655172413
671,0.2586187214611872,23.295924657534247,86.18036529680366,26.61546803652968,0.2577103448275862
672,0.2314611872146118,23.103527397260272,85.41415525114155,26.531381278538813,0.2555466666666666
673,0.2674086757990868,23.179714611872143,86.10331050228311,26.50767123287672,0.227290909090909
674,0.2032445355191257,23.129485428051,84.00056921675774,26.87638888888889,0.2197878787878787
675,0.2715867579908675,23.17184931506849,85.3406392694064,26.76511415525114,0.24458
676,0.2425228310502283,23.29172374429224,85.80936073059361,26.595296803652968,0.2350533333333333
677,0.283162100456621,23.28219178082192,85.96130136986301,26.676746575342463,0.2424054982817869
678,0.3613046448087431,23.304280510018213,87.39571948998179,26.439253187613843,0.2504536082474227
679,0.3035045662100456,23.23103881278539,84.82146118721461,26.728550228310503,0.2396288659793814
680,0.2996917808219178,23.556529680365298,86.88618721461187,26.7726598173516,0.2089194769442532
681,0.3743036529680365,23.353721461187217,86.95502283105023,26.48170091324201,0.16237439779766
682,0.2693875227686703,23.2985883424408,85.84562841530055,26.62924635701275,0.156151724137931
683,0.343162100456621,23.448070776255708,86.57351598173516,26.62391552511416,0.0429586206896551
684,0.3369748858447489,23.297214611872143,85.90262557077625,26.619828767123288,0.0250675675675675
685,0.2477739726027397,23.179680365296804,84.64817351598174,26.82715753424657,0.0264599999999999
686,0.2556466302367942,23.56470856102004,84.74510473588343,27.23175091074681,0.0205666666666666
687,0.4262328767123288,23.66180365296804,87.34041095890412,26.73700913242009,0.06284
688,0.2375913242009132,23.31936073059361,83.51015981735159,27.18501141552512,0.0611733333333333
689,0.2253652968036529,23.026586757990867,82.1,27.203938356164382,0.0655065789473684
690,0.2770491803278688,23.58534836065574,85.99146174863388,27.056045081967213,0.0682035928143712
691,0.3676940639269406,23.56918949771689,86.30205479452054,26.91668949771689,0.0677425149700598
692,0.4041095890410959,23.608002283105023,87.3689497716895,26.6699200913242,0.0
693,0.1838470319634703,23.22560502283105,84.63801369863013,27.156632420091324,0.0
694,0.1655136986301369,22.96939497716895,82.92739726027398,27.116609589041097,0.0
695,0.1333788706739526,22.80825364298725,81.42201730418944,27.48221766848816,0.0
696,0.2523059360730593,23.00785388127854,82.6384703196347,27.13383561643836,0.0
697,0.2633333333333333,23.04883561643836,82.59908675799086,27.08082191780822,0.0
698,0.2777511415525114,23.08920091324201,82.7667808219178,27.11326484018265,0.0
699,0.3532331511839708,23.14492258652095,83.39412568306011,26.946732695810564,0.0
700,0.1974200913242009,22.83415525114156,81.70856164383562,27.179440639269405,0.0
701,0.2130251141552511,23.29689497716895,81.60684931506849,27.75876712328767,0.0
702,0.3759703196347032,23.185445205479454,83.03002283105023,27.0575799086758,0.0
703,0.3402208561020036,23.28310564663024,83.08572404371584,27.1110883424408,0.0
704,0.3113013698630137,23.31647260273973,82.9958904109589,27.13601598173516,0.0
705,0.2838127853881278,23.04688356164384,82.1898401826484,27.003002283105022,0.0
706,0.3106392694063927,23.08646118721461,82.84520547945205,27.05005707762557,0.0
707,0.2301343351548269,23.20873178506375,82.68123861566484,27.18637295081968,0.0
708,0.3135159817351598,23.10293378995434,82.19577625570776,27.241107305936072,0.0
709,0.285810502283105,23.319394977168947,83.21278538812786,27.06964611872146,0.0
710,0.2852168949771689,23.25181506849315,82.47888127853881,27.27126712328767,0.0
711,0.3721083788706739,23.245719489981784,83.30396174863388,27.03743169398907,0.0
712,0.3261872146118721,23.330296803652967,82.81187214611872,27.17670091324201,0.0
713,0.2491324200913242,23.347716894977168,81.96438356164384,27.538070776255708,0.0
714,0.4344634703196347,23.307648401826484,83.57511415525114,26.95108447488585,0.0
715,0.3379895264116576,23.29077868852459,82.65220856102003,27.20428051001821,0.0
716,0.3412899543378995,23.3574200913242,82.88013698630137,27.25125570776256,0.0
717,0.4512442922374429,23.171906392694066,82.59006849315068,27.060102739726027,0.0
718,0.2181963470319634,23.145799086758,82.34623287671234,27.281301369863016,0.0
719,0.2560678506375228,23.53658925318761,82.47404371584699,27.634403460837888,0.0
720,0.4406963470319635,23.56029680365297,83.4912100456621,27.23909817351598,0.0
721,0.3388356164383561,23.46906392694064,82.41084474885845,27.462134703196345,0.000531914893617
722,0.1831735159817351,23.059748858447488,80.13447488584475,27.73920091324201,0.0005851063829787
723,0.2869421675774135,23.45851548269581,82.3615664845173,27.533948087431696,0.0005851063829787
724,0.4054680365296804,23.5088698630137,82.45182648401827,27.443196347031964,0.0006382978723404
725,0.5210616438356165,23.508299086758,83.22385844748858,27.182648401826484,0.0
726,0.2836643835616438,22.54915525114156,85.25821917808219,26.24648401826484,0.884375
727,0.2556278538812785,22.38582191780822,84.61084474885845,26.142271689497715,0.7833333333333333
728,0.1779143897996357,22.078995901639345,82.36668943533698,26.64557149362477,0.6920000000000001
729,0.300296803652968,22.47052511415525,84.83550228310503,26.1822602739726,0.573076923076923
730,0.3088356164383561,22.50365296803653,85.35639269406393,26.083664383561644,0.6124999999999999
731,0.3721232876712328,22.638424657534248,85.95376712328768,26.118367579908675,0.5341666666666667
732,0.4578551912568306,22.6390368852459,85.98690801457195,26.00173041894353,0.5341666666666667
733,0.2744520547945205,22.32372146118721,84.40616438356165,26.092089041095893,0.2565
734,0.2261986301369863,22.701541095890413,83.46666666666667,26.87571917808219,0.246
735,0.4351027397260274,22.702180365296805,86.22009132420091,26.03134703196347,0.283
736,0.3920081967213115,22.76188524590164,85.91427595628416,26.105783242258653,0.5
737,0.3466552511415525,22.773732876712327,85.68915525114156,26.211997716894977,0.80625
738,0.3195776255707762,22.53449771689498,85.21221461187214,25.9904794520548,0.585625
739,0.3904680365296804,22.643447488584474,86.23961187214611,25.99926940639269,0.366875
740,0.2757969034608378,22.68386839708561,85.53847905282332,26.145059198542807,0.55
741,0.3623287671232876,22.61640410958904,85.18641552511416,26.20751141552511,0.54
742,0.2844977168949771,22.729349315068493,85.37511415525114,26.17865296803653,0.575
743,0.3475342465753425,22.77126712328767,85.40799086757991,26.297260273972604,1.1
744,0.3828551912568306,22.768146630236792,86.20799180327869,26.11680327868853,1.105
745,0.423892694063927,22.76144977168949,85.1453196347032,26.26634703196348,1.025
746,0.3327625570776256,22.91650684931507,85.24497716894977,26.46275114155252,0.8800000000000001
747,0.4644748858447489,22.854052511415524,86.63504566210045,26.05719178082192,0.8857142857142858
748,0.3156420765027322,22.74995446265938,85.2330373406193,26.25194672131148,0.55
749,0.3935045662100456,22.86396118721461,85.65262557077625,26.295890410958904,0.385
750,0.6181278538812786,22.748002283105023,86.26495433789954,25.98482876712329,0.255
751,0.2797716894977169,22.67890410958904,85.17020547945205,26.26178082191781,0.158
752,0.2909722222222222,23.01458333333333,84.79713114754098,26.7799408014572,0.13
753,0.5072716894977168,23.12832191780822,86.91244292237442,26.263504566210045,0.12
754,0.2930479452054794,22.92132420091324,84.78082191780823,26.575616438356164,0.108
755,0.2340981735159817,22.53114155251141,82.77488584474885,26.60755707762557,0.0829999999999999
756,0.3330714936247723,22.824533242258653,85.5721766848816,26.44610655737705,0.09
757,0.4823287671232876,22.902705479452056,86.33584474885845,26.31025114155251,0.055
758,0.5242808219178082,22.910399543379,87.10525114155251,26.043618721461183,0.0
759,0.2542579908675799,23.57576484018265,85.05011415525114,26.911198630136987,1.2159074733096085
760,0.200445205479452,23.50103881278539,84.95011415525114,26.78981735159817,1.216844729344729
761,0.1739412568306011,23.291336520947176,83.88410746812386,27.01066712204008,1.2168091168091169
762,0.262796803652968,23.596301369863014,86.00388127853881,26.69786529680365,1.2238776978417267
763,0.2196118721461187,23.53456621004566,84.92568493150685,26.827979452054795,1.2369424460431655
764,0.2861529680365297,23.65640410958904,86.17305936073059,26.71920091324201,1.2643815741748277
765,0.3520833333333333,23.70332422586521,86.39583333333333,26.68327641165756,1.2146173376858904
766,0.234634703196347,23.43551369863014,84.89041095890411,26.7255593607306,1.202962962962963
767,0.2205251141552511,23.809098173515984,85.07853881278538,27.12642694063927,1.1849481481481483
768,0.3832876712328767,23.679577625570776,86.51130136986302,26.60609589041096,1.1849851851851851
769,0.3387295081967213,23.786543715847,86.72893897996357,26.60605646630237,1.1937433962264152
770,0.2932077625570776,23.801084474885844,86.07888127853882,26.82703196347032,1.1937735849056603
771,0.2217237442922374,23.60445205479452,85.26666666666667,26.731666666666666,1.201645283018868
772,0.2486986301369863,23.649760273972603,85.50399543378995,26.7911301369863,1.2080377358490566
773,0.1794398907103825,23.63582650273224,83.94979508196721,27.093738615664844,1.2090566037735848
774,0.2719977168949771,23.601438356164383,84.74783105022831,26.991586757990863,1.049811320754717
775,0.2396232876712328,23.78211187214612,85.57442922374429,26.83566210045662,0.8791489361702127
776,0.2901598173515982,23.77514840182648,85.5079908675799,26.904851598173515,0.949047619047619
777,0.3272427140255009,23.73802367941712,86.4315801457195,26.693340163934423,0.9557142857142856
778,0.3322602739726027,23.85172374429224,85.58036529680365,26.897397260273973,0.9240761904761904
779,0.2728196347031963,23.93787671232877,85.7898401826484,27.02057077625571,0.8109999999999999
780,0.3757077625570776,23.86813926940639,86.60125570776256,26.72404109589041,0.7806714285714286
781,0.2754098360655737,23.84370446265938,85.92247267759562,26.85846994535519,0.6058333333333333
782,0.3182648401826484,23.907317351598174,85.9417808219178,26.88617579908676,0.5660416666666667
783,0.3922146118721461,23.75973744292237,85.3898401826484,26.82844748858448,0.537625
784,0.2576027397260274,23.6206392694064,84.1857305936073,27.05211187214612,0.6337875
785,0.2566484517304189,24.046892076502733,84.85746812386157,27.354701730418945,0.6975918367346938
786,0.3689383561643836,24.073744292237443,86.29326484018264,26.979942922374427,0.5719591836734693
787,0.2349885844748858,23.94469178082192,84.55433789954338,27.26525114155251,0.607869387755102
788,0.2194406392694063,23.63689497716895,83.09988584474885,27.292831050228312,0.6458408163265306
789,0.2562158469945355,24.025056921675773,85.61566484517304,27.245457650273224,0.5628163265306123
790,0.3721004566210045,24.06360730593608,86.00639269406393,27.11181506849315,0.5394693877551021
791,0.3803310502283105,24.05632420091324,86.88253424657535,26.897762557077623,0.0
792,0.1708675799086758,23.13324200913242,83.27146118721461,27.40922374429224,0.4309332349686463
793,0.1221803652968036,22.850890410958904,81.42956621004566,27.519486301369863,0.4608787346221441
794,0.1514344262295082,22.85933515482696,82.2959927140255,27.621869307832423,0.4394994712724709
795,0.1647031963470319,22.849817351598173,82.16837899543378,27.5049200913242,0.4202802730865972
796,0.1718835616438356,22.947328767123288,82.73436073059361,27.47900684931507,0.4172224218469278
797,0.211107305936073,22.99243150684932,83.362899543379,27.567020547945205,0.4058297413793103
798,0.2704007285974499,23.10985883424408,85.08640710382514,27.08835382513661,0.3802262931034482
799,0.1428538812785388,22.85851598173516,82.62134703196347,27.28720319634704,0.5180482611781405
800,0.2162899543378995,23.18892694063927,82.54075342465754,28.06825342465753,0.4984634492547906
801,0.2869178082191781,23.144246575342468,85.44018264840183,27.179600456621003,0.4597097288676236
802,0.2525159380692167,23.232969034608377,85.21596083788707,27.273383424408014,0.6483109735122119
803,0.2430821917808219,23.336381278538813,85.39977168949771,27.20357305936073,0.6303027175782594
804,0.1315525114155251,23.033481735159818,82.02922374429224,27.38585616438356,0.6184004127966977
805,0.1634246575342465,23.001198630136987,82.44760273972602,27.43557077625571,0.7437117303061574
806,0.1576388888888888,23.1959927140255,83.72017304189436,27.243886612021857,0.6140729274165806
807,0.1995205479452054,23.12341324200913,82.59155251141553,27.56477168949772,0.5990918472652219
808,0.1978082191780822,23.445810502283106,84.64988584474885,27.29173515981736,0.6081699346405229
809,0.2395091324200913,23.38704337899544,84.12808219178082,27.363333333333333,0.6132920536635706
810,0.2935109289617486,23.288592896174865,84.5860655737705,27.29478597449909,0.5970072239422085
811,0.2081164383561643,23.505102739726027,84.2986301369863,27.33114155251141,0.5917612659098728
812,0.2659246575342466,23.393230593607303,82.2351598173516,28.248721461187213,0.5761953904368765
813,0.3098059360730594,23.46698630136986,85.03869863013699,27.29173515981736,0.565703474372205
814,0.2647882513661202,23.469558287795994,84.79633424408014,27.32219945355192,0.5485586515307878
815,0.287283105022831,23.52552511415525,84.64509132420092,27.31521689497717,0.5329480564155487
816,0.1978424657534246,23.3215296803653,83.49292237442923,27.292762557077623,0.521499828001376
817,0.1549657534246575,23.199520547945205,81.69748858447488,27.559098173515984,0.5211558307533539
818,0.2393214936247722,23.595935792349728,82.59722222222223,28.0923383424408,0.5056759545923633
819,0.2995776255707763,23.6350799086758,84.70091324200914,27.52625570776256,0.5070863433092535
820,0.2003082191780822,23.58582191780821,83.70593607305936,27.58360730593608,0.5470278637770898
821,0.1432876712328767,23.123242009132422,80.09543378995434,27.95738584474886,0.5311317509459924
822,0.2528346994535519,23.345264116575592,81.22700364298726,28.20426912568306,0.5428448572411421
823,0.2796917808219178,23.56678082191781,83.73915525114155,27.705342465753425,0.4918472652218782
824,0.3233561643835616,23.516997716894977,83.89372146118721,27.59478310502283,0.0
825,0.3315981735159817,19.295296803652967,88.01541095890411,23.0312899543379,0.138187163155316
826,0.3256963470319635,19.270091324200912,88.72842465753425,22.90793378995434,0.1515449438202247
827,0.3120560109289617,19.1077868852459,87.73576958105646,22.961145264116578,0.1430397727272727
828,0.4257534246575342,19.35930365296804,89.51563926940639,22.786438356164386,0.1453352649006622
829,0.3575570776255707,19.29896118721461,89.39646118721461,22.72093607305936,0.1466652771988328
830,0.4690639269406392,19.57775114155251,89.925,22.96804794520548,0.1470755517826825
831,0.490790072859745,19.521174863387976,90.54496812386157,22.69689207650273,0.1304728260869565
832,0.3906963470319635,19.30152968036529,89.412100456621,22.751792237442924,0.1579631525076765
833,0.3928652968036529,19.503607305936075,86.30239726027398,23.75238584474885,0.1401794871794872
834,0.573527397260274,19.52505707762557,90.95981735159818,22.59985159817352,0.1282606490872211
835,0.4921220400728597,19.54427367941712,90.53802367941712,22.62571721311476,0.1061511156186612
836,0.4255251141552511,19.539520547945205,90.33230593607306,22.703687214611872,0.0940669371196754
837,0.3866095890410959,19.38437214611872,89.37374429223745,22.79037671232877,0.1099594320486815
838,0.4769292237442922,19.516004566210047,90.14212328767124,22.79412100456621,0.1259787018255578
839,0.3819102914389799,19.52731102003643,90.08253642987248,22.8100295992714,0.1211307725507121
840,0.4490867579908675,19.495696347031963,89.66666666666667,22.893253424657534,0.1253819594302977
841,0.4309246575342466,19.55099315068493,90.15901826484018,22.73382420091324,0.1283987915407855
842,0.4610730593607306,19.599326484018267,90.04885844748858,22.860228310502283,0.1200409836065573
843,0.5335382513661202,19.52636612021858,90.52777777777776,22.63941256830601,0.1156874999999999
844,0.4735730593607306,19.598253424657536,90.11472602739724,22.73872146118721,0.1234166666666666
845,0.4545433789954338,19.83640410958904,89.35616438356165,23.289417808219177,0.1189375
846,0.5374086757990867,19.71664383561644,91.3615296803653,22.61544520547945,0.1208
847,0.5049294171220401,19.626161202185795,90.5332422586521,22.68178506375228,0.12145
848,0.5337899543378996,19.75166666666667,90.59360730593608,22.80930365296804,0.1250833333333333
849,0.4919406392694063,19.61656392694064,90.52100456621004,22.71243150684932,0.1257916666666666
850,0.4041666666666667,19.556792237442924,89.31518264840183,22.944349315068493,0.1173698113207547
851,0.4499544626593807,19.92882513661202,88.69148451730419,23.48703324225865,0.1189622641509434
852,0.5764954337899544,20.01912100456621,91.26963470319636,22.939600456621005,0.1182415094339622
853,0.3963013698630137,19.724840182648403,89.50239726027397,23.112454337899543,0.1224905660377358
854,0.3643835616438356,19.55426940639269,88.49429223744292,23.138698630136982,0.1228943396226415
855,0.4677709471766848,20.029963570127507,89.40004553734062,23.4050660291439,0.122954716981132
856,0.5597945205479452,20.04254566210046,90.73618721461187,23.04372146118721,0.1228857035081101
857,0.5950799086757991,19.977168949771688,91.05205479452054,22.92969178082192,0.0
858,0.184783105022831,23.22,79.65730593607306,27.772899543379,0.7517694256756757
859,0.163607305936073,22.9823401826484,78.43458904109589,27.5710502283105,0.72240450845335
860,0.1691826047358834,22.68441484517304,77.23132969034609,28.171618852459016,0.6206032849020846
861,0.2000114155251141,23.09583333333333,80.25936073059361,27.366518264840185,0.7160517503805175
862,0.2196232876712328,23.21207762557077,81.7560502283105,27.180536529680364,0.7178272810497407
863,0.2428652968036529,23.191826484018264,80.88561643835617,27.5728196347032,0.9664469650521154
864,0.3147654826958105,23.314959016393445,83.25922131147541,27.08333333333333,0.9816554261189454
865,0.1960730593607305,22.98038812785388,79.39372146118721,27.3261301369863,1.0010821581851626
866,0.2076712328767123,22.53740867579909,76.44264591789951,28.89875570776256,0.9696467153284672
867,0.393013698630137,23.364109589041096,85.25901826484018,26.91824200913242,0.9462861313868614
868,0.3312613843351548,23.40062613843352,84.71960382513662,26.912397540983605,0.978712408759124
869,0.2647488584474886,23.43469178082192,83.66769406392694,27.077020547945207,0.8738793322971822
870,0.1939497716894977,23.22390410958904,80.26095890410959,27.40203196347032,0.8727464788732395
871,0.2582990867579908,23.329714611872145,81.32397260273973,27.44688356164384,0.8132496350364964
872,0.1883879781420765,23.26758879781421,80.25250455373406,27.53957194899818,0.8080991253644315
873,0.2505365296803652,23.0731392694064,79.35616438356165,27.761917808219177,0.9178321678321678
874,0.2321917808219178,23.2599200913242,81.0142694063927,27.207614155251143,0.9152389277389276
875,0.2659474885844748,23.28001141552512,80.84303652968036,27.37961187214612,0.8403846153846153
876,0.3251821493624772,23.297586520947178,82.85530510018215,27.013945810564664,0.8407634032634033
877,0.26912100456621,23.455251141552512,81.58390410958904,27.26114155251141,0.8412467229828139
878,0.2670205479452054,23.173093607305933,78.09166666666667,27.81445205479452,0.8410514052715887
879,0.3542351598173516,23.504760273972604,83.84714611872145,27.015034246575343,0.8398835516739447
880,0.3182604735883424,23.42091302367941,83.25808287795992,27.02048041894353,0.8444687045123727
881,0.3551027397260273,23.52788812785388,83.34691780821917,27.091278538812787,0.8456360989810772
882,0.2569406392694064,23.483835616438355,82.0033105022831,27.258013698630137,0.8455778748180495
883,0.220593607305936,23.221130136986304,79.0615296803653,27.63640410958904,0.870014556040757
884,0.25066029143898,23.22110655737705,76.55441712204008,28.65079690346084,0.8651749271137027
885,0.3395547945205479,23.736472602739727,83.3980593607306,27.34962328767124,0.7946194225721784
886,0.2048858447488584,23.458242009132423,78.93344748858448,27.71140410958904,0.8161475648877224
887,0.1460502283105023,22.9700799086758,76.44264591789951,28.00196347031964,0.8947146185206756
888,0.2676912568306011,23.019137067395263,76.44264591789951,28.42141393442623,0.9280926033779848
889,0.3335616438356164,23.473321917808217,81.15639269406392,27.42807077625571,0.946039603960396
890,0.3445890410958904,23.335148401826483,80.54977168949772,27.334189497716896,0.0
891,0.1128424657534246,23.54493150684932,82.95662100456622,28.314942922374428,2.31127331862763
892,0.0853995433789954,23.421107305936072,82.81746575342466,28.53275114155251,2.31127331862763
893,0.0967326958105646,23.291359289617485,82.22916666666667,28.62627504553734,2.31127331862763
894,0.1135730593607305,23.30600456621005,82.45342465753424,28.334634703196347,2.31127331862763
895,0.102796803652968,23.36827625570776,82.49851598173515,28.17882420091324,2.31127331862763
896,0.1434360730593607,23.41898401826484,82.88162100456621,28.298310502283105,2.1892603550295857
897,0.1937727686703096,23.376423041894352,83.4375,27.50248178506375,2.189240631163708
898,0.0897260273972602,23.281015981735163,81.76929223744293,28.22793378995434,2.187958579881657
899,0.1664155251141552,23.67624429223744,83.00502283105023,28.61030821917808,2.184457593688363
900,0.2005707762557077,23.3479794520548,83.44440639269406,27.167522831050228,2.1818737672583826
901,0.1732012750455373,23.41589253187614,83.41621129326047,27.243499544626594,2.31127331862763
902,0.1642465753424657,23.47087899543379,83.04280821917808,27.452922374429225,2.31127331862763
903,0.0839155251141552,23.3851598173516,81.62009132420091,28.496906392694065,2.31127331862763
904,0.1176598173515981,23.43312785388128,82.75936073059361,28.539988584474884,2.31127331862763
905,0.1034266848816029,23.48405054644809,82.66097449908925,28.26777094717669,2.31127331862763
906,0.1256164383561644,23.408732876712328,82.29874429223744,28.478641552511416,2.31127331862763
907,0.1038470319634703,23.50634703196347,82.41381278538813,28.208984018264843,2.31127331862763
908,0.1646232876712328,23.47875570776256,82.59760273972603,28.242899543379,2.31127331862763
909,0.1835040983606557,23.39224726775956,83.26559653916212,27.32926912568306,2.31127331862763
910,0.1402739726027397,23.66197488584475,82.89828767123288,27.816826484018264,2.31127331862763
911,0.1949885844748858,23.732146118721463,83.0412100456621,28.18691780821917,2.31127331862763
912,0.1887214611872146,23.506655251141552,83.52465753424657,27.30240867579909,2.31127331862763
913,0.1646744080145719,23.564731329690343,83.56124772313296,27.45648907103825,2.31127331862763
914,0.167945205479452,23.61478310502283,83.23938356164383,27.62950913242009,2.31127331862763
915,0.115810502283105,23.501164383561644,82.63116438356164,28.07280821917808,2.31127331862763
916,0.0793493150684931,23.499634703196342,82.10525114155251,28.738812785388127,2.31127331862763
917,0.1472108378870673,23.917509107468124,83.24305555555556,28.904963570127507,2.31127331862763
918,0.206769406392694,23.71691780821918,83.36735159817351,27.64719178082192,2.31127331862763
919,0.123755707762557,23.729931506849315,82.63424657534246,28.070262557077623,2.31127331862763
920,0.0812100456621004,23.600502283105023,81.56986301369864,28.977465753424656,2.31127331862763
921,0.151901183970856,23.66683743169399,81.78312841530055,28.7488160291439,2.31127331862763
922,0.181175799086758,23.67942922374429,82.54098173515982,27.798938356164385,2.31127331862763
923,0.2048173515981735,23.597762557077623,82.66050228310502,27.648082191780823,0.0
924,0.1301255707762557,21.603401826484017,82.67203196347032,26.00611872146119,0.0
925,0.1188926940639269,21.45851598173516,82.2587899543379,25.98660958904109,0.0
926,0.1128415300546448,21.35865209471767,82.22222222222223,25.885724043715847,0.0
927,0.129783105022831,21.37985159817352,82.29486301369863,26.0366095890411,0.0
928,0.1157191780821917,21.438550228310504,82.22157534246575,26.036198630136987,0.0
929,0.1398972602739726,21.44958904109589,82.30764840182648,26.07094748858448,0.0
930,0.2066484517304189,21.45445127504553,82.87112932604735,26.04625455373406,0.0
931,0.1051369863013698,21.35562785388128,81.36837899543379,26.09990867579909,0.0
932,0.1953196347031963,21.731906392694064,82.70456621004566,26.502077625570777,0.0
933,0.2285730593607305,21.391084474885844,82.35034246575343,26.348356164383564,0.0
934,0.2105532786885245,21.442566029143897,82.51115664845173,26.34380692167577,0.0
935,0.1957077625570776,21.508778538812784,82.04543378995434,26.50520547945205,0.0
936,0.1055365296803653,21.49849315068493,81.58755707762558,26.160821917808217,0.0
937,0.1173401826484018,21.48536529680365,82.32203196347032,25.8975,0.0
938,0.113353825136612,21.54702868852459,82.41598360655738,26.03221766848816,0.0
939,0.1292009132420091,21.48840182648402,81.94942922374429,26.139623287671235,0.0
940,0.1180593607305936,21.535958904109588,81.86221461187215,26.17786529680365,0.0
941,0.1911301369863013,21.555844748858448,82.35342465753425,26.202100456621004,0.0
942,0.2382058287795992,21.415220856102003,82.28722677595628,26.43674863387978,0.0
943,0.174337899543379,21.705,82.04840182648402,26.466221461187214,0.0
944,0.2068493150684931,21.731084474885844,82.18447488584475,26.82183789954338,0.0
945,0.2345547945205479,21.53810502283105,82.36678082191781,26.40392694063927,0.0
946,0.2117941712204007,21.57280282331512,82.4738160291439,26.437249544626592,0.0
947,0.1984132420091324,21.65196347031964,82.16883561643836,26.50754566210046,0.0
948,0.1670662100456621,21.55607305936073,81.7453196347032,26.36665525114155,0.0
949,0.1060502283105022,21.54494292237443,81.34805936073059,26.159965753424657,0.0
950,0.1879667577413478,21.93178506375228,82.26195355191257,26.60952868852459,0.0
951,0.2236872146118721,21.74013698630137,82.17579908675799,26.65071917808219,0.0
952,0.1804680365296803,21.78763698630137,81.95970319634704,26.61632420091324,0.0
953,0.1071917808219178,21.70808219178082,81.3074200913242,26.571689497716896,0.0
954,0.1744990892531876,21.740744535519127,80.92178961748634,26.97880236794171,0.0
955,0.2442465753424657,21.71759132420092,81.58767123287672,26.89902968036529,0.0
956,0.2654566210045662,21.663824200913243,81.81198630136986,26.71388127853881,0.0
