,weathercode (wmo code),temperature_2m (°C),relativehumidity_2m (%),dewpoint_2m (°C),Yield (mt/ha)
0,3.0,23.486278538812783,86.20045662100456,20.89923515981735,0.4520879120879121
1,3.0,23.378607305936075,86.40399543378996,20.8562100456621,0.4933333333333333
2,3.0,23.25315346083789,86.11122495446266,20.6640141165756,0.6257894736842106
3,3.0,23.086187214611872,88.17157534246576,20.931312785388126,0.64130081300813
4,3.0,23.10021689497717,88.40114155251142,20.990673515981733,0.669609375
5,3.0,23.28022831050228,88.1398401826484,21.116278538812782,0.7166176470588235
6,51.0,23.086304644808745,88.93966302367942,21.0845514571949,0.7932167832167832
7,3.0,23.148618721461187,87.11210045662101,20.78318493150685,0.8332026143790849
8,3.0,24.033299086757992,84.42214611872146,21.03824200913242,0.8228758169934641
9,3.0,23.097705479452053,88.90970319634704,21.09251141552512,0.834375
10,3.0,23.216211293260475,88.71220400728598,21.16392304189436,0.8895625
11,3.0,23.25528538812785,88.58356164383562,21.1827397260274,0.9545398773006136
12,3.0,23.30625570776256,87.34646118721462,20.985091324200912,0.8134763948497854
13,3.0,23.26036529680365,87.64942922374429,20.99579908675799,0.823991416309013
14,3.0,23.285439435336976,88.06215846994536,21.107912112932603,0.7494822888283379
15,3.0,23.382134703196343,86.75342465753425,20.922054794520548,0.7914092140921408
16,3.0,23.337294520547943,88.33630136986301,21.215011415525115,0.8332207792207793
17,3.0,23.379965753424656,88.23333333333333,21.233527397260275,0.880975
18,3.0,23.20269808743169,88.87613843351548,21.18566712204008,0.9229756097560976
19,3.0,23.321940639269407,88.7851598173516,21.287842465753425,0.972819277108434
20,3.0,23.677545662100457,87.50833333333334,21.372237442922373,0.9666190476190476
21,3.0,23.224874429223743,89.2763698630137,21.29126712328767,0.960415512465374
22,3.0,23.330168488160293,88.6120218579235,21.264093806921675,0.9517260273972604
23,3.0,23.374783105022832,88.79292237442922,21.3381392694064,0.9582191780821918
24,3.0,23.19150684931507,88.64748858447489,21.13239726027397,0.9988648648648648
25,3.0,23.455399543378995,87.02865296803652,21.06013698630137,1.0397297297297297
26,3.0,23.92654826958105,86.56045081967213,21.40510018214936,0.7724867724867724
27,3.0,23.535205479452053,88.87625570776255,21.517568493150684,0.4756935817805383
28,3.0,23.6474200913242,87.64566210045662,21.37982876712329,0.4885714285714285
29,3.0,23.71980593607305,85.47191780821917,20.99704337899544,0.4649596774193548
30,3.0,23.825193533697632,86.71892076502732,21.34362477231329,0.512686274509804
31,3.0,23.52256849315069,88.82111872146119,21.49214611872146,0.4067120622568093
32,51.0,23.500700589970503,88.92453294001966,21.494776302851523,0.0
33,1.0,24.65755707762557,83.29509132420091,21.456278538812786,0.6759615384615385
34,3.0,24.51304794520548,83.51095890410959,21.372248858447488,0.6708176100628931
35,1.0,24.42469262295082,83.68693078324226,21.3333674863388,0.6622292993630573
36,3.0,24.22622146118721,85.59509132420091,21.55218036529681,0.6794904458598726
37,3.0,24.166347031963472,86.15787671232877,21.6104794520548,0.6754430379746835
38,3.0,24.357910958904107,85.59223744292237,21.6830593607306,0.7001898734177215
39,51.0,24.15869763205829,86.48998178506375,21.678187613843352,0.6296078431372549
40,3.0,24.187100456621003,85.27111872146119,21.450730593607304,0.7008441558441559
41,1.0,25.07396118721461,82.76027397260275,21.7425,0.6872549019607843
42,3.0,24.04519406392694,87.38538812785389,21.746381278538813,0.6899342105263159
43,3.0,24.12757285974499,87.42725409836065,21.837739071038254,0.6992307692307692
44,3.0,24.22019406392694,86.91837899543378,21.828607305936075,0.7593382352941176
45,3.0,24.43426940639269,84.53915525114155,21.53602739726028,0.7048148148148149
46,3.0,24.387808219178083,84.76358447488585,21.541997716894976,0.6591111111111111
47,3.0,24.385314207650275,85.49521857923497,21.69614071038251,0.681259842519685
48,3.0,24.443995433789954,84.78230593607306,21.58673515981735,0.6859349593495936
49,3.0,24.33607305936073,86.26506849315068,21.807408675799085,0.6615254237288136
50,3.0,24.41464611872146,85.87922374429223,21.7953196347032,0.5974285714285714
51,3.0,24.16586976320583,87.08230874316939,21.80457650273224,0.6354022988505748
52,3.0,24.33361872146119,86.77260273972603,21.90945205479452,0.6864516129032259
53,1.0,24.78117579908676,84.66438356164383,21.903150684931507,0.5617647058823529
54,3.0,24.17392694063927,87.63424657534246,21.92740867579909,0.571388888888889
55,3.0,24.258504098360657,87.21265938069217,21.92455601092896,0.5916666666666667
56,3.0,24.3889497716895,86.47454337899543,21.904954337899543,0.691764705882353
57,3.0,24.331050228310502,85.65262557077625,21.67655251141553,0.6678571428571428
58,1.0,24.600502283105023,83.78972602739726,21.53094748858448,0.6378571428571428
59,1.0,25.08507513661202,83.65266393442623,21.962841530054646,0.515
60,3.0,24.52216894977169,86.68127853881279,22.083390410958906,0.4302884615384615
61,1.0,24.639029680365297,85.71472602739726,21.99466894977169,0.5076190476190476
62,1.0,24.81360730593608,83.29189497716895,21.62719178082192,0.4064
63,1.0,24.923713570127504,83.49464936247723,21.79072176684882,0.2673809523809524
64,3.0,24.52912100456621,86.19429223744292,22.000513698630137,0.3757142857142857
65,51.0,24.48967551622419,86.25934119960668,21.96842428711897,0.0
66,1.0,27.19391552511416,81.19052511415525,23.61553652968037,0.0
67,1.0,27.083584474885846,81.12625570776255,23.49856164383561,0.0
68,1.0,26.98851320582878,81.36771402550092,23.45777550091075,0.0
69,1.0,26.9049200913242,82.15787671232877,23.54883561643836,0.0
70,1.0,26.891906392694064,82.3167808219178,23.570456621004567,0.0
71,1.0,27.020228310502283,82.15490867579909,23.659794520547944,0.0
72,51.0,26.87349726775956,82.53494990892531,23.596846539162115,0.0
73,1.0,26.9638698630137,81.27591324200914,23.420433789954338,0.0
74,1.0,27.52340182648402,81.0425799086758,23.90615296803653,0.0
75,51.0,26.79712328767123,83.07043378995434,23.637568493150685,0.0
76,1.0,26.883173952641165,83.18237704918033,23.746322859745,0.640377358490566
77,1.0,26.9675,82.83367579908676,23.75723744292237,0.670188679245283
78,1.0,27.13891552511416,81.07248858447488,23.547214611872143,0.5820524946795933
79,1.0,27.06478310502283,81.45102739726028,23.55601598173516,0.6441239063608418
80,1.0,27.071983151183968,82.08162568306011,23.698224043715847,0.6942539607472216
81,1.0,27.12939497716895,81.32922374429224,23.581746575342468,0.6915118478139949
82,1.0,27.038812785388128,82.66278538812786,23.79124429223744,0.7409995262908574
83,1.0,27.14412100456621,82.02477168949771,23.75554794520548,0.7324390243902439
84,1.0,26.920081967213115,82.75739981785064,23.6932718579235,0.7539024390243902
85,1.0,27.11626712328767,82.55114155251141,23.843002283105022,0.7370731707317073
86,1.0,27.453025114155253,81.34680365296803,23.912305936073057,0.7367073170731707
87,51.0,26.92126712328767,83.29155251141553,23.80543378995434,0.6591463414634146
88,1.0,27.03795537340619,82.79656193078324,23.818203551912568,0.8160810810810811
89,1.0,27.137796803652968,82.40559360730593,23.83165525114155,1.0878
90,1.0,27.11482876712329,81.43801369863014,23.60228310502283,1.0142
91,1.0,27.215216894977168,81.06038812785388,23.614794520547942,0.8735483870967742
92,1.0,27.651354735883423,81.19774590163935,24.071379781420767,0.8604838709677419
93,1.0,27.25759132420092,82.57340182648402,23.984132420091324,0.8420967741935484
94,1.0,27.44720319634704,81.38447488584475,23.921666666666667,0.8475806451612903
95,1.0,27.444520547945206,80.6013698630137,23.742956621004566,0.8447619047619047
96,1.0,27.70502049180328,80.53620218579235,23.985382513661204,0.87890625
97,1.0,27.550490867579907,81.36929223744292,24.02618721461187,0.80796875
98,51.0,27.49686578171092,81.41752704031465,23.978343166175023,0.0
99,1.0,27.2032191780822,82.83413242009132,23.96122146118721,0.7
100,1.0,27.142853881278537,82.5263698630137,23.850536529680365,0.65
101,1.0,27.12871129326048,81.95002276867031,23.70733151183971,0.7000000000000001
102,1.0,26.95961187214612,83.2337899543379,23.81672374429224,0.65
103,1.0,26.947888127853883,83.65650684931506,23.89601598173516,0.699787226856699
104,51.0,26.96829908675799,83.98949771689497,23.98417808219178,0.75
105,51.0,26.821152094717668,84.27128870673953,23.89689207650273,0.8602530155928214
106,1.0,27.051666666666662,82.32842465753424,23.721598173515986,0.9
107,1.0,27.523378995433788,82.23915525114155,24.14070776255708,0.85
108,51.0,26.745673515981736,84.75319634703196,23.924246575342465,0.7
109,51.0,26.87482923497268,84.58765938069217,24.01961520947177,0.7
110,51.0,26.934497716894978,84.50753424657535,24.0629794520548,0.8
111,1.0,27.19656392694064,82.34760273972603,23.86871004566209,1.446375
112,1.0,27.062933789954336,83.08550228310503,23.88576484018265,1.19125
113,1.0,27.071095173041893,83.4509335154827,23.97241575591985,1.228235294117647
114,1.0,27.082134703196346,83.23230593607306,23.93434931506849,1.7228571428571429
115,1.0,27.05719178082192,84.00890410958904,24.080091324200914,1.708157894736842
116,51.0,27.045251141552512,84.05776255707762,24.074452054794524,1.4223684210526315
117,51.0,26.805088797814207,84.86999089253187,24.00706967213115,1.391315789473684
118,1.0,27.09654109589041,84.42933789954338,24.20267123287671,1.5261764705882352
119,51.0,27.39474885844749,83.23458904109589,24.23964611872146,1.5
120,51.0,26.840730593607304,85.27579908675798,24.126438356164385,1.2597058823529412
121,51.0,26.97964480874317,84.67292805100182,24.13941256830601,0.8538235294117648
122,51.0,27.047557077625573,84.54406392694064,24.175262557077623,0.9625
123,1.0,27.068778538812783,83.53230593607306,23.98485159817352,1.145
124,1.0,27.274714611872145,82.3802511415525,23.94391552511416,0.8028571428571428
125,1.0,27.61937613843352,83.0620446265938,24.41626821493625,0.7910714285714285
126,51.0,27.188230593607305,84.51563926940639,24.308858447488586,0.7760714285714286
127,1.0,27.38996575342465,83.52591324200914,24.30219178082192,0.7333333333333333
128,1.0,27.574680365296803,81.6337899543379,24.081780821917807,0.6029411764705882
129,1.0,27.639731329690346,82.26923952641165,24.275774134790527,0.6070588235294118
130,1.0,27.37638127853881,83.64383561643835,24.31410958904109,0.6797222222222222
131,51.0,27.32878564405113,83.62008357915438,24.26289331366765,0.0
132,3.0,20.01473744292237,85.54874429223744,17.304440639269405,0.4541460163111669
133,3.0,19.774006849315068,86.64600456621005,17.31747716894977,0.4532504705144291
134,1.0,19.859369307832424,84.34164389799636,16.883071493624772,0.4297413522012579
135,3.0,19.608504566210044,88.12705479452055,17.445171232876714,0.4207534408179316
136,3.0,19.633561643835616,87.63550228310503,17.380262557077625,0.42
137,3.0,19.81591324200913,88.125,17.642990867579908,0.4180601668492458
138,3.0,19.63584927140255,89.39332877959927,17.73237704918033,0.4160723017813482
139,3.0,19.55811643835617,88.45456621004566,17.469303652968037,0.4
140,3.0,20.62836757990868,82.82602739726028,17.249954337899545,0.400189723320158
141,3.0,19.513036529680367,90.01004566210045,17.727659817351597,0.4011620553359683
142,3.0,19.55051229508197,89.50398451730419,17.671516393442623,0.4015248133509003
143,3.0,19.61414383561644,89.28915525114155,17.69470319634703,0.4386
144,3.0,19.72910958904109,87.81803652968037,17.50986301369863,0.4577857142857143
145,3.0,19.706860730593608,88.96335616438355,17.716141552511417,0.44656
146,3.0,19.76668943533698,88.41746357012751,17.67337204007286,0.4457561904761904
147,3.0,19.743013698630136,88.53801369863014,17.66320776255708,0.4467712918660287
148,3.0,19.74388127853881,88.49383561643836,17.665867579908674,0.4726507177033492
149,3.0,19.813344748858448,88.96586757990868,17.81861872146119,0.4741626794258373
150,3.0,19.60704690346084,89.33822859744991,17.69219034608379,0.4665071770334928
151,3.0,19.76704337899543,88.93778538812785,17.778093607305937,0.4473684210526316
152,3.0,20.140525114155253,87.83287671232877,17.909851598173514,0.5122222222222222
153,3.0,19.69001141552512,90.3675799086758,17.979920091324203,0.505
154,3.0,19.78864981785064,88.90107012750455,17.798554189435336,0.4366666666666666
155,3.0,19.88075342465753,89.47283105022831,17.987899543378994,0.4522222222222222
156,3.0,19.70656392694064,89.91974885844749,17.89829908675799,0.4652222222222222
157,3.0,19.93384703196347,88.08253424657535,17.76304794520548,0.4681111111111111
158,3.0,20.50957422586521,86.23007741347905,17.917042349726774,0.4863333333333333
159,3.0,20.014942922374427,90.1464611872146,18.25738584474886,0.4978888888888889
160,3.0,20.004600456621,88.17659817351598,17.860707762557077,0.5086444444444445
161,3.0,20.13434931506849,86.63561643835617,17.668333333333333,0.5193777777777777
162,3.0,20.542896174863387,87.46789617486338,18.216791894353367,0.4917517491491752
163,3.0,20.17981735159817,89.66301369863014,18.32805936073059,0.5597080373001777
164,51.0,20.15556784660767,89.97123893805309,18.368780727630284,0.0
165,1.0,27.005993150684933,82.18219178082192,23.67134703196347,2.148085106382979
166,1.0,26.997819634703195,81.37134703196347,23.497682648401828,1.8130708661417323
167,1.0,27.04976092896175,80.22654826958106,23.309915755919853,1.7611199999999998
168,1.0,27.02349315068493,81.5466894977169,23.56076484018265,1.6081666666666663
169,1.0,26.9779794520548,81.83915525114155,23.575936073059363,1.00768
170,1.0,27.02695205479452,82.15821917808219,23.69485159817352,1.3932496075353218
171,1.0,26.94023224043716,82.49112021857924,23.66999089253188,2.31127331862763
172,1.0,26.951038812785388,81.23641552511415,23.42720319634703,2.03221586263287
173,1.0,27.54590182648402,80.3541095890411,23.82687214611872,2.026181818181818
174,1.0,27.0698401826484,81.77191780821917,23.651244292237443,1.7375510204081632
175,1.0,27.19030054644809,81.55851548269581,23.72241575591985,1.2419565217391304
176,1.0,27.166050228310503,81.8708904109589,23.770821917808217,1.4706666666666666
177,1.0,27.01891552511416,81.67203196347032,23.57880136986301,0.83725
178,1.0,26.92020547945205,82.57716894977169,23.671780821917807,0.821388888888889
179,1.0,27.06268214936248,82.36760018214936,23.76827185792349,0.8152941176470588
180,1.0,27.062488584474885,81.7898401826484,23.65146118721461,0.6990243902439024
181,1.0,27.24109589041096,81.51449771689498,23.76952054794521,0.6419178082191781
182,1.0,27.262865296803653,81.38424657534246,23.76275114155252,0.63375
183,1.0,27.118715846994533,81.82081056466302,23.71326275045537,0.6006451612903226
184,1.0,27.209897260273973,81.79646118721462,23.792477168949773,0.5331034482758621
185,1.0,27.465228310502283,81.34383561643835,23.955776255707764,0.4865384615384615
186,1.0,27.03809360730594,82.80456621004566,23.836826484018264,0.4264
187,1.0,27.238479052823315,81.43214936247723,23.749521857923497,0.3752173913043478
188,1.0,27.24283105022831,81.89006849315068,23.842979452054795,0.3622222222222222
189,1.0,27.008858447488585,82.32454337899543,23.70236301369863,0.3336363636363636
190,1.0,27.11259132420092,81.63162100456621,23.668458904109592,0.3247058823529412
191,1.0,27.549066484517304,81.65482695810564,24.095241347905283,0.2395238095238095
192,1.0,27.318789954337905,82.77705479452055,24.10510273972603,0.2336585365853658
193,1.0,27.484474885844747,81.18116438356165,23.932397260273973,0.2278947368421052
194,1.0,27.418858447488585,80.1593607305936,23.65203196347032,0.2222222222222222
195,1.0,27.441621129326048,81.71482240437159,24.00792349726776,0.2012195121951219
196,1.0,27.391472602739725,81.85456621004566,23.97924657534247,0.209095951192457
197,1.0,27.329301868239924,82.07890855457227,23.974569813176007,0.0
198,1.0,23.819132420091325,82.2236301369863,20.33568493150685,0.204188679245283
199,1.0,23.68248858447489,82.36438356164383,20.26082191780822,0.2000499999999999
200,1.0,23.78053278688525,80.96436703096539,20.00159380692168,0.19735
201,1.0,23.4741095890411,84.32020547945206,20.49624429223744,0.1982
202,1.0,23.39030821917808,84.27294520547945,20.392568493150684,0.1998421052631578
203,1.0,23.707739726027395,83.58493150684932,20.534406392694063,0.2023157894736842
204,51.0,23.33959471766849,86.01411657559198,20.72453324225865,0.4007446808510638
205,1.0,23.456472602739726,84.36735159817351,20.508744292237445,0.3202127659574468
206,1.0,24.621038812785383,78.32442922374429,20.131655251141552,0.3145744680851063
207,1.0,23.068789954337905,87.57945205479452,20.7807191780822,0.68245
208,1.0,23.16347905282332,87.1245446265938,20.78703324225865,0.4862190812720848
209,1.0,23.32990867579909,86.31917808219178,20.782990867579908,0.5119081272084806
210,1.0,23.623698630136985,83.71267123287672,20.51461187214612,0.4129722222222222
211,1.0,23.577214611872144,84.85114155251142,20.70743150684932,0.4132394366197183
212,1.0,23.55985883424408,85.08811475409836,20.757912112932605,0.4116056338028169
213,1.0,23.685981735159817,84.23698630136987,20.66882420091324,0.2671728395061728
214,1.0,23.53569634703197,84.70764840182649,20.645867579908675,0.2633456790123457
215,1.0,23.66049086757991,84.5818493150685,20.735,0.2796913580246913
216,1.0,23.38979963570128,85.52493169398907,20.674419398907105,0.2793017456359102
217,1.0,23.472956621004567,86.2568493150685,20.916906392694063,0.2860349127182044
218,1.0,24.221301369863014,81.80764840182648,20.682248858447487,0.2788029925187032
219,2.0,23.3031392694064,87.37054794520547,20.98059360730593,0.2660598503740648
220,1.0,23.37251821493625,86.04496812386157,20.77801684881603,0.2518703241895262
221,1.0,23.42801369863013,86.71940639269407,20.95920091324201,0.2430922693266833
222,1.0,23.443664383561643,86.67545662100457,20.967534246575344,0.2520987654320987
223,1.0,23.70196347031964,84.37260273972603,20.720947488584475,0.2484049079754601
224,1.0,24.39544626593807,81.89367030965391,20.807741347905285,0.2620588235294118
225,1.0,23.61138127853881,87.30285388127854,21.267933789954338,0.2743529411764706
226,1.0,23.850890410958904,84.72659817351598,20.97140410958904,0.2723922902494331
227,1.0,23.976883561643834,82.8574200913242,20.670296803652967,0.2916610169491525
228,1.0,24.149726775956285,83.57445355191257,20.96848816029144,0.3033707865168539
229,1.0,23.65901826484018,86.46232876712328,21.1437100456621,0.3146629213483146
230,51.0,23.665449852507376,86.20452310717798,21.095366273353,0.0
231,1.0,22.871860730593607,86.00251141552512,20.2578196347032,0.0887931034482758
232,1.0,22.763036529680367,86.32888127853882,20.243949771689497,0.0637068965517241
233,1.0,22.802493169398907,84.51821493624772,19.876616575591985,0.0613793103448275
234,1.0,22.588116438356163,87.3337899543379,20.27405251141553,0.0953913043478261
235,1.0,22.520913242009133,88.03047945205479,20.34196347031964,0.0953913043478261
236,1.0,22.754554794520548,87.65502283105023,20.501164383561644,0.0874561403508772
237,51.0,22.53534836065574,88.56352459016394,20.466564207650272,0.086578947368421
238,1.0,22.538253424657533,87.11723744292237,20.18052511415525,0.0785087719298245
239,1.0,23.448789954337897,83.76723744292238,20.32787671232877,0.0769
240,51.0,22.45704337899544,88.97191780821917,20.467568493150683,0.0545
241,1.0,22.619000455373406,88.38035063752277,20.5126252276867,0.065360824742268
242,1.0,22.64538812785388,88.30205479452054,20.524452054794523,0.0550515463917525
243,1.0,22.66426940639269,87.32420091324201,20.34942922374429,0.0428865979381443
244,51.0,22.681746575342466,87.2816210045662,20.3501598173516,0.0365979381443298
245,1.0,22.737704918032787,87.33276411657559,20.420935792349727,0.0347777777777777
246,1.0,22.78332191780822,86.60045662100457,20.30640410958904,0.0431428571428571
247,1.0,22.7479794520548,87.59075342465754,20.48414383561644,0.0417142857142857
248,1.0,22.77422374429224,87.85593607305935,20.55969178082192,0.0413432835820895
249,1.0,22.612363387978142,88.48258196721312,20.52408925318761,0.0783783783783783
250,1.0,22.67961187214612,88.66221461187214,20.62820776255708,0.0854054054054054
251,1.0,23.16458904109589,86.84474885844749,20.7375,0.1013513513513513
252,51.0,22.579406392694064,89.3115296803653,20.65480593607306,0.1145945945945946
253,1.0,22.66954690346084,88.49886156648452,20.58892304189436,0.1324324324324324
254,51.0,22.781689497716897,88.45799086757991,20.68646118721461,0.1672972972972973
255,1.0,22.597602739726028,88.20673515981736,20.457488584474888,0.2062162162162162
256,1.0,22.87638127853881,86.05034246575343,20.28654109589041,0.2410810810810811
257,1.0,23.380362021857923,85.62067395264117,20.681420765027323,0.2405405405405405
258,1.0,22.915273972602737,88.55844748858448,20.84439497716895,0.2371794871794871
259,1.0,22.9778196347032,87.3804794520548,20.672134703196345,0.233
260,1.0,23.036621004566207,85.25993150684931,20.287100456621005,0.1909090909090909
261,1.0,23.229109744990893,86.15664845173042,20.635348360655737,0.21875
262,1.0,22.87714611872146,88.49486301369863,20.79271689497717,0.256875
263,51.0,22.83939282202556,88.64712389380531,20.78113323500492,0.0
264,1.0,27.516084474885844,85.52248858447489,24.79353881278539,0.6567558239861949
265,1.0,27.522671232876714,85.80810502283104,24.86140410958904,0.8209490940465919
266,1.0,27.50800318761384,84.65232240437159,24.608526867030964,0.821025886864813
267,1.0,27.42964611872146,86.00308219178082,24.816746575342467,0.8216417910447762
268,1.0,27.45160958904109,85.9296803652968,24.80857305936073,0.7394669509594882
269,1.0,27.235285388127856,86.98755707762557,24.83020547945205,0.8213947368421053
270,51.0,27.194558287795992,86.8690801457195,24.758333333333336,0.8214035087719299
271,1.0,27.23754566210045,85.66609589041096,24.54712328767123,0.7385380116959065
272,1.0,27.851358447488582,84.85079908675799,24.979326484018262,0.8214024390243903
273,1.0,27.252340182648403,86.45296803652968,24.73493150684932,0.8213846153846153
274,1.0,27.47366803278689,86.21459471766849,24.90239071038252,0.8213846153846153
275,1.0,27.655502283105022,85.76963470319635,24.995376712328767,0.8101288659793814
276,1.0,27.703310502283102,85.83470319634704,25.049326484018263,0.8267435897435897
277,51.0,27.60066210045662,86.7189497716895,25.12599315068493,0.8794102564102565
278,1.0,27.76443533697632,86.23201275045537,25.18941256830601,0.8192820512820512
279,1.0,27.80389269406393,85.92465753424658,25.17777397260274,0.787948717948718
280,1.0,28.05517123287671,85.01301369863013,25.238344748858445,0.7793076923076924
281,1.0,28.029257990867578,85.24554794520547,25.2606392694064,0.7976756756756757
282,1.0,27.904098360655738,85.26593806921676,25.147836976320583,0.8064102564102564
283,1.0,28.064200913242008,84.67351598173516,25.171061643835618,0.8822820512820512
284,1.0,28.125776255707763,86.04383561643836,25.52641552511416,0.9333333333333332
285,1.0,27.980182648401826,85.55114155251141,25.27595890410959,0.8979746835443038
286,1.0,28.0708674863388,85.19193989071039,25.291211293260474,0.5966386554621849
287,1.0,28.166050228310503,85.55993150684931,25.457534246575342,0.6362016806722689
288,1.0,27.953904109589043,85.56518264840183,25.248299086757992,0.6163712374581939
289,1.0,28.258504566210046,83.74691780821918,25.166792237442923,0.6185483870967742
290,1.0,28.487750455373405,84.12295081967213,25.475648907103825,0.6270096463022508
291,1.0,28.18958904109589,85.37739726027397,25.446278538812784,0.65
292,1.0,28.284908675799084,83.82043378995434,25.20981735159817,0.6457936507936508
293,1.0,28.314566210045665,82.47283105022831,24.93090182648402,0.6537301587301587
294,1.0,28.236122495446267,84.73941256830601,25.36395719489981,0.6572380952380953
295,1.0,28.30625570776256,84.09828767123288,25.28336757990868,0.6545555555555556
296,51.0,28.321226647000984,84.47295968534907,25.387868731563422,0.0
297,1.0,23.510228310502285,85.78356164383561,20.8088698630137,0.0
298,1.0,23.38151826484018,86.05171232876712,20.746164383561645,0.0
299,1.0,23.44855418943533,84.5959699453552,20.49050546448088,0.0
300,1.0,23.219817351598174,87.26769406392694,20.83172374429224,0.0
301,1.0,23.41865296803653,85.83675799086758,20.72922374429224,0.0
302,1.0,23.14667808219178,88.5865296803653,21.031038812785383,0.0
303,51.0,23.16124772313297,88.5846994535519,21.03986794171221,0.0
304,1.0,23.2687899543379,86.71449771689498,20.76267123287672,0.0
305,51.0,23.598059360730595,86.73744292237443,21.06431506849315,0.0
306,1.0,22.97171232876713,89.66244292237442,21.066940639269404,0.9671274467159634
307,1.0,23.109448998178507,89.11293260473589,21.093647540983607,1.1295854077253218
308,1.0,23.377602739726026,87.7033105022831,21.08349315068493,1.2327512864493997
309,1.0,23.37062785388128,86.72111872146118,20.87527397260273,1.1545608919382504
310,1.0,23.30664383561644,87.625799086758,20.99271689497717,1.1311166941003206
311,1.0,23.590528233151183,86.21140710382514,20.9933970856102,0.9890532441587768
312,1.0,23.37062785388128,87.43150684931507,21.015662100456623,1.018990860624524
313,1.0,23.473116438356165,86.98824200913242,21.03982876712329,1.040053979782118
314,1.0,23.40259132420092,87.87271689497717,21.135650684931505,0.9951479230999104
315,51.0,23.13932149362477,88.93602003642987,21.089321493624773,1.0038997908158185
316,1.0,23.65189497716895,86.55228310502284,21.116940639269405,1.008201016037454
317,51.0,23.42005707762557,88.65479452054795,21.30779680365297,0.9976487562189056
318,1.0,23.2637899543379,88.95867579908676,21.224121004566207,0.851908
319,1.0,23.4251024590164,87.72848360655738,21.136737249544627,0.7529879396984924
320,1.0,23.40807077625571,88.38116438356164,21.24689497716895,0.2507559098405717
321,1.0,23.44977168949772,87.84726027397261,21.18222602739726,0.184055571147909
322,1.0,23.514280821917808,86.76506849315068,21.02980593607306,0.2725109649122807
323,1.0,23.88998178506376,86.84995446265938,21.401263661202183,0.2737268466860075
324,51.0,23.516792237442925,89.25696347031963,21.534965753424657,0.2625480543834974
325,1.0,23.955251141552512,85.6222602739726,21.21638127853881,0.2721353313041442
326,1.0,23.785216894977168,85.50502283105023,21.02126712328767,0.2732357761648326
327,51.0,23.699237249544627,88.52037795992715,21.560872040072866,0.2677077967689066
328,1.0,23.703778538812784,88.41506849315068,21.54511415525114,0.2369187543900726
329,51.0,23.48884703196347,89.21084474885845,21.498824200913244,0.0
330,1.0,22.906632420091324,84.18070776255708,19.868972602739728,0.9542565146579804
331,1.0,22.71692922374429,84.70650684931506,19.821780821917805,0.9768324649951156
332,1.0,22.97044626593807,81.62659380692168,19.345582877959927,0.9763924153645832
333,1.0,22.66591324200913,85.45422374429224,19.924600456621004,0.9631919044135576
334,1.0,22.625148401826483,85.36107305936073,19.862968036529683,1.03343567251462
335,1.0,22.75172374429224,85.96107305936073,20.109360730593608,1.043720139282533
336,51.0,22.619524134790527,86.62408925318762,20.1254553734062,1.0183319831497084
337,1.0,22.67570776255708,85.04737442922375,19.859235159817352,0.968072733098366
338,1.0,23.47119863013699,82.0667808219178,19.90148401826484,0.944891861582826
339,51.0,22.46632420091324,87.55445205479452,20.15962328767123,0.9875702479338844
340,51.0,22.514207650273224,87.57274590163935,20.21308060109289,1.0879802955665026
341,1.0,22.678424657534247,86.67922374429224,20.198938356164383,1.0701610305958134
342,1.0,22.77509132420091,85.08036529680365,19.960890410958903,1.044944
343,51.0,22.766792237442925,86.06221461187215,20.16062785388128,1.0840350877192984
344,1.0,22.910530510018216,85.0561247723133,20.09961293260473,1.0777129337539433
345,1.0,22.933687214611872,84.6892694063927,20.02259132420092,1.0651282051282052
346,1.0,22.79641552511416,85.86769406392695,20.151929223744293,1.045718954248366
347,1.0,22.875034246575343,85.79714611872146,20.20441780821918,1.0473745819397997
348,51.0,22.620457650273224,86.88991347905282,20.18469945355191,1.0406292517006803
349,1.0,22.82312785388128,86.2574200913242,20.25941780821918,1.0253424657534245
350,1.0,23.125262557077622,85.15342465753425,20.3139497716895,1.036310344827586
351,51.0,22.635502283105023,87.6810502283105,20.366038812785387,1.0402218430034131
352,51.0,22.688695355191257,86.88000910746813,20.25900500910747,1.0381725888324873
353,51.0,22.78934931506849,87.01894977168949,20.377100456621005,1.0085953177257525
354,51.0,22.84704337899544,86.1654109589041,20.26228310502283,0.9617924528301888
355,1.0,22.927100456621005,84.99783105022831,20.08171232876712,0.9668118195956452
356,1.0,23.485029599271403,83.69649362477232,20.32386156648452,0.9654896142433236
357,51.0,22.9988698630137,87.13595890410959,20.620353881278536,0.9621726618705037
358,1.0,23.192214611872146,84.56575342465753,20.27196347031964,0.9626609442060086
359,1.0,23.167648401826483,83.52865296803652,20.020342465753423,0.9979224976195286
360,1.0,23.46459471766849,83.92133424408014,20.370628415300548,0.979304347826087
361,1.0,23.07934931506849,86.34155251141553,20.537454337899543,0.9492375366568916
362,51.0,22.969257990867582,86.76061643835617,20.51852739726027,0.0
363,1.0,24.820136986301367,82.80936073059361,21.41049086757991,1.4149492242595203
364,1.0,24.66582191780822,82.8925799086758,21.31650684931507,1.355104667609618
365,1.0,24.800967668488163,81.34767759562841,21.03802367941712,1.3750285714285717
366,1.0,24.43360730593607,84.83584474885845,21.506004566210045,1.3027064150943397
367,1.0,24.53928082191781,84.08276255707763,21.45490867579909,1.3636405228758168
368,1.0,24.584714611872148,84.52762557077625,21.579109589041096,1.5146625
369,51.0,24.37761839708561,86.22199453551913,21.76219262295082,1.274814453125
370,1.0,24.40582191780822,85.02694063926941,21.53889269406393,1.313643923240938
371,1.0,25.28574200913242,81.13481735159817,21.45859589041096,1.2510876777251183
372,1.0,24.248778538812783,86.98732876712329,21.79793378995434,1.2670815789473684
373,1.0,24.262420309653915,87.26263661202186,21.87059426229508,0.8557102069950037
374,1.0,24.507488584474885,86.01392694063927,21.849817351598173,1.004171052631579
375,1.0,24.66344748858448,83.81438356164384,21.52069634703196,1.159934595524957
376,1.0,24.63437214611872,84.75616438356164,21.692865296803653,1.1381411359724614
377,1.0,24.89341985428051,83.25056921675774,21.642725409836068,1.1069638554216867
378,1.0,24.833162100456622,83.3046803652968,21.55155251141553,1.1035972461273666
379,1.0,24.73954337899543,84.19280821917808,21.68843607305936,1.0625576592082615
380,1.0,24.69920091324201,84.77397260273973,21.755867579908674,1.0535121951219513
381,1.0,24.39110883424408,86.31409380692168,21.791336520947176,1.024047619047619
382,1.0,24.67952054794521,85.79006849315068,21.97493150684932,1.0279726890756302
383,1.0,25.06910958904109,82.94474885844748,21.736324200913245,0.9328606442577032
384,1.0,24.426415525114155,87.13675799086758,22.014520547945207,0.9399964985994398
385,1.0,24.500739981785063,86.17816484517304,21.888433515482696,0.9445413165266108
386,1.0,24.673698630136983,85.74623287671233,21.961826484018264,0.9480497198879552
387,1.0,24.705810502283104,85.462899543379,21.935582191780824,0.9776899171270718
388,1.0,24.906518264840184,83.30707762557077,21.65593607305936,1.0103487569060772
389,1.0,25.46902322404372,81.8690801457195,21.841939890710385,0.9838121546961326
390,1.0,24.81447488584475,86.37248858447488,22.246038812785383,0.943639502762431
391,1.0,25.16400684931507,83.28299086757991,21.909383561643835,0.96486701208981
392,1.0,25.03255707762557,82.82853881278538,21.66522831050228,0.9591013928410964
393,1.0,25.19142759562841,83.22620673952642,21.88447176684882,1.078835578094642
394,1.0,24.74148401826484,86.53356164383561,22.19425799086758,1.1503869331840486
395,51.0,24.6502397260274,86.36860730593607,22.075993150684933,0.0
396,1.0,20.96876712328767,86.54851598173516,18.5162899543379,0.0
397,1.0,20.84794520547945,86.36940639269406,18.3580593607306,0.0
398,1.0,20.93521174863388,84.78415300546447,18.10570355191257,0.0
399,1.0,20.674805936073057,87.84554794520548,18.49134703196347,0.0
400,1.0,20.712865296803653,87.49006849315069,18.45775114155251,0.0
401,1.0,20.807397260273973,87.96826484018266,18.6397602739726,0.0
402,51.0,20.65538479052823,88.99556010928961,18.69910063752277,0.0
403,2.0,20.688972602739724,87.55479452054794,18.453162100456623,0.0
404,1.0,21.110536529680363,87.59006849315068,18.850490867579907,0.0
405,3.0,20.541837899543378,89.71084474885845,18.723584474885847,0.0
406,3.0,20.587704918032784,89.83857012750455,18.79379553734062,0.0
407,2.0,20.75641552511416,88.67579908675799,18.7428196347032,0.0
408,1.0,20.84291095890411,87.03013698630137,18.50181506849315,0.0
409,2.0,20.816860730593607,87.95102739726028,18.656986301369862,0.0
410,2.0,20.89760928961749,87.92281420765028,18.734631147540984,0.0
411,1.0,20.89044520547945,87.39874429223744,18.611712328767123,0.0
412,2.0,20.796221461187216,88.45216894977169,18.74070776255708,0.0
413,2.0,20.852808219178083,88.42340182648402,18.780125570776256,0.0
414,3.0,20.603062386156648,89.4372723132969,18.73571265938069,0.0
415,1.0,20.945182648401826,88.35719178082192,18.864874429223743,0.0
416,1.0,21.05703196347032,87.96278538812786,18.89149543378996,0.0
417,3.0,20.70843607305936,89.56712328767124,18.866598173515985,0.0
418,3.0,20.72929189435337,88.94353369763206,18.769467213114755,0.0
419,2.0,20.8129794520548,88.96849315068494,18.849714611872145,0.0
420,1.0,20.93260273972603,88.14600456621005,18.812157534246577,0.0
421,1.0,21.05243150684932,86.06997716894978,18.52014840182649,0.0
422,1.0,21.53483606557377,85.54348816029145,18.851263661202186,0.0
423,2.0,21.001061643835616,89.31541095890411,19.108504566210044,0.0
424,1.0,21.13220319634703,87.40182648401826,18.8673401826484,0.0
425,1.0,21.158230593607307,85.81712328767124,18.5623401826484,0.9591025902508667
426,1.0,21.23761384335155,87.41290983606558,18.958754553734064,1.0242344879545089
427,1.0,20.991906392694062,88.70091324200914,18.979075342465755,1.037506726457399
428,51.0,20.81699771689497,89.07511415525114,18.880045662100457,0.0
429,1.0,26.58415525114156,85.26997716894977,23.852408675799087,1.0385890410958905
430,1.0,26.38668949771689,85.54006849315068,23.71922374429224,1.037508327781479
431,1.0,26.42668488160292,84.23747723132969,23.489993169398907,1.0571447631754505
432,1.0,26.33683789954338,86.0648401826484,23.774771689497715,1.0372568745808182
433,1.0,26.489566210045663,85.58595890410959,23.830388127853883,1.016857720836143
434,1.0,26.427671232876712,86.00913242009132,23.852214611872142,1.0022925170068029
435,51.0,26.40898224043716,86.66165755919855,23.96370673952641,0.9303711201079622
436,1.0,26.36337899543379,85.61118721461187,23.7151598173516,0.8689685197588747
437,1.0,26.697317351598173,84.57328767123288,23.812990867579902,0.8715803631472764
438,1.0,26.351632420091324,87.03082191780823,23.982488584474886,0.8837408149632598
439,1.0,26.393010018214937,87.11589253187614,24.0424408014572,0.8927043189368771
440,1.0,26.57902968036529,86.2810502283105,24.06020547945205,0.907092105263158
441,1.0,26.568150684931503,85.26746575342466,23.844189497716897,0.8977463863337712
442,1.0,26.431312785388126,86.60045662100457,23.97662100456621,0.9019316688567676
443,1.0,26.67624089253188,85.7860883424408,24.056807832422585,0.905
444,1.0,26.59384703196347,85.43173515981735,23.896780821917808,0.9072039473684212
445,1.0,26.64328767123288,85.60296803652967,23.98837899543379,0.90657824933687
446,1.0,26.61126712328767,85.9154109589041,24.01655251141553,0.8904856952761145
447,1.0,26.42208561020037,86.49988615664846,23.95203779599272,0.8856053511705686
448,1.0,26.773013698630137,86.22477168949771,24.239246575342463,0.8655585284280937
449,1.0,26.741940639269405,85.33287671232877,24.025799086757992,0.8537123745819397
450,1.0,26.55603881278539,86.85342465753425,24.153424657534245,0.8415080428954423
451,1.0,26.620821948998177,86.1540300546448,24.07740209471767,0.8220864280891289
452,1.0,26.660559360730595,86.41655251141553,24.16673515981736,1.021817398794143
453,1.0,26.671575342465754,86.20456621004566,24.13325342465753,0.9703296703296704
454,1.0,26.662214611872145,84.90034246575343,23.86461187214612,0.9496280642434488
455,1.0,27.04993169398908,84.82468123861567,24.218306010928963,0.9427820186598812
456,1.0,26.767374429223747,87.01609589041095,24.38925799086758,0.9164442636289666
457,1.0,27.01028538812785,85.30228310502284,24.290365296803653,0.9160438667749796
458,1.0,26.813196347031965,84.67180365296804,23.96660958904109,0.8978878960194963
459,1.0,26.939344262295084,85.23861566484517,24.196948998178502,0.8802998379254456
460,1.0,26.90254566210045,86.37191780821918,24.39599315068493,0.8616855753646677
461,51.0,26.786518264840183,86.44075342465753,24.29407534246576,0.0
462,1.0,26.57634703196347,80.71712328767123,22.8228196347032,1.246923487544484
463,1.0,26.46845890410959,80.52043378995434,22.690034246575344,1.2609327895016846
464,1.0,26.447313296903463,79.99419398907104,22.53401639344262,1.1178400425607378
465,1.0,26.211392694063925,82.3818493150685,22.839303652968034,1.143355776045358
466,1.0,26.385570776255708,81.42956621004566,22.814954337899543,1.1800757575757577
467,1.0,26.31617579908676,82.15399543378996,22.886130136986303,1.1483989455184536
468,51.0,26.12604735883425,83.70617030965391,23.046857923497267,1.1669857397504455
469,1.0,26.18796803652968,82.27351598173516,22.8136301369863,1.1760958660014256
470,1.0,26.75810502283105,80.66050228310502,22.980776255707763,1.1663328581610837
471,1.0,26.00164383561644,84.25513698630137,23.04825342465753,1.1794208838203848
472,1.0,26.036145264116577,84.40903916211293,23.119171220400727,1.2007662152530292
473,1.0,26.313561643835616,83.09041095890412,23.11269406392694,1.131671418389166
474,1.0,26.461084474885844,81.07888127853882,22.811004566210045,1.1566704183080097
475,1.0,26.403710045662105,81.86723744292237,22.92324200913242,1.1659738537324744
476,1.0,26.709437613843352,80.5129781420765,22.940277777777776,1.1499905267146646
477,1.0,26.570799086758,80.75707762557077,22.8328196347032,1.1825109963664182
478,1.0,26.54294520547945,81.53321917808219,23.00442922374429,1.177672496636556
479,1.0,26.43787671232877,82.24703196347032,23.04012557077625,0.6956388349514563
480,1.0,26.122563752276868,83.72244990892531,23.0533014571949,0.6533029126213593
481,1.0,26.49988584474886,82.66986301369863,23.21044520547945,0.5705359223300971
482,1.0,26.66985159817352,81.36312785388128,23.07938356164384,0.5642049162497281
483,1.0,26.18365296803653,84.18219178082192,23.223767123287672,0.537573755015341
484,1.0,26.31056466302368,83.16359289617486,23.131523224043715,0.4941501416430594
485,1.0,26.422614155251143,82.97317351598174,23.19656392694064,0.4808056758056758
486,1.0,26.45203196347032,82.70239726027397,23.16700913242009,0.4684769008662175
487,1.0,26.592077625570777,81.10422374429224,22.953584474885844,0.5522329812206572
488,1.0,27.065698998178508,80.45696721311475,23.25523679417122,0.5401320422535211
489,1.0,26.518276255707764,83.65856164383561,23.43980593607306,0.5985884476534296
490,1.0,26.968687214611872,80.5642694063927,23.209486301369864,0.5782418772563177
491,1.0,26.759440639269407,80.67294520547945,23.01633561643836,0.5711090909090909
492,1.0,26.95630692167577,80.8917349726776,23.23070355191257,0.59208
493,1.0,26.62529680365297,83.29372146118722,23.45947488584475,0.6156109090909091
494,51.0,26.57769406392694,83.07180365296804,23.363230593607305,0.0
495,1.0,26.701244292237444,82.68527397260274,23.36162100456621,0.5076560900716479
496,1.0,26.573116438356163,82.52214611872147,23.20602739726027,0.5023727087576375
497,1.0,26.59839480874317,81.91120218579235,23.069489981785065,0.5280957230142567
498,1.0,26.3748401826484,84.17203196347032,23.377123287671232,0.554938900203666
499,1.0,26.36873287671233,83.97146118721462,23.32735159817352,0.5518080808080807
500,1.0,26.580924657534247,83.43698630136986,23.407020547945205,0.5250285714285714
501,1.0,26.30401867030965,84.99328324225866,23.481102003642988,0.4430714285714285
502,1.0,26.4274200913242,83.52694063926941,23.29644977168949,0.5263720598717035
503,1.0,27.235856164383563,80.44942922374429,23.323070776255708,0.5100997861724875
504,1.0,26.189269406392693,85.3681506849315,23.45659817351598,0.8565928777670837
505,1.0,26.31612021857924,84.98884335154827,23.505122950819672,0.4332917964693665
506,1.0,26.40176940639269,84.77351598173516,23.54156392694064,0.3669113402061855
507,1.0,26.6326598173516,82.85924657534247,23.351198630136988,0.3586219972631197
508,1.0,26.51036529680365,83.91735159817351,23.46452054794521,0.4400070895091751
509,1.0,26.51969489981785,84.32843806921676,23.563592896174864,0.4908801571709233
510,1.0,26.60059360730594,83.47180365296803,23.442922374429223,0.9495198487712664
511,1.0,26.504554794520548,84.14577625570776,23.504235159817352,0.8969957983193277
512,1.0,26.57324200913242,84.22477168949771,23.58989726027397,0.7513966244725738
513,1.0,26.368693078324227,84.50147996357013,23.445412112932605,0.7090847457627119
514,1.0,26.55125570776256,84.64440639269407,23.66583333333333,0.8825472636815921
515,1.0,27.007465753424658,82.50399543378995,23.623584474885845,0.908717277486911
516,1.0,26.35446347031964,85.37123287671233,23.627214611872144,0.9278867924528302
517,1.0,26.4354849726776,84.45560109289617,23.51065573770492,0.9372242744063324
518,1.0,26.50563926940639,84.73344748858447,23.632214611872147,0.9562052631578948
519,1.0,26.494349315068494,84.61575342465754,23.60892694063927,0.961378947368421
520,1.0,26.679874429223744,83.09440639269407,23.45187214611872,0.9676813880126184
521,1.0,27.22002504553734,82.23337887067396,23.76459471766849,0.6770756756756756
522,1.0,26.689520547945207,84.74931506849315,23.82938356164384,0.696379403794038
523,1.0,26.88160958904109,83.57591324200914,23.76599315068493,0.6524433849821215
524,1.0,26.90964611872146,82.37465753424658,23.528812785388126,0.6280068965517241
525,1.0,27.02057149362477,82.43989071038251,23.631648451730417,0.6082333333333333
526,1.0,26.677100456621005,84.39303652968036,23.739463470319635,0.5647809523809524
527,1.0,26.6281392694064,84.43664383561644,23.69721461187215,0.0
528,1.0,22.775947488584475,86.57545662100456,20.25004566210045,0.964722222222222
529,1.0,22.75650684931507,85.61449771689497,20.031324200913243,0.8626050420168068
530,1.0,22.72849499089253,84.89139344262296,19.829086976320585,0.8118320610687022
531,1.0,22.45263698630137,87.93664383561644,20.21686073059361,0.7835416666666667
532,1.0,22.51210045662101,87.35011415525115,20.160285388127853,0.5971527777777778
533,51.0,22.64324200913242,87.450799086758,20.2927397260274,0.73375
534,51.0,22.44611794171221,88.77037795992715,20.39053961748634,1.16375
535,1.0,22.48049086757991,87.40958904109588,20.160913242009133,1.0990277777777775
536,1.0,23.248847031963468,83.49509132420091,19.98060502283105,1.4661111111111111
537,51.0,22.316689497716897,89.26735159817352,20.365342465753425,1.4675694444444445
538,51.0,22.37391848816029,89.24601548269581,20.41989981785064,1.067361111111111
539,2.0,22.50611872146119,88.56815068493151,20.415570776255706,1.206527777777778
540,1.0,22.631221461187213,87.19828767123288,20.25231735159817,1.1993055555555554
541,1.0,22.555399543379,88.35045662100457,20.412979452054795,0.8460416666666667
542,1.0,22.61212431693989,88.24453551912568,20.451810109289617,0.6669565217391304
543,51.0,22.63906392694064,87.88915525114155,20.386929223744293,0.6263333333333333
544,1.0,22.58898401826484,88.13276255707763,20.40961187214612,0.6833333333333333
545,51.0,22.659098173515986,88.26358447488585,20.498242009132422,0.6986754966887417
546,51.0,22.39910063752277,88.90015938069217,20.37152777777778,0.7185430463576159
547,1.0,22.75304794520548,88.1689497716895,20.581381278538814,0.7243377483443708
548,1.0,22.983093607305936,86.91769406392694,20.5314497716895,0.7116393442622951
549,51.0,22.475582191780823,89.55787671232876,20.58344748858448,0.7090322580645162
550,51.0,22.57176684881603,88.36703096539162,20.443738615664845,0.710576923076923
551,51.0,22.65022831050228,88.56027397260274,20.553150684931506,0.56375
552,1.0,22.711381278538813,88.43892694063926,20.59230593607306,0.4134545454545454
553,1.0,22.750399543379,87.39063926940639,20.41618721461187,0.4109090909090909
554,1.0,23.325079690346083,86.0033014571949,20.658765938069216,0.4180952380952381
555,51.0,22.821746575342463,89.0994292237443,20.83707762557077,0.4226415094339623
556,1.0,22.97425799086758,87.44611872146119,20.65285388127854,0.395
557,1.0,22.930616438356164,86.89029680365297,20.47857305936073,0.4033333333333333
558,1.0,23.098178506375227,87.30316484517304,20.72566029143898,0.3995833333333333
559,1.0,22.872865296803653,88.4,20.74407534246576,0.4008196721311475
560,51.0,22.7688698630137,88.61335616438356,20.688550228310504,0.0
561,1.0,24.26252283105023,81.24897260273973,20.57947488584475,0.9709109403254974
562,1.0,24.31410958904109,79.80410958904109,20.341518264840182,0.8721360567768738
563,51.0,24.245525956284155,79.60815118397086,20.194615209471767,0.991062835381686
564,51.0,23.93329908675799,82.75216894977169,20.61522831050228,0.926620130989314
565,1.0,23.8025,83.47819634703197,20.644680365296804,1.0041908531222516
566,51.0,24.007796803652965,83.36312785388128,20.777762557077622,1.114749340369393
567,51.0,23.524658469945354,86.4113160291439,20.992190346083788,0.9699708778255444
568,51.0,23.8625799086758,83.16598173515982,20.654246575342466,1.205699625572043
569,51.0,24.71074200913242,79.03116438356165,20.407614155251142,0.7351209567817343
570,51.0,23.30101598173516,87.69954337899543,21.03025114155251,0.4122528758042503
571,51.0,23.409494535519126,87.29269125683061,21.059357923497267,0.4883192725909261
572,51.0,23.574246575342464,86.51552511415525,21.066529680365296,0.5596344206974129
573,1.0,24.00117579908676,82.86038812785388,20.71704337899543,0.5596962879640045
574,51.0,23.907762557077625,84.16723744292237,20.89415525114155,0.567583427071616
575,51.0,24.05134335154827,83.09585610200364,20.821004098360657,0.7305513361462729
576,51.0,24.139086757990867,82.47305936073059,20.71926940639269,1.0038799812470698
577,1.0,23.919623287671232,83.85353881278539,20.85436073059361,1.0420984528832629
578,51.0,24.025365296803653,83.8681506849315,20.935148401826485,1.0933830285982185
579,51.0,23.55331284153005,86.33208105646631,21.00256147540984,1.116512892639475
580,51.0,23.90565068493151,85.15102739726028,21.115616438356163,1.0895486173059767
581,51.0,24.424828767123287,82.0843607305936,20.95649543378996,1.008331715210356
582,51.0,23.574029680365296,87.15958904109588,21.201598173515983,0.986992718446602
583,51.0,23.63080601092896,86.25751366120218,21.07808515482696,1.010610101010101
584,51.0,23.75133561643836,86.22945205479452,21.18599315068493,1.0686569696969697
585,51.0,23.87907534246576,85.52534246575343,21.16835616438356,0.9758019193857964
586,1.0,24.328892694063928,81.51358447488585,20.74337899543379,0.9230434782608696
587,51.0,24.842156193078324,80.57229052823315,20.9708674863388,0.9011165413533836
588,51.0,23.906746575342467,86.8845890410959,21.47770547945205,0.8177285714285715
589,1.0,24.514052511415525,81.64075342465753,20.977066210045663,0.7120276738967838
590,51.0,24.85065068493151,78.28767123287672,20.54328767123288,0.7484614809274496
591,51.0,25.34511612021858,79.69011839708561,21.319877049180327,0.7333548650302577
592,51.0,24.66220319634704,84.09851598173516,21.669988584474886,0.7817321925714673
593,51.0,24.530433789954337,84.03915525114155,21.52648401826484,0.0
594,1.0,25.81219178082192,83.3730593607306,22.478778538812787,1.425916230366492
595,1.0,25.845970319634706,82.46358447488585,22.321906392694064,1.2264650677789364
596,1.0,26.03304872495446,80.39287340619308,21.9514116575592,1.653072916666667
597,1.0,25.36888127853881,85.75502283105023,22.601438356164383,1.62775
598,1.0,25.30086757990868,85.68538812785388,22.520559360730594,1.6210673575129533
599,1.0,25.513493150684933,85.54977168949772,22.67357305936073,1.5677202072538858
600,51.0,25.01456056466302,88.38342440801458,22.81001821493625,1.7085051546391752
601,1.0,25.310262557077625,85.81301369863014,22.562899543379,1.6220478468899522
602,1.0,26.309954337899544,80.96198630136986,22.26541095890411,1.4275885167464115
603,2.0,24.822134703196348,89.21780821917808,22.78974885844749,1.4447177033492824
604,1.0,24.87905282331512,89.06716757741349,22.81867030965392,1.6034423076923077
605,1.0,25.058538812785383,88.31164383561644,22.841906392694064,1.6952403846153845
606,1.0,25.458470319634703,85.47979452054794,22.63922374429224,1.7282079268708643
607,1.0,25.320536529680364,86.93344748858448,22.812020547945203,1.9286581622211607
608,1.0,25.49171220400729,85.90050091074681,22.773178506375228,1.682387448840382
609,1.0,25.691940639269404,84.35296803652967,22.568892694063926,1.4579305555555555
610,1.0,25.32267123287671,86.89509132420092,22.81672374429224,1.368
611,1.0,25.41132420091324,86.99417808219178,22.91079908675799,1.193886075949367
612,1.0,25.03056693989071,88.43476775956285,22.840573770491805,1.0381637426900585
613,1.0,25.37833333333333,87.46084474885845,22.98488584474886,0.9001831129196338
614,1.0,25.83590182648402,85.51940639269407,23.00656392694064,0.8307312614259599
615,2.0,25.025730593607307,89.22591324200913,22.999155251141552,0.8705959684487292
616,1.0,25.134232695810564,88.3254781420765,22.92386156648452,0.8792491166077738
617,1.0,25.20762557077625,88.4947488584475,23.027773972602738,0.8788593481989708
618,1.0,25.36110730593608,87.75479452054795,23.02829908675799,0.8692592592592593
619,1.0,25.83159817351598,84.30091324200913,22.7378196347032,0.8605387205387206
620,1.0,26.558538251366123,81.75193533697632,22.7635587431694,0.4914175257731958
621,1.0,25.37216894977169,88.97819634703197,23.294988584474886,0.5045103092783505
622,1.0,26.12189497716895,83.52168949771689,22.87660958904109,0.5135148936170213
623,1.0,26.7228196347032,78.56004566210045,22.296130136986303,0.4987196652719665
624,1.0,26.515767304189435,82.26081511839709,22.863080601092896,0.4918242677824267
625,1.0,25.623938356164384,87.93481735159817,23.326792237442923,0.4803580349708576
626,1.0,25.472602739726028,88.25844748858448,23.251552511415525,0.0
627,1.0,26.62738584474885,79.11712328767123,22.49966894977169,1.1334
628,1.0,26.562408675799087,78.69885844748859,22.36472602739726,1.135686274509804
629,1.0,26.895537340619303,76.44264591789951,21.84908925318761,1.1009045226130654
630,1.0,26.3838698630137,80.3115296803653,22.55114155251141,1.1402463054187193
631,1.0,26.44707762557077,80.08116438356164,22.55519406392694,1.1446634615384617
632,1.0,26.365799086757992,80.88287671232877,22.64607305936073,1.1544549763033176
633,51.0,26.03310564663024,83.44512750455374,22.8852572859745,1.1739906103286386
634,1.0,26.27260273972603,80.60353881278539,22.500867579908675,1.2010232558139535
635,1.0,27.17391552511416,76.52534246575343,22.378664383561645,1.2304629629629629
636,1.0,25.89455479452055,84.30342465753425,22.938915525114155,1.1430188679245283
637,1.0,26.07101548269581,83.38296903460838,22.91193078324226,1.246588785046729
638,1.0,26.27192922374429,82.57328767123288,22.95118721461187,1.2577570093457946
639,1.0,26.32122146118721,81.21906392694063,22.706929223744293,1.2750467289719627
640,1.0,26.315570776255708,81.68618721461188,22.78381278538813,1.223587786259542
641,1.0,26.558071493624773,80.63217213114754,22.794433060109288,1.2517110266159694
642,1.0,26.50457762557078,80.35502283105023,22.678744292237443,1.162889733840304
643,1.0,26.482100456621005,80.9615296803653,22.80165525114156,1.2298461538461538
644,1.0,26.48464611872146,81.02808219178083,22.81486301369863,1.368421052631579
645,1.0,26.165482695810564,82.3294626593807,22.78892304189436,1.5719298245614035
646,1.0,26.52582191780822,81.32534246575342,22.9047602739726,0.7
647,1.0,26.66175799086758,80.63230593607305,22.90626712328767,0.5765333333333333
648,1.0,26.03191780821918,84.96666666666667,23.22970319634703,0.3184666666666667
649,1.0,26.44182604735884,81.36987704918033,22.85655737704918,0.2037823834196891
650,1.0,26.310182648401828,83.07340182648402,23.08986301369864,0.1617098445595855
651,1.0,26.1277397260274,83.83675799086758,23.06985159817352,0.1782901554404145
652,1.0,26.458356164383563,81.39372146118721,22.863710045662103,0.2034455958549222
653,1.0,27.12447632058288,78.85086520947176,22.9248747723133,0.2167560975609756
654,1.0,26.382636986301367,84.09486301369863,23.390399543379,0.2048780487804878
655,1.0,26.79414383561644,80.71198630136986,23.048013698630136,0.1959024390243902
656,1.0,27.0051598173516,77.86552511415525,22.61030821917808,0.2204390243902439
657,1.0,27.01349043715847,79.62260928961749,23.007251821493625,0.3060240963855422
658,1.0,26.61986301369863,82.7041095890411,23.323812785388128,0.232758064516129
659,51.0,26.45947488584475,83.77853881278538,23.39896118721461,0.0
660,1.0,26.013641552511416,84.92283105022831,23.07574200913242,1.0530437284234753
661,1.0,26.02230593607306,84.14554794520548,22.928493150684933,0.882692548528491
662,1.0,26.23398224043716,81.99533242258651,22.62781193078324,0.8217908578584847
663,1.0,25.83267123287672,85.74737442922374,23.06551369863013,1.0668816530995615
664,1.0,25.992214611872143,84.36506849315069,22.9227397260274,0.902433438305182
665,1.0,25.719737442922373,87.09623287671234,23.25102739726028,0.8830231892356142
666,51.0,25.72552367941712,86.92087887067396,23.215653460837885,0.7705460693958228
667,1.0,25.885810502283107,84.76769406392694,22.91148401826484,0.8855733333333332
668,1.0,26.247248858447488,85.05388127853881,23.310981735159817,0.4714399999999999
669,1.0,25.546221461187216,87.74817351598173,23.20711187214612,0.46732
670,1.0,25.67885928961749,87.55840163934427,23.298599726775954,0.2638689655172413
671,1.0,25.966449771689497,86.18036529680366,23.295924657534247,0.2577103448275862
672,1.0,25.919623287671232,85.41415525114155,23.103527397260272,0.2555466666666666
673,1.0,25.851792237442925,86.10331050228311,23.179714611872143,0.227290909090909
674,1.0,26.25311930783242,84.00056921675774,23.129485428051,0.2197878787878787
675,1.0,26.016084474885844,85.3406392694064,23.17184931506849,0.24458
676,1.0,26.02437214611872,85.80936073059361,23.29172374429224,0.2350533333333333
677,1.0,25.99849315068493,85.96130136986301,23.28219178082192,0.2424054982817869
678,1.0,25.71326275045537,87.39571948998179,23.304280510018213,0.2504536082474227
679,1.0,26.192214611872146,84.82146118721461,23.23103881278539,0.2396288659793814
680,1.0,26.07545662100457,86.88618721461187,23.556529680365298,0.2089194769442532
681,1.0,25.852305936073066,86.95502283105023,23.353721461187217,0.16237439779766
682,1.0,26.02391848816029,85.84562841530055,23.2985883424408,0.156151724137931
683,1.0,26.023618721461187,86.57351598173516,23.448070776255708,0.0429586206896551
684,1.0,26.014520547945207,85.90262557077625,23.297214611872143,0.0250675675675675
685,1.0,26.155433789954337,84.64817351598174,23.179680365296804,0.0264599999999999
686,1.0,26.5481102003643,84.74510473588343,23.56470856102004,0.0205666666666666
687,1.0,26.08204337899544,87.34041095890412,23.66180365296804,0.06284
688,1.0,26.58388127853881,83.51015981735159,23.31936073059361,0.0611733333333333
689,1.0,26.60332191780822,82.1,23.026586757990867,0.0655065789473684
690,1.0,26.29940801457195,85.99146174863388,23.58534836065574,0.0682035928143712
691,1.0,26.22013698630137,86.30205479452054,23.56918949771689,0.0677425149700598
692,51.0,26.03345890410959,87.3689497716895,23.608002283105023,0.0
693,1.0,26.043139269406392,84.63801369863013,23.22560502283105,0.0
694,1.0,26.138470319634703,82.92739726027398,22.96939497716895,0.0
695,1.0,26.28509790528233,81.42201730418944,22.80825364298725,0.0
696,1.0,26.23697488584475,82.6384703196347,23.00785388127854,0.0
697,51.0,26.291438356164385,82.59908675799086,23.04883561643836,0.0
698,51.0,26.28812785388128,82.7667808219178,23.08920091324201,0.0
699,51.0,26.22480646630237,83.39412568306011,23.14492258652095,0.0
700,1.0,26.257933789954336,81.70856164383562,22.83415525114156,0.0
701,51.0,26.746461187214614,81.60684931506849,23.29689497716895,0.0
702,51.0,26.336860730593607,83.03002283105023,23.185445205479454,0.0
703,51.0,26.426035974499086,83.08572404371584,23.28310564663024,0.0
704,51.0,26.47837899543379,82.9958904109589,23.31647260273973,0.0
705,51.0,26.37537671232877,82.1898401826484,23.04688356164384,0.0
706,51.0,26.277089041095888,82.84520547945205,23.08646118721461,0.0
707,1.0,26.431944444444447,82.68123861566484,23.20873178506375,0.0
708,51.0,26.42501141552512,82.19577625570776,23.10293378995434,0.0
709,51.0,26.43359589041096,83.21278538812786,23.319394977168947,0.0
710,51.0,26.521221461187213,82.47888127853881,23.25181506849315,0.0
711,51.0,26.33991347905282,83.30396174863388,23.245719489981784,0.0
712,1.0,26.527420091324203,82.81187214611872,23.330296803652967,0.0
713,51.0,26.723972602739725,81.96438356164384,23.347716894977168,0.0
714,51.0,26.34824200913242,83.57511415525114,23.307648401826484,0.0
715,51.0,26.528620218579235,82.65220856102003,23.29077868852459,0.0
716,51.0,26.542773972602745,82.88013698630137,23.3574200913242,0.0
717,1.0,26.42109589041096,82.59006849315068,23.171906392694066,0.0
718,51.0,26.43915525114156,82.34623287671234,23.145799086758,0.0
719,1.0,26.809050546448088,82.47404371584699,23.53658925318761,0.0
720,51.0,26.620068493150683,83.4912100456621,23.56029680365297,0.0
721,51.0,26.760148401826484,82.41084474885845,23.46906392694064,0.000531914893617
722,1.0,26.82922374429224,80.13447488584475,23.059748858447488,0.0005851063829787
723,51.0,26.74953324225865,82.3615664845173,23.45851548269581,0.0005851063829787
724,51.0,26.79267123287671,82.45182648401827,23.5088698630137,0.0006382978723404
725,51.0,26.62422374429224,83.22385844748858,23.508299086758,0.0
726,1.0,25.29469178082192,85.25821917808219,22.54915525114156,0.884375
727,1.0,25.255388127853884,84.61084474885845,22.38582191780822,0.7833333333333333
728,1.0,25.43033925318761,82.36668943533698,22.078995901639345,0.6920000000000001
729,1.0,25.29063926940639,84.83550228310503,22.47052511415525,0.573076923076923
730,1.0,25.21801369863013,85.35639269406393,22.50365296803653,0.6124999999999999
731,51.0,25.22565068493151,85.95376712328768,22.638424657534248,0.5341666666666667
732,51.0,25.227982695810564,85.98690801457195,22.6390368852459,0.5341666666666667
733,1.0,25.23470319634703,84.40616438356165,22.32372146118721,0.2565
734,1.0,25.81586757990868,83.46666666666667,22.701541095890413,0.246
735,51.0,25.242956621004566,86.22009132420091,22.702180365296805,0.283
736,1.0,25.36729280510018,85.91427595628416,22.76188524590164,0.5
737,1.0,25.420616438356166,85.68915525114156,22.773732876712327,0.80625
738,51.0,25.27965753424657,85.21221461187214,22.53449771689498,0.585625
739,51.0,25.17851598173516,86.23961187214611,22.643447488584474,0.366875
740,1.0,25.3625,85.53847905282332,22.68386839708561,0.55
741,1.0,25.36437214611872,85.18641552511416,22.61640410958904,0.54
742,1.0,25.438995433789955,85.37511415525114,22.729349315068493,0.575
743,51.0,25.47676940639269,85.40799086757991,22.77126712328767,1.1
744,1.0,25.304656193078326,86.20799180327869,22.768146630236792,1.105
745,1.0,25.52912100456621,85.1453196347032,22.76144977168949,1.025
746,51.0,25.652477168949773,85.24497716894977,22.91650684931507,0.8800000000000001
747,51.0,25.30867579908676,86.63504566210045,22.854052511415524,0.8857142857142858
748,1.0,25.493772768670308,85.2330373406193,22.74995446265938,0.55
749,1.0,25.52277397260274,85.65262557077625,22.86396118721461,0.385
750,51.0,25.28095890410959,86.26495433789954,22.748002283105023,0.255
751,51.0,25.427545662100457,85.17020547945205,22.67890410958904,0.158
752,1.0,25.855179872495444,84.79713114754098,23.01458333333333,0.13
753,51.0,25.525319634703195,86.91244292237442,23.12832191780822,0.12
754,1.0,25.76722602739726,84.78082191780823,22.92132420091324,0.108
755,1.0,25.79110730593608,82.77488584474885,22.53114155251141,0.0829999999999999
756,51.0,25.509915755919856,85.5721766848816,22.824533242258653,0.09
757,51.0,25.44295662100457,86.33584474885845,22.902705479452056,0.055
758,51.0,25.28139269406393,87.10525114155251,22.910399543379,0.0
759,1.0,26.41357305936073,85.05011415525114,23.57576484018265,1.2159074733096085
760,1.0,26.35035388127854,84.95011415525114,23.50103881278539,1.216844729344729
761,1.0,26.37755009107468,83.88410746812386,23.291336520947176,1.2168091168091169
762,1.0,26.2301598173516,86.00388127853881,23.596301369863014,1.2238776978417267
763,1.0,26.39942922374429,84.92568493150685,23.53456621004566,1.2369424460431655
764,1.0,26.24769406392694,86.17305936073059,23.65640410958904,1.2643815741748277
765,51.0,26.25125227686703,86.39583333333333,23.70332422586521,1.2146173376858904
766,1.0,26.30640410958904,84.89041095890411,23.43551369863014,1.202962962962963
767,1.0,26.636004566210044,85.07853881278538,23.809098173515984,1.1849481481481483
768,1.0,26.203264840182648,86.51130136986302,23.679577625570776,1.1849851851851851
769,1.0,26.26719034608379,86.72893897996357,23.786543715847,1.1937433962264152
770,1.0,26.41538812785388,86.07888127853882,23.801084474885844,1.1937735849056603
771,1.0,26.387899543379,85.26666666666667,23.60445205479452,1.201645283018868
772,1.0,26.382522831050228,85.50399543378995,23.649760273972603,1.2080377358490566
773,1.0,26.70138888888889,83.94979508196721,23.63582650273224,1.2090566037735848
774,1.0,26.498504566210045,84.74783105022831,23.601438356164383,1.049811320754717
775,1.0,26.4980593607306,85.57442922374429,23.78211187214612,0.8791489361702127
776,1.0,26.509326484018267,85.5079908675799,23.77514840182648,0.949047619047619
777,1.0,26.2726320582878,86.4315801457195,23.73802367941712,0.9557142857142856
778,1.0,26.57884703196348,85.58036529680365,23.85172374429224,0.9240761904761904
779,1.0,26.60837899543379,85.7898401826484,23.93787671232877,0.8109999999999999
780,1.0,26.371312785388128,86.60125570776256,23.86813926940639,0.7806714285714286
781,1.0,26.48624772313297,85.92247267759562,23.84370446265938,0.6058333333333333
782,1.0,26.54920091324201,85.9417808219178,23.907317351598174,0.5660416666666667
783,1.0,26.51376712328767,85.3898401826484,23.75973744292237,0.537625
784,1.0,26.6278196347032,84.1857305936073,23.6206392694064,0.6337875
785,1.0,26.923451730418943,84.85746812386157,24.046892076502733,0.6975918367346938
786,1.0,26.64409817351598,86.29326484018264,24.073744292237443,0.5719591836734693
787,1.0,26.89,84.55433789954338,23.94469178082192,0.607869387755102
788,1.0,26.89090182648402,83.09988584474885,23.63689497716895,0.6458408163265306
789,1.0,26.736634790528235,85.61566484517304,24.025056921675773,0.5628163265306123
790,1.0,26.69900684931507,86.00639269406393,24.06360730593608,0.5394693877551021
791,51.0,26.50857305936073,86.88253424657535,24.05632420091324,0.0
792,1.0,26.2727397260274,83.27146118721461,23.13324200913242,0.4309332349686463
793,1.0,26.36986301369863,81.42956621004566,22.850890410958904,0.4608787346221441
794,1.0,26.19310109289617,82.2959927140255,22.85933515482696,0.4394994712724709
795,1.0,26.20571917808219,82.16837899543378,22.849817351598173,0.4202802730865972
796,1.0,26.187077625570776,82.73436073059361,22.947328767123288,0.4172224218469278
797,1.0,26.10466894977169,83.362899543379,22.99243150684932,0.4058297413793103
798,51.0,25.848508652094715,85.08640710382514,23.10985883424408,0.3802262931034482
799,1.0,26.110034246575346,82.62134703196347,22.85851598173516,0.5180482611781405
800,1.0,26.48704337899544,82.54075342465754,23.18892694063927,0.4984634492547906
801,51.0,25.8071803652968,85.44018264840183,23.144246575342468,0.4597097288676236
802,51.0,25.94216757741348,85.21596083788707,23.232969034608377,0.6483109735122119
803,1.0,26.010490867579907,85.39977168949771,23.336381278538813,0.6303027175782594
804,1.0,26.41731735159817,82.02922374429224,23.033481735159818,0.6184004127966977
805,1.0,26.305593607305937,82.44760273972602,23.001198630136987,0.7437117303061574
806,1.0,26.229394353369763,83.72017304189436,23.1959927140255,0.6140729274165806
807,1.0,26.39754566210045,82.59155251141553,23.12341324200913,0.5990918472652219
808,1.0,26.272705479452053,84.64988584474885,23.445810502283106,0.6081699346405229
809,1.0,26.32398401826484,84.12808219178082,23.38704337899544,0.6132920536635706
810,51.0,26.122324681238617,84.5860655737705,23.288592896174865,0.5970072239422085
811,1.0,26.4051598173516,84.2986301369863,23.505102739726027,0.5917612659098728
812,1.0,26.741735159817352,82.2351598173516,23.393230593607303,0.5761953904368765
813,1.0,26.21025114155251,85.03869863013699,23.46698630136986,0.565703474372205
814,1.0,26.264207650273224,84.79633424408014,23.469558287795994,0.5485586515307878
815,1.0,26.35670091324201,84.64509132420092,23.52552511415525,0.5329480564155487
816,1.0,26.395616438356164,83.49292237442923,23.3215296803653,0.521499828001376
817,1.0,26.66117579908676,81.69748858447488,23.199520547945205,0.5211558307533539
818,1.0,26.88021402550091,82.59722222222223,23.595935792349728,0.5056759545923633
819,1.0,26.45702054794521,84.70091324200914,23.6350799086758,0.5070863433092535
820,1.0,26.61480593607306,83.70593607305936,23.58582191780821,0.5470278637770898
821,1.0,26.93744292237443,80.09543378995434,23.123242009132422,0.5311317509459924
822,1.0,26.923690801457195,81.22700364298726,23.345264116575592,0.5428448572411421
823,1.0,26.58542237442922,83.73915525114155,23.56678082191781,0.4918472652218782
824,51.0,26.50183789954338,83.89372146118721,23.516997716894977,0.0
825,1.0,21.517888127853883,88.01541095890411,19.295296803652967,0.138187163155316
826,3.0,21.343801369863016,88.72842465753425,19.270091324200912,0.1515449438202247
827,1.0,21.39689207650273,87.73576958105646,19.1077868852459,0.1430397727272727
828,3.0,21.276278538812782,89.51563926940639,19.35930365296804,0.1453352649006622
829,3.0,21.23817351598173,89.39646118721461,19.29896118721461,0.1466652771988328
830,3.0,21.418904109589043,89.925,19.57775114155251,0.1470755517826825
831,51.0,21.22755009107468,90.54496812386157,19.521174863387976,0.1304728260869565
832,3.0,21.23109589041096,89.412100456621,19.30152968036529,0.1579631525076765
833,1.0,22.15392694063927,86.30239726027398,19.503607305936075,0.1401794871794872
834,3.0,21.1511301369863,90.95981735159818,19.52505707762557,0.1282606490872211
835,51.0,21.250159380692168,90.53802367941712,19.54427367941712,0.1061511156186612
836,3.0,21.285262557077623,90.33230593607306,19.539520547945205,0.0940669371196754
837,3.0,21.32811643835616,89.37374429223745,19.38437214611872,0.1099594320486815
838,3.0,21.305730593607308,90.14212328767124,19.516004566210047,0.1259787018255578
839,51.0,21.32588797814208,90.08253642987248,19.52731102003643,0.1211307725507121
840,3.0,21.3851598173516,89.66666666666667,19.495696347031963,0.1253819594302977
841,51.0,21.33376712328767,90.15901826484018,19.55099315068493,0.1283987915407855
842,3.0,21.40833333333333,90.04885844748858,19.599326484018267,0.1200409836065573
843,51.0,21.24124544626594,90.52777777777776,19.52636612021858,0.1156874999999999
844,51.0,21.38106164383562,90.11472602739724,19.598253424657536,0.1234166666666666
845,1.0,21.79858447488585,89.35616438356165,19.83640410958904,0.1189375
846,3.0,21.261130136986303,91.3615296803653,19.71664383561644,0.1208
847,51.0,21.329895264116573,90.5332422586521,19.626161202185795,0.12145
848,3.0,21.44962328767124,90.59360730593608,19.75166666666667,0.1250833333333333
849,3.0,21.32928082191781,90.52100456621004,19.61656392694064,0.1257916666666666
850,3.0,21.51199771689497,89.31518264840183,19.556792237442924,0.1173698113207547
851,1.0,22.031238615664844,88.69148451730419,19.92882513661202,0.1189622641509434
852,51.0,21.58196347031964,91.26963470319636,20.01912100456621,0.1182415094339622
853,1.0,21.634851598173515,89.50239726027397,19.724840182648403,0.1224905660377358
854,1.0,21.678173515981733,88.49429223744292,19.55426940639269,0.1228943396226415
855,51.0,21.98375455373406,89.40004553734062,20.029963570127507,0.122954716981132
856,51.0,21.710787671232875,90.73618721461187,20.04254566210046,0.1228857035081101
857,51.0,21.585764840182648,91.05205479452054,19.977168949771688,0.0
858,1.0,27.29461187214612,79.65730593607306,23.22,0.7517694256756757
859,1.0,27.29880136986301,78.43458904109589,22.9823401826484,0.72240450845335
860,1.0,27.362579690346085,77.23132969034609,22.68441484517304,0.6206032849020846
861,1.0,27.004817351598174,80.25936073059361,23.09583333333333,0.7160517503805175
862,1.0,26.769634703196346,81.7560502283105,23.21207762557077,0.7178272810497407
863,1.0,26.98301369863014,80.88561643835617,23.191826484018264,0.9664469650521154
864,1.0,26.54117714025501,83.25922131147541,23.314959016393445,0.9816554261189454
865,1.0,27.05939497716895,79.39372146118721,22.98038812785388,1.0010821581851626
866,1.0,28.011746575342464,76.44264591789951,22.53740867579909,0.9696467153284672
867,1.0,26.15560502283105,85.25901826484018,23.364109589041096,0.9462861313868614
868,1.0,26.30190118397085,84.71960382513662,23.40062613843352,0.978712408759124
869,1.0,26.55730593607306,83.66769406392694,23.43469178082192,0.8738793322971822
870,1.0,27.10876712328767,80.26095890410959,23.22390410958904,0.8727464788732395
871,1.0,26.98283105022831,81.32397260273973,23.329714611872145,0.8132496350364964
872,1.0,27.15917577413479,80.25250455373406,23.26758879781421,0.8080991253644315
873,1.0,27.218002283105022,79.35616438356165,23.0731392694064,0.9178321678321678
874,1.0,26.963938356164384,81.0142694063927,23.2599200913242,0.9152389277389276
875,1.0,27.041757990867577,80.84303652968036,23.28001141552512,0.8403846153846153
876,1.0,26.59710837887068,82.85530510018215,23.297586520947178,0.8407634032634033
877,1.0,27.032408675799086,81.58390410958904,23.455251141552512,0.8412467229828139
878,1.0,27.572454337899543,78.09166666666667,23.173093607305933,0.8410514052715887
879,1.0,26.58093607305936,83.84714611872145,23.504760273972604,0.8398835516739447
880,1.0,26.620195810564663,83.25808287795992,23.42091302367941,0.8444687045123727
881,1.0,26.71519406392694,83.34691780821917,23.52788812785388,0.8456360989810772
882,1.0,26.968070776255708,82.0033105022831,23.483835616438355,0.8455778748180495
883,1.0,27.38986301369863,79.0615296803653,23.221130136986304,0.870014556040757
884,1.0,28.093556466302367,76.55441712204008,23.22110655737705,0.8651749271137027
885,1.0,26.906689497716897,83.3980593607306,23.736472602739727,0.7946194225721784
886,1.0,27.63373287671233,78.93344748858448,23.458242009132423,0.8161475648877224
887,1.0,28.02374429223744,76.44264591789951,22.9700799086758,0.8947146185206756
888,1.0,27.904610655737702,76.44264591789951,23.019137067395263,0.9280926033779848
889,1.0,27.1449200913242,81.15639269406392,23.473321917808217,0.946039603960396
890,1.0,27.145114155251143,80.54977168949772,23.335148401826483,0.0
891,1.0,26.70070776255708,82.95662100456622,23.54493150684932,2.31127331862763
892,1.0,26.60536529680365,82.81746575342466,23.421107305936072,2.31127331862763
893,1.0,26.5923383424408,82.22916666666667,23.291359289617485,2.31127331862763
894,1.0,26.561449771689496,82.45342465753424,23.30600456621005,2.31127331862763
895,1.0,26.61493150684932,82.49851598173515,23.36827625570776,2.31127331862763
896,1.0,26.588196347031964,82.88162100456621,23.41898401826484,2.1892603550295857
897,1.0,26.43233151183971,83.4375,23.376423041894352,2.189240631163708
898,1.0,26.67912100456621,81.76929223744293,23.281015981735163,2.187958579881657
899,1.0,26.83165525114155,83.00502283105023,23.67624429223744,2.184457593688363
900,1.0,26.40021689497717,83.44440639269406,23.3479794520548,2.1818737672583826
901,1.0,26.47594489981785,83.41621129326047,23.41589253187614,2.31127331862763
902,1.0,26.60816210045662,83.04280821917808,23.47087899543379,2.31127331862763
903,1.0,26.8175,81.62009132420091,23.3851598173516,2.31127331862763
904,1.0,26.629178082191785,82.75936073059361,23.43312785388128,2.31127331862763
905,1.0,26.69844034608379,82.66097449908925,23.48405054644809,2.31127331862763
906,1.0,26.69898401826484,82.29874429223744,23.408732876712328,2.31127331862763
907,1.0,26.77054794520548,82.41381278538813,23.50634703196347,2.31127331862763
908,1.0,26.707876712328765,82.59760273972603,23.47875570776256,2.31127331862763
909,1.0,26.481637067395265,83.26559653916212,23.39224726775956,2.31127331862763
910,1.0,26.82986301369863,82.89828767123288,23.66197488584475,2.31127331862763
911,1.0,26.876084474885843,83.0412100456621,23.732146118721463,2.31127331862763
912,1.0,26.541050228310503,83.52465753424657,23.506655251141552,2.31127331862763
913,1.0,26.594558287795994,83.56124772313296,23.564731329690343,2.31127331862763
914,1.0,26.71307077625571,83.23938356164383,23.61478310502283,2.31127331862763
915,1.0,26.72133561643836,82.63116438356164,23.501164383561644,2.31127331862763
916,1.0,26.83239726027397,82.10525114155251,23.499634703196342,2.31127331862763
917,1.0,27.023383424408014,83.24305555555556,23.917509107468124,2.31127331862763
918,1.0,26.789383561643834,83.36735159817351,23.71691780821918,2.31127331862763
919,1.0,26.95385844748858,82.63424657534246,23.729931506849315,2.31127331862763
920,1.0,27.04700913242009,81.56986301369864,23.600502283105023,2.31127331862763
921,1.0,27.07264344262295,81.78312841530055,23.66683743169399,2.31127331862763
922,1.0,26.92219178082192,82.54098173515982,23.67942922374429,2.31127331862763
923,1.0,26.81464611872146,82.66050228310502,23.597762557077623,0.0
924,1.0,24.764075342465752,82.67203196347032,21.603401826484017,0.0
925,1.0,24.70176940639269,82.2587899543379,21.45851598173516,0.0
926,1.0,24.60597677595628,82.22222222222223,21.35865209471767,0.0
927,1.0,24.61408675799087,82.29486301369863,21.37985159817352,0.0
928,1.0,24.68738584474886,82.22157534246575,21.438550228310504,0.0
929,1.0,24.683070776255708,82.30764840182648,21.44958904109589,0.0
930,51.0,24.57815346083789,82.87112932604735,21.45445127504553,0.0
931,1.0,24.782853881278538,81.36837899543379,21.35562785388128,0.0
932,1.0,24.894908675799087,82.70456621004566,21.731906392694064,0.0
933,1.0,24.619600456621004,82.35034246575343,21.391084474885844,0.0
934,1.0,24.63723816029144,82.51115664845173,21.442566029143897,0.0
935,1.0,24.79939497716895,82.04543378995434,21.508778538812784,0.0
936,1.0,24.88084474885845,81.58755707762558,21.49849315068493,0.0
937,1.0,24.71691780821918,82.32203196347032,21.48536529680365,0.0
938,1.0,24.76037112932605,82.41598360655738,21.54702868852459,0.0
939,1.0,24.796860730593608,81.94942922374429,21.48840182648402,0.0
940,1.0,24.86062785388128,81.86221461187215,21.535958904109588,0.0
941,1.0,24.782648401826485,82.35342465753425,21.555844748858448,0.0
942,1.0,24.65242486338797,82.28722677595628,21.415220856102003,0.0
943,1.0,24.997671232876712,82.04840182648402,21.705,0.0
944,1.0,24.998401826484017,82.18447488584475,21.731084474885844,0.0
945,1.0,24.759086757990868,82.36678082191781,21.53810502283105,0.0
946,1.0,24.774237249544623,82.4738160291439,21.57280282331512,0.0
947,1.0,24.92125570776256,82.16883561643836,21.65196347031964,0.0
948,1.0,24.90891552511416,81.7453196347032,21.55607305936073,0.0
949,1.0,24.980890410958907,81.34805936073059,21.54494292237443,0.0
950,1.0,25.185006830601093,82.26195355191257,21.93178506375228,0.0
951,1.0,25.01020547945205,82.17579908675799,21.74013698630137,0.0
952,1.0,25.10178082191781,81.95970319634704,21.78763698630137,0.0
953,1.0,25.174360730593605,81.3074200913242,21.70808219178082,0.0
954,1.0,25.27229052823315,80.92178961748634,21.740744535519127,0.0
955,1.0,25.110696347031965,81.58767123287672,21.71759132420092,0.0
956,51.0,25.00656392694064,81.81198630136986,21.663824200913243,0.0
